tenure_months,monthly_bill,support_calls,satisfaction_score,churned
32,155.76,5,9.4,1
39,111.19,0,5.5,0
37,116.38,3,8.2,0
25,139.13,0,2.0,0
68,198.74,2,2.2,0
27,39.24,0,1.7,0
47,81.94,9,9.5,0
27,161.3,6,8.9,1
32,95.25,9,5.2,1
71,132.17,7,6.9,0
14,76.29,3,4.3,0
45,168.58,1,6.3,0
31,131.72,2,9.1,0
48,72.85,8,3.8,0
54,191.89,2,4.6,1
24,33.74,9,5.0,1
48,180.44,7,9.9,0
49,110.8,5,6.5,0
33,191.87,2,4.1,1
9,40.66,9,9.4,0
44,132.56,1,7.4,0
4,123.46,8,7.5,1
63,33.28,9,5.4,0
61,110.16,3,9.7,0
61,194.1,7,3.5,1
1,145.53,3,8.1,0
69,31.76,1,6.7,0
70,116.03,7,8.7,1
42,154.6,6,3.5,1
59,180.28,9,7.2,1
55,110.35,1,3.6,1
56,172.65,4,3.2,0
11,51.94,6,2.3,1
4,139.12,8,6.6,1
19,100.28,4,6.1,0
15,185.31,3,3.5,1
39,79.57,2,4.5,0
61,70.1,6,8.1,0
54,140.59,2,5.7,1
31,177.86,1,9.0,0
39,74.62,1,9.3,0
45,134.61,0,7.9,0
55,158.12,6,6.8,1
9,57.91,2,8.4,0
56,134.91,5,8.3,1
14,103.15,8,1.3,0
41,166.41,4,4.7,0
36,167.66,4,9.7,0
61,121.41,9,2.1,1
54,56.08,2,8.1,0
13,72.02,3,1.0,0
39,51.48,2,3.5,0
4,137.01,5,7.3,0
8,165.34,7,8.7,1
34,175.3,6,3.2,0
62,157.73,8,5.5,1
16,147.59,5,2.0,1
10,166.51,0,2.9,1
68,185.63,6,2.6,1
32,47.94,6,7.4,0
9,138.4,4,3.4,0
42,152.68,8,8.2,1
24,50.1,1,4.8,0
23,145.43,3,2.3,1
31,174.82,4,9.1,0
30,119.39,6,4.3,0
58,52.4,0,7.7,0
63,175.64,5,8.6,1
19,128.06,4,7.6,0
33,116.83,3,2.8,1
48,93.6,3,4.5,0
39,34.81,7,5.5,1
41,181.75,3,2.6,0
69,107.48,6,8.6,0
17,143.15,7,7.2,1
20,34.9,5,5.4,0
54,189.82,4,8.7,0
64,164.42,6,3.5,1
30,194.37,5,7.9,1
26,115.16,2,7.7,0
56,154.84,1,9.2,0
23,143.95,8,3.3,0
34,138.08,6,2.6,1
63,130.35,1,5.6,0
28,111.92,1,8.6,0
5,47.72,0,2.0,0
37,168.15,1,6.0,0
62,51.63,1,6.9,0
59,32.78,2,1.7,0
59,181.55,8,7.9,1
55,137.13,0,4.1,0
64,87.9,7,4.3,0
22,167.85,6,2.7,1
5,159.01,4,2.3,0
51,141.08,3,2.2,1
17,178.96,8,6.5,1
50,174.78,1,9.0,0
56,86.89,0,3.9,0
35,143.34,5,8.2,1
32,151.2,1,6.9,0
39,117.56,8,3.1,1
1,179.39,8,9.3,1
64,146.75,9,4.4,1
50,112.53,9,5.9,0
2,128.54,2,4.4,1
57,196.42,0,6.8,0
62,157.93,6,9.1,0
70,88.43,6,6.5,0
35,79.46,1,3.3,0
11,120.37,6,8.9,1
27,168.99,6,2.1,1
18,65.1,7,1.5,1
67,43.98,4,5.0,0
60,134.72,2,1.2,0
33,133.49,3,9.4,0
7,113.55,3,7.7,0
13,181.12,3,5.5,0
20,148.85,0,1.3,0
52,79.11,9,2.5,0
33,89.45,6,7.3,0
15,63.17,0,2.3,0
30,37.5,7,6.2,0
10,115.14,9,7.3,1
39,45.37,4,5.4,0
18,72.33,4,1.8,0
62,199.67,1,9.9,0
38,143.54,2,8.2,0
45,162.27,4,8.1,0
70,106.03,6,4.3,0
47,44.23,1,4.8,0
23,64.16,0,5.0,0
43,39.51,6,8.0,0
6,173.91,8,2.8,1
15,127.94,2,5.4,1
22,75.58,9,2.0,0
32,104.13,3,3.5,0
44,97.08,0,4.4,1
71,175.59,3,9.8,0
13,40.14,0,2.0,0
65,154.87,3,2.1,0
11,63.68,9,9.7,0
55,62.04,8,6.2,0
66,51.5,3,4.2,0
38,119.96,4,7.8,1
35,147.37,1,7.8,0
62,121.26,5,2.4,1
7,162.85,4,7.3,0
45,123.07,4,3.9,0
64,71.14,4,5.0,1
29,47.52,8,5.0,0
20,162.4,8,3.7,1
38,106.62,0,7.8,0
5,178.88,8,4.5,1
15,195.77,1,4.4,0
31,105.67,8,8.1,0
41,190.34,8,4.9,1
45,56.25,6,7.3,0
23,50.36,9,4.6,0
14,40.41,1,3.3,0
56,120.53,9,8.8,1
4,199.15,2,8.3,0
59,134.77,9,4.9,1
10,99.72,3,7.8,0
71,196.38,3,1.2,1
30,115.51,3,5.1,1
60,159.12,0,1.0,0
16,183.73,0,1.8,0
5,54.3,7,9.2,0
41,85.79,2,5.4,0
52,143.61,2,7.1,0
28,125.22,5,5.3,1
58,32.7,3,2.0,0
22,84.47,2,5.4,0
62,164.41,6,3.1,1
7,90.49,7,4.7,0
35,74.04,9,5.1,0
57,44.94,6,6.2,0
34,116.24,2,5.3,1
51,186.63,6,4.1,1
38,95.04,6,3.1,0
27,189.31,3,6.3,0
12,79.69,0,4.0,0
59,85.33,6,7.3,0
68,150.44,6,9.1,1
31,145.73,2,1.9,0
71,63.18,5,7.0,1
3,99.52,7,6.8,0
19,36.05,0,6.4,0
42,165.03,9,6.6,1
68,184.9,3,7.1,0
39,184.63,4,2.4,0
15,59.22,8,6.8,0
21,102.25,5,5.7,0
7,38.69,7,2.2,0
58,192.05,3,7.3,0
52,107.07,0,2.8,0
69,84.58,8,1.9,1
58,44.48,0,1.6,0
3,198.87,1,8.8,1
15,77.19,4,3.8,1
49,96.24,1,7.3,0
68,165.06,9,8.9,1
49,75.95,2,8.2,0
29,159.53,8,2.8,1
52,41.11,2,3.7,1
14,38.48,3,9.2,0
58,149.23,7,10.0,1
22,170.1,7,2.5,1
50,146.8,7,2.4,0
9,105.39,9,3.1,1
52,38.35,6,5.7,0
55,94.25,0,2.3,1
64,185.94,6,4.1,0
21,46.32,9,6.1,0
56,124.05,9,2.4,1
50,78.29,1,7.3,0
45,142.26,5,6.5,1
33,30.85,7,4.2,0
36,151.11,2,9.0,0
9,62.15,1,6.9,0
27,168.79,8,6.7,1
42,122.53,3,2.8,0
18,65.94,7,9.7,0
69,98.0,9,7.3,0
34,115.84,5,2.1,0
14,156.6,6,4.4,1
69,178.56,9,2.7,1
69,81.03,9,9.6,0
33,38.02,0,9.8,0
9,157.99,6,4.5,1
11,174.37,3,4.8,1
41,155.1,7,9.1,0
16,69.04,7,3.4,0
13,53.81,1,4.4,0
65,61.82,1,2.5,0
71,152.07,2,8.9,1
65,125.21,7,8.7,0
40,139.79,3,4.2,0
8,193.34,7,2.4,1
62,78.73,2,5.6,1
31,102.66,2,1.2,0
51,50.01,8,5.5,0
33,101.37,9,8.0,1
32,49.21,1,6.3,0
57,129.62,6,2.5,1
19,81.63,8,6.8,0
30,96.02,4,7.0,0
62,140.84,5,1.7,1
19,197.78,0,2.0,0
63,102.6,8,1.1,1
59,76.07,1,8.3,0
56,72.73,9,8.0,0
19,189.82,2,3.5,1
58,197.86,7,3.8,1
4,162.24,6,5.4,1
3,36.3,1,1.1,0
9,167.19,4,5.4,0
16,191.32,0,5.6,0
44,198.25,6,5.1,1
40,136.37,4,8.6,0
30,123.7,9,4.4,1
6,64.32,3,2.9,1
24,158.46,2,1.3,1
42,99.46,3,2.5,0
66,93.94,2,7.7,0
68,117.1,8,5.4,1
17,182.32,7,8.8,1
26,78.4,8,2.7,1
23,60.09,2,8.1,0
50,146.99,7,6.2,1
18,192.85,6,4.2,1
15,155.1,3,8.7,1
60,177.37,1,9.4,1
57,159.05,9,5.5,1
53,70.61,7,3.1,1
64,198.76,6,5.6,1
54,108.05,4,3.2,1
58,48.17,0,3.8,0
24,122.65,5,6.5,1
32,33.46,9,4.5,0
20,46.71,6,3.2,0
25,99.13,7,7.4,1
21,107.09,7,5.8,0
6,199.13,4,3.0,0
11,144.31,8,6.2,1
61,102.09,3,2.9,0
65,109.19,9,6.8,0
65,57.82,1,1.1,0
36,170.1,3,4.8,0
40,83.41,4,2.7,0
23,193.82,6,5.4,1
55,139.66,2,4.8,0
28,166.43,1,7.8,0
17,94.54,7,2.8,0
13,51.65,2,3.0,0
54,83.13,3,6.1,0
38,68.67,5,4.7,0
18,176.66,4,1.2,1
27,115.03,8,6.9,0
52,97.56,9,7.8,0
13,98.93,8,4.4,0
1,170.33,3,7.9,0
14,114.3,3,4.0,1
28,109.14,7,7.0,0
19,159.53,8,2.1,1
17,168.52,6,3.5,1
30,52.7,1,3.8,0
3,46.97,7,5.4,0
28,154.52,5,6.9,0
19,92.92,2,3.5,0
6,80.17,5,2.0,0
66,131.09,7,8.1,0
66,131.35,2,6.1,0
22,106.61,0,9.1,0
7,44.32,3,4.5,0
9,183.89,2,1.7,1
13,80.61,6,5.7,0
48,69.32,2,4.8,0
53,160.24,6,2.3,1
55,66.17,9,5.0,0
56,120.7,0,5.7,0
25,147.44,6,8.9,1
21,148.61,9,5.4,1
66,49.62,7,2.3,1
62,141.56,5,7.6,1
50,179.53,1,2.5,0
31,66.99,8,2.4,1
39,168.66,5,8.2,1
15,189.64,6,8.2,1
64,78.77,8,9.6,0
23,134.37,6,2.1,1
58,188.44,9,3.8,1
26,118.46,5,2.0,1
43,139.65,5,6.9,1
14,199.69,5,5.8,1
18,50.89,7,7.7,0
58,35.62,1,6.0,0
38,48.07,1,3.9,0
58,53.22,5,1.3,0
45,118.35,9,6.4,0
62,97.45,0,7.1,0
64,62.13,9,5.3,0
45,50.3,7,5.6,0
67,55.3,7,9.6,0
39,179.24,9,5.7,1
5,35.55,0,4.6,0
18,55.84,1,10.0,0
38,188.58,9,9.5,1
8,168.78,0,5.4,0
67,196.45,9,8.0,0
6,48.69,7,1.5,0
31,68.53,8,4.3,0
46,62.13,9,1.7,1
54,143.43,4,8.1,0
9,49.38,7,2.3,1
17,46.16,7,6.4,0
32,66.23,7,4.5,0
62,160.48,3,5.4,0
33,41.95,5,9.5,0
13,115.94,2,3.0,0
12,174.83,1,8.0,0
19,44.35,7,8.9,0
28,102.95,9,7.6,0
18,163.5,8,8.8,1
57,111.7,5,9.8,0
11,58.25,8,5.2,1
50,75.77,4,5.6,0
48,177.41,1,4.3,0
31,109.57,8,1.1,0
60,38.17,0,5.6,0
20,111.76,9,9.6,1
12,78.34,2,3.5,1
23,41.13,7,9.2,0
15,164.64,2,8.0,0
1,156.26,0,3.3,0
29,67.66,3,3.3,0
2,181.22,1,1.0,1
22,60.07,0,5.5,0
70,191.41,7,3.3,0
46,189.42,6,9.1,1
55,62.72,3,2.9,0
9,81.05,5,5.1,0
71,93.42,5,9.7,0
42,139.84,0,5.7,0
12,145.32,4,1.8,0
36,51.48,8,8.1,0
69,133.46,6,9.8,1
9,188.53,9,5.5,1
32,119.31,8,3.9,1
32,81.44,3,1.1,1
59,194.97,3,8.3,0
27,36.31,4,6.0,0
67,190.86,2,3.1,0
5,36.8,2,7.7,0
61,52.45,6,7.7,0
24,165.94,7,4.7,1
38,67.73,0,1.1,0
46,148.6,0,3.7,1
52,100.07,8,7.1,0
63,112.46,2,6.8,1
38,65.23,5,8.4,1
68,74.84,0,3.9,1
45,175.34,2,4.5,0
53,190.31,3,8.2,0
66,33.76,8,9.9,0
29,127.92,9,8.1,1
64,136.45,5,5.3,1
11,65.17,6,1.5,0
42,199.68,5,6.3,1
49,131.46,5,8.8,1
9,89.59,2,4.5,0
41,57.52,4,5.0,0
58,33.01,5,5.5,0
62,139.2,4,2.4,0
33,70.08,7,2.3,0
19,30.19,6,7.1,0
9,46.24,4,8.8,0
47,64.64,4,3.0,0
39,191.22,4,1.8,1
7,36.33,1,1.8,0
31,109.83,4,1.3,1
22,117.91,7,1.7,1
5,123.46,4,7.1,1
31,131.76,1,4.5,0
28,94.58,5,1.5,0
58,150.0,6,5.9,1
47,112.92,8,2.9,0
25,108.09,4,7.2,0
52,59.35,7,1.2,0
44,98.35,3,6.1,0
39,90.58,6,9.3,0
71,85.65,9,2.0,0
1,135.43,6,2.3,1
68,126.21,2,5.4,0
62,74.28,0,5.3,0
34,102.78,3,6.7,0
2,108.24,2,8.4,0
15,99.54,2,1.4,0
64,112.03,1,6.7,1
44,36.41,4,7.5,0
57,94.89,1,2.5,0
57,123.19,5,7.5,1
6,68.23,7,9.3,0
43,91.35,0,2.0,0
58,70.03,9,4.5,0
54,155.86,3,9.3,0
70,113.32,9,2.8,1
16,101.59,8,3.6,1
47,162.07,7,2.9,1
21,67.62,5,6.2,0
36,53.88,9,1.5,1
12,150.69,1,2.2,1
12,115.63,7,8.1,1
5,137.16,7,5.0,1
70,69.36,7,7.6,0
33,158.68,0,8.3,0
40,67.48,3,1.0,0
55,64.74,8,8.4,0
8,141.75,2,1.7,0
27,98.08,7,7.1,0
14,128.91,0,8.3,0
68,106.41,7,2.8,1
6,124.02,2,1.4,0
25,184.51,5,3.6,1
1,79.96,7,2.6,1
28,182.16,9,8.0,1
42,188.53,4,2.2,0
61,161.43,0,2.4,0
8,48.57,5,7.5,0
47,44.55,3,9.0,0
44,51.26,1,7.1,0
38,177.71,3,1.3,1
45,92.05,6,7.6,0
17,183.62,5,7.3,0
1,104.15,7,4.8,1
7,39.14,2,7.8,0
4,131.51,7,1.3,1
12,58.68,4,2.2,1
71,69.0,0,10.0,0
12,46.56,7,8.1,1
17,163.6,2,1.0,0
30,39.39,1,9.8,0
22,198.09,7,8.5,1
24,80.87,1,3.5,0
30,100.93,6,3.3,0
39,155.28,7,5.4,0
38,83.57,9,3.7,0
19,108.16,2,5.4,1
68,196.58,7,1.2,1
49,96.09,8,8.6,0
38,83.08,6,1.7,0
68,120.47,9,2.4,1
28,90.99,0,2.3,0
59,72.64,7,1.3,0
14,31.3,4,8.5,0
41,111.72,5,7.6,0
31,187.0,6,5.6,1
19,174.98,7,5.5,1
41,53.83,3,1.4,1
57,120.05,8,1.8,1
64,117.17,1,4.0,0
60,103.68,0,7.9,0
33,72.39,0,3.7,1
7,164.98,1,3.2,1
7,102.77,2,2.5,1
61,199.1,5,9.8,1
70,40.99,7,1.5,1
66,47.31,5,5.7,0
21,72.23,4,2.7,0
15,175.94,7,6.4,1
10,105.54,8,4.4,1
14,44.96,7,4.9,1
42,33.79,2,5.3,0
52,44.65,7,1.6,0
61,91.98,5,8.4,0
35,185.9,2,7.8,0
57,132.87,4,6.5,1
6,168.84,1,2.8,1
35,182.56,1,1.8,1
44,142.75,7,2.9,1
56,190.86,5,1.2,0
59,98.99,6,2.2,1
39,40.13,3,7.7,0
52,100.25,0,7.4,0
45,193.93,2,2.2,1
4,82.88,5,8.4,1
29,120.8,9,5.7,1
4,160.58,8,4.7,1
56,123.79,9,3.2,1
37,105.8,6,3.4,1
21,176.76,4,5.5,1
47,152.82,1,2.5,0
67,60.5,0,5.0,0
66,91.22,0,2.1,0
60,165.74,6,5.9,1
51,150.05,2,2.2,0
8,44.63,6,2.9,0
49,85.45,1,9.7,0
56,165.59,3,5.0,0
63,163.47,0,3.7,0
43,140.34,3,9.0,0
29,62.03,8,8.1,0
29,184.06,6,7.2,1
13,122.41,5,4.2,1
61,87.29,9,9.6,0
9,84.69,8,9.5,0
34,94.38,7,1.0,1
26,32.0,8,7.6,0
30,168.59,1,5.9,0
62,139.94,1,6.3,0
58,155.04,2,2.0,0
39,79.8,2,6.0,0
41,81.17,8,8.8,1
4,62.49,9,2.2,1
50,136.16,3,9.0,0
65,99.37,6,2.1,0
34,92.11,6,3.0,1
59,53.21,6,6.1,0
31,32.02,0,9.1,0
4,80.74,9,5.4,1
58,143.85,4,3.4,0
56,158.89,1,9.4,0
51,173.71,6,7.4,1
13,116.37,6,7.7,0
53,116.81,3,9.6,0
4,195.92,0,6.8,0
60,124.97,8,7.4,1
29,62.04,0,3.5,0
38,191.26,6,2.7,1
51,95.54,4,2.7,0
27,115.66,2,7.9,0
20,68.1,6,6.9,0
22,181.85,8,9.3,1
31,61.55,1,4.1,0
56,173.82,0,2.6,1
60,195.14,1,5.4,0
22,131.33,7,1.8,1
9,160.99,1,8.4,0
36,59.15,8,8.6,0
46,181.55,4,4.8,1
62,38.36,7,6.6,0
23,52.52,0,2.4,0
46,86.99,9,1.3,1
5,101.13,7,7.3,1
54,195.5,8,6.0,1
55,179.99,8,4.6,1
62,178.15,3,6.2,0
48,168.35,4,8.2,0
34,102.35,9,5.2,1
33,136.43,3,2.3,1
8,175.67,9,1.5,1
34,91.48,2,6.6,0
14,119.67,1,7.0,0
28,197.21,7,3.0,1
53,99.57,8,7.9,0
49,123.75,5,1.6,1
24,57.28,6,7.7,0
1,61.25,8,2.3,1
14,173.61,7,6.9,1
8,69.99,4,7.8,0
42,167.14,0,3.9,0
7,147.08,0,8.4,1
7,60.51,0,1.4,0
8,68.8,7,2.5,0
17,162.33,2,7.7,0
40,134.6,6,7.5,0
34,123.64,0,6.3,0
30,93.47,8,5.6,1
69,31.0,9,1.6,0
47,88.02,5,9.7,0
59,60.03,9,10.0,0
38,86.9,2,3.8,0
22,136.94,7,1.5,1
56,42.63,9,7.2,0
58,37.08,4,5.5,0
50,178.33,4,9.6,0
49,129.98,0,3.1,1
3,135.88,0,6.4,1
26,156.42,6,5.1,1
7,46.59,9,7.0,1
32,147.68,6,9.2,0
48,116.25,7,2.7,0
35,61.05,0,2.6,0
61,65.16,4,1.9,0
45,39.9,5,8.4,0
59,32.36,1,6.9,0
66,122.44,7,3.8,0
7,78.29,7,9.4,0
13,176.86,3,6.6,1
43,30.9,3,7.9,1
65,173.19,8,3.6,1
11,149.89,0,1.2,1
50,124.43,0,9.8,0
22,104.05,6,9.8,1
57,47.76,6,5.6,0
61,134.78,0,6.9,0
20,74.86,1,3.8,0
45,122.4,7,6.5,0
17,100.57,8,9.9,0
60,115.02,0,2.7,0
12,47.67,6,4.4,0
43,109.13,5,5.3,0
8,107.94,1,4.0,0
65,55.19,9,4.6,0
46,113.5,1,3.7,1
20,86.11,4,1.7,0
28,153.96,1,1.7,1
35,158.45,6,8.2,1
10,144.79,8,2.5,1
67,70.63,6,1.6,0
26,52.16,9,1.6,1
55,44.34,0,6.8,0
48,139.69,5,1.7,1
4,150.89,5,4.8,1
39,33.85,9,2.7,0
15,188.01,3,4.5,1
64,30.64,9,4.9,0
27,71.46,3,8.8,0
68,157.38,4,3.1,0
46,36.65,4,3.8,1
50,133.84,4,1.4,1
21,87.21,5,1.9,1
63,65.45,9,7.3,0
60,150.63,4,9.5,0
57,153.33,2,9.4,0
58,74.57,5,1.6,0
35,59.13,8,2.0,0
30,58.55,8,7.5,0
39,167.73,7,2.2,1
18,105.44,9,8.5,0
3,118.65,2,1.3,1
17,152.07,4,1.4,1
45,136.44,3,3.4,1
17,37.44,2,1.7,0
21,56.3,6,8.3,1
36,158.1,5,2.5,1
53,33.6,0,2.5,0
39,161.03,1,4.4,0
43,85.17,7,9.3,0
64,49.06,8,1.6,0
57,198.28,6,3.6,1
36,192.02,6,9.9,1
65,131.82,6,2.0,1
40,80.66,6,6.3,0
30,54.81,5,2.8,0
17,80.53,8,9.9,0
64,193.42,0,6.8,0
70,72.86,0,9.7,0
9,74.86,0,8.7,0
34,145.56,9,7.5,1
4,73.81,9,8.9,1
11,172.1,0,5.1,0
70,129.12,5,2.1,1
21,144.96,3,1.5,1
64,76.8,6,5.8,0
52,54.24,8,6.5,0
23,173.1,9,4.8,1
20,190.84,1,8.2,0
52,88.12,8,3.0,0
71,107.88,3,9.1,0
31,39.22,5,8.2,0
40,193.25,6,2.4,1
27,109.92,4,1.4,0
57,143.68,5,3.7,1
50,160.29,2,3.6,0
43,111.73,0,8.8,0
71,35.97,9,2.7,0
49,37.17,3,5.2,0
62,58.1,7,1.2,0
29,149.2,9,2.5,1
58,134.56,2,9.6,0
58,68.41,2,1.7,0
22,96.79,2,4.6,1
58,122.85,5,2.1,1
48,146.07,9,3.9,1
58,37.8,1,3.6,0
65,109.27,2,5.9,0
45,157.99,9,7.6,1
64,185.71,5,6.0,1
57,77.79,5,7.4,0
42,34.81,0,6.7,0
57,46.23,2,6.3,0
6,133.22,5,6.1,1
17,155.75,8,8.9,1
5,111.96,4,2.2,1
4,138.13,2,6.3,1
55,73.54,1,3.5,0
66,104.95,2,2.9,0
39,60.3,7,8.3,0
28,165.19,3,9.5,1
44,52.34,7,5.8,0
6,109.29,5,2.0,0
46,121.28,2,2.8,0
62,156.46,5,1.5,1
27,126.15,3,1.3,0
60,190.24,4,7.2,0
38,55.88,6,7.1,1
44,88.12,3,2.8,0
22,90.5,7,4.2,1
8,89.1,2,2.4,1
9,156.85,1,8.1,0
62,168.48,7,6.8,1
39,146.71,3,9.4,0
35,187.57,9,4.1,1
38,36.62,5,1.4,0
7,127.17,7,5.2,1
69,60.94,3,4.0,1
13,174.53,8,4.5,1
41,72.52,3,8.4,0
11,99.94,3,10.0,0
28,118.71,8,8.2,1
62,38.0,9,6.6,0
23,121.63,3,4.0,0
64,132.18,2,8.8,1
48,58.33,1,8.6,0
67,110.71,7,1.2,1
19,199.47,3,3.5,0
23,181.87,5,7.7,1
30,108.64,3,1.8,0
42,130.99,3,8.8,0
44,88.06,1,4.4,0
44,81.16,0,10.0,0
54,172.45,9,7.9,1
26,181.15,0,4.1,1
46,96.16,3,6.4,1
2,150.69,4,3.5,0
15,129.24,4,1.6,0
5,186.5,7,6.8,1
9,149.77,2,7.9,0
6,161.03,1,6.7,0
21,47.7,0,8.2,0
33,161.59,0,6.4,0
12,76.66,1,6.6,1
30,90.7,0,4.1,1
10,171.6,9,4.2,0
2,138.85,3,6.3,0
52,161.32,3,2.0,1
5,106.51,4,7.1,0
51,38.09,9,3.1,1
28,48.57,1,8.4,0
6,59.84,9,9.7,0
46,99.08,5,3.4,0
64,77.07,2,6.0,0
36,89.42,9,7.8,1
54,53.13,0,9.9,0
54,46.57,7,5.1,0
13,114.31,5,7.8,0
40,46.36,2,6.8,0
7,82.47,2,2.4,1
7,101.01,7,8.6,0
19,132.46,2,7.7,1
8,113.96,8,4.1,1
52,64.35,0,3.1,0
26,82.73,7,3.0,1
39,166.03,7,3.7,1
43,93.98,0,9.6,0
65,48.95,8,2.4,0
62,65.58,9,9.5,0
38,71.22,6,6.6,0
63,166.18,7,3.1,1
25,153.25,1,9.6,0
69,59.97,2,1.8,0
46,76.61,1,2.7,1
62,68.33,2,7.0,0
43,187.67,1,8.4,0
29,185.19,6,9.4,1
5,80.37,3,3.1,0
40,61.15,4,1.9,0
67,80.37,6,9.7,0
5,139.12,2,5.5,0
39,89.17,2,1.4,0
67,122.88,0,3.4,0
9,196.15,7,5.5,1
42,127.55,5,5.4,1
36,199.03,0,4.7,0
4,114.55,2,3.6,0
39,136.05,7,7.5,1
63,86.52,3,2.7,0
53,147.02,8,5.8,1
51,177.85,5,7.2,1
49,172.56,0,2.1,1
70,55.82,1,3.2,0
18,168.18,6,3.5,0
7,88.03,7,8.7,0
13,47.74,5,3.5,0
31,137.51,4,9.4,0
37,170.72,2,4.4,1
8,193.0,9,7.4,1
49,63.8,3,4.1,0
67,101.92,9,2.9,0
16,178.4,2,4.9,0
11,33.97,1,8.0,0
36,153.09,2,5.3,1
51,154.06,0,3.2,0
9,153.13,8,3.0,1
49,188.09,6,8.1,1
12,90.45,2,3.5,0
43,72.45,2,5.2,0
54,164.63,2,4.1,0
34,126.87,1,7.4,0
64,54.65,8,4.5,0
31,98.32,7,4.4,0
47,85.21,3,4.5,0
57,46.92,1,5.1,0
68,98.24,0,9.6,0
43,37.12,0,3.9,0
28,155.35,5,7.2,1
25,169.11,3,7.7,1
12,32.14,7,4.5,0
52,50.27,6,7.5,0
11,49.42,4,6.5,0
48,176.58,3,2.6,0
71,113.87,7,4.3,0
32,177.78,3,4.6,1
13,125.52,0,3.3,1
50,71.24,9,7.4,0
64,53.62,6,6.9,0
12,101.49,0,6.1,1
12,191.41,8,5.3,1
31,129.96,3,7.0,0
42,93.67,1,5.4,0
56,191.49,4,9.8,0
65,65.83,5,3.9,0
56,194.39,9,9.1,1
50,106.48,9,9.5,0
54,111.55,8,9.5,0
54,108.88,7,8.4,0
71,174.17,4,9.9,0
42,163.06,0,3.3,0
28,142.24,7,4.8,1
14,84.05,3,10.0,0
65,58.57,8,5.8,1
29,79.75,3,2.0,0
56,75.87,3,5.1,1
14,74.99,8,5.7,1
55,147.39,0,4.4,1
9,51.76,5,4.2,0
23,126.91,3,2.8,1
57,43.42,9,4.0,1
7,88.29,2,5.3,0
20,129.98,1,4.5,0
55,175.76,4,7.2,0
13,32.32,6,5.5,0
5,182.15,4,3.6,1
15,194.91,6,7.6,1
47,64.43,5,8.1,0
27,188.17,8,5.8,1
2,102.52,4,3.2,0
71,102.95,3,2.9,0
14,44.41,1,3.9,0
37,157.47,8,5.6,1
32,34.4,9,2.7,1
30,159.12,0,8.4,0
60,70.05,0,3.1,0
44,37.02,0,2.2,0
22,172.0,9,9.6,1
12,41.64,9,6.8,0
66,148.25,8,1.8,1
18,71.33,6,8.8,0
67,165.55,7,3.7,1
56,144.33,1,9.1,0
54,130.19,0,8.8,0
71,66.59,8,5.3,0
25,172.9,5,2.0,1
43,178.45,0,8.8,0
33,65.75,4,4.8,0
17,119.69,2,8.5,0
69,144.44,2,7.5,0
63,179.04,5,5.8,0
41,161.1,2,8.1,0
25,140.2,2,3.9,0
43,156.11,7,7.5,0
1,144.62,5,3.0,1
41,151.3,1,1.1,0
16,157.83,3,3.3,1
12,80.41,0,3.6,0
71,140.19,4,8.3,0
71,37.99,0,7.6,0
6,177.71,1,3.7,0
43,74.26,9,8.4,0
7,96.84,1,2.5,0
49,109.37,8,6.9,0
3,149.07,1,6.6,0
58,149.06,0,5.1,0
35,65.27,0,1.9,0
36,57.16,1,9.2,0
30,173.64,3,2.2,1
18,105.04,1,6.2,0
5,157.29,8,4.7,1
67,57.41,1,5.3,0
70,183.07,0,9.8,0
13,76.67,4,9.3,0
16,173.39,0,4.9,1
27,199.1,0,2.6,0
9,50.19,9,8.4,0
50,63.44,0,5.1,0
41,116.04,7,3.3,0
32,80.43,9,5.7,0
42,77.86,9,6.5,0
43,155.17,2,3.3,0
43,87.37,3,9.6,0
16,120.9,7,2.3,1
26,168.78,8,4.0,1
61,184.09,7,4.6,0
20,67.16,6,8.9,0
62,50.48,2,1.2,0
5,120.99,8,9.8,1
32,166.54,9,6.7,1
13,96.28,7,9.6,0
66,71.29,9,5.5,0
13,165.99,4,6.9,0
62,77.87,9,7.5,0
21,90.56,3,6.9,0
46,199.32,5,3.5,1
21,103.02,1,2.1,0
17,101.21,6,5.0,1
36,137.72,8,7.1,1
3,70.9,8,4.7,0
11,140.14,0,3.8,1
67,40.76,1,7.4,0
17,99.38,8,5.3,0
66,151.97,4,3.3,1
8,162.0,4,1.6,1
44,137.47,8,4.2,1
40,62.8,4,5.3,0
39,188.99,5,2.3,1
51,108.91,7,1.5,0
53,127.68,1,6.8,1
41,175.84,9,4.5,1
29,61.86,9,5.4,1
1,168.86,8,9.3,1
23,154.96,8,4.1,1
70,31.95,2,7.8,0
25,67.56,8,4.4,1
14,146.02,3,5.1,0
25,58.71,7,3.1,0
41,148.35,1,3.5,0
39,193.81,5,2.2,1
49,74.75,0,5.5,0
1,102.62,1,5.8,0
6,149.85,9,1.9,1
16,173.15,4,1.5,0
19,32.53,0,7.1,0
40,174.52,5,8.8,1
51,34.93,1,5.3,0
63,138.46,8,2.3,1
26,167.23,7,8.6,1
38,44.75,7,4.7,0
44,109.1,5,9.8,0
20,64.68,8,6.6,0
1,120.93,3,1.0,1
67,136.21,5,9.7,1
48,123.93,7,5.4,1
61,95.06,6,6.8,0
10,195.67,5,1.2,1
20,143.26,1,8.5,0
43,46.96,8,10.0,0
71,152.5,8,4.3,0
58,63.08,8,3.3,0
50,198.05,4,7.8,0
59,30.74,7,3.7,1
19,115.26,6,5.9,1
51,90.32,0,8.2,0
44,186.01,3,3.4,0
36,78.8,1,7.8,1
24,50.49,4,7.8,1
17,65.66,9,10.0,0
66,138.32,6,6.4,0
13,172.04,5,9.3,1
44,173.19,1,8.0,0
33,138.76,4,1.0,0
4,176.5,1,2.3,1
52,45.67,3,4.4,0
37,160.8,7,4.9,1
25,103.59,7,6.0,0
39,70.56,7,7.1,0
62,176.94,0,5.3,0
59,178.14,8,8.5,1
49,89.37,9,3.3,0
67,121.64,7,7.2,1
49,66.33,5,7.2,0
49,187.33,5,6.7,1
46,32.1,4,5.4,0
42,72.97,7,6.8,0
15,170.98,9,7.7,1
38,90.82,2,8.5,0
45,135.4,3,7.0,0
13,61.57,7,8.3,0
46,191.64,2,4.1,0
53,172.12,5,7.5,1
32,171.83,4,7.2,1
36,73.43,0,6.1,0
20,176.78,2,7.8,1
29,166.87,9,3.5,1
39,137.98,2,7.6,1
54,179.3,8,4.2,1
59,89.92,5,7.5,0
26,62.44,6,7.1,1
20,111.04,9,8.6,0
50,170.77,1,5.1,0
37,147.47,6,2.6,1
24,154.53,3,7.2,1
61,182.78,6,3.4,1
14,171.82,5,6.9,1
64,158.02,4,5.1,1
40,65.3,8,1.1,1
24,56.19,9,9.4,0
66,194.74,7,6.4,0
14,37.1,5,2.6,0
14,180.38,5,6.8,1
55,119.75,1,3.4,0
11,103.27,8,6.9,1
48,71.9,0,9.3,0
23,107.99,4,2.2,0
30,166.77,5,4.5,1
62,48.84,9,7.1,1
19,90.3,1,2.4,0
33,88.4,1,5.1,0
29,85.26,4,8.0,0
27,118.81,1,4.6,0
61,172.38,0,5.2,0
27,171.24,8,1.6,1
22,39.8,2,6.0,0
24,165.94,3,8.9,1
16,153.53,0,9.1,0
39,45.12,9,5.3,0
50,136.89,3,1.3,1
29,39.2,3,1.4,1
53,143.81,1,8.5,0
11,44.35,8,1.7,1
56,138.34,2,5.7,1
53,160.27,8,1.1,1
30,70.76,2,9.2,0
11,185.58,4,2.1,1
2,76.59,9,7.2,1
39,119.4,8,4.3,1
64,66.07,8,9.8,0
35,61.85,3,2.0,1
56,187.46,1,5.5,0
2,49.57,3,2.4,0
21,91.57,0,3.1,1
18,119.05,7,9.8,0
23,57.91,6,8.0,0
57,143.01,9,4.6,1
33,169.46,8,2.2,1
60,47.96,5,1.4,0
55,67.56,0,9.9,0
62,130.95,6,7.7,1
13,170.53,8,9.2,1
10,72.11,4,7.1,0
12,182.46,2,8.7,0
53,39.41,7,1.4,0
21,53.99,4,7.0,1
25,115.24,0,4.1,1
51,133.79,6,2.9,0
17,153.47,5,6.0,1
60,88.76,3,4.2,0
14,54.57,1,1.3,0
31,89.9,6,1.8,0
63,131.18,6,8.1,0
57,129.38,4,9.9,0
70,123.93,1,6.3,0
27,182.28,9,1.6,1
40,129.1,1,7.3,0
62,100.19,6,1.9,0
67,80.55,8,8.6,0
29,183.31,5,5.9,1
10,183.46,3,8.7,1
7,159.58,2,9.0,0
1,129.29,3,7.0,1
25,66.17,9,1.2,0
33,174.11,9,9.8,1
18,78.99,1,5.0,1
64,144.04,1,6.1,0
36,112.35,1,7.7,0
37,52.07,4,4.3,1
15,141.65,6,7.5,1
19,138.87,3,2.0,1
8,177.26,7,3.0,1
66,30.75,0,5.1,0
22,153.58,3,6.2,0
46,192.95,4,5.6,0
24,107.83,9,9.4,0
25,178.85,2,6.6,0
62,191.83,9,8.7,1
42,55.29,5,8.3,0
2,106.75,2,5.1,1
47,34.26,7,9.4,0
54,138.76,5,3.8,1
6,53.42,0,7.8,0
61,134.6,8,3.1,1
40,44.53,5,1.9,0
17,49.93,0,5.6,1
43,195.9,8,8.4,1
9,170.38,3,7.5,0
6,106.73,6,9.4,0
68,41.15,6,8.6,0
13,171.56,8,2.3,1
41,33.61,2,4.8,0
3,42.76,5,9.9,1
30,32.72,6,3.1,1
16,182.74,7,5.9,1
5,121.0,7,4.2,1
3,119.8,9,5.6,0
70,102.85,4,2.9,0
42,116.77,9,3.7,0
2,105.87,5,6.1,0
58,185.21,0,2.3,0
27,118.78,2,5.2,0
8,174.63,1,1.7,1
43,45.49,6,3.2,0
63,61.58,1,2.5,0
21,142.42,5,1.9,1
18,174.6,1,1.9,1
14,82.83,4,2.4,0
1,183.07,9,1.3,1
3,37.64,9,5.7,0
30,176.67,3,1.8,1
11,151.72,2,3.3,1
22,114.94,1,5.7,0
69,54.96,6,7.6,0
26,185.52,0,8.5,0
53,70.95,4,3.3,0
23,35.96,7,7.7,0
8,122.72,4,5.4,0
56,75.95,2,8.1,1
19,55.0,2,7.6,0
27,188.25,6,3.3,1
5,53.39,1,2.8,0
60,116.1,6,3.8,0
27,166.51,6,8.0,1
48,155.77,7,9.0,1
53,82.06,2,3.2,0
49,116.53,0,3.3,1
48,132.39,1,8.4,0
55,160.05,1,3.6,0
56,139.3,9,6.1,1
13,131.35,7,9.8,1
17,99.18,3,7.5,1
66,75.97,9,4.5,1
71,102.22,8,2.5,0
41,92.45,1,9.2,0
32,166.56,5,2.1,1
2,41.28,4,5.3,0
31,85.62,7,5.3,0
15,74.12,4,8.2,0
49,43.84,6,7.2,0
65,172.31,5,5.0,1
41,138.74,4,7.1,0
46,30.77,8,2.1,0
16,79.72,4,9.0,0
1,69.09,2,4.4,1
58,115.03,4,7.8,0
8,193.69,1,3.5,1
69,198.15,1,7.1,0
69,127.63,2,3.7,0
58,140.81,5,5.3,0
16,189.02,9,8.9,1
36,171.91,1,1.7,1
32,43.72,1,1.2,0
66,148.21,9,5.7,1
40,89.7,2,2.2,0
60,65.14,0,7.8,0
1,93.26,9,5.7,1
22,173.65,2,3.4,1
30,44.45,0,9.4,0
13,168.45,9,6.1,1
41,86.49,8,5.8,1
54,180.8,1,6.0,1
3,63.99,8,9.9,0
32,125.66,0,8.8,0
35,122.55,9,5.7,1
9,91.84,4,8.9,0
56,176.2,4,7.8,0
33,185.77,1,9.2,1
47,58.79,4,7.4,0
60,101.05,1,1.4,0
15,183.0,9,3.2,1
17,112.58,3,3.6,0
32,105.03,9,6.2,0
8,74.48,1,9.1,0
14,177.51,6,8.3,1
66,182.86,4,5.6,0
29,44.46,1,7.0,0
47,75.7,9,3.3,1
25,102.18,3,9.1,0
63,113.29,8,2.8,0
31,60.1,8,5.4,0
12,86.5,4,4.1,0
52,85.07,0,5.7,0
2,31.75,3,1.8,0
14,189.13,4,4.8,0
60,150.78,7,8.8,1
67,80.81,1,7.6,0
7,44.13,2,2.4,0
55,194.79,9,9.4,1
63,161.96,0,7.6,0
68,42.16,9,1.0,1
20,149.91,9,5.4,1
26,56.42,8,1.8,1
51,71.54,3,7.0,1
45,183.74,4,2.3,0
56,174.54,7,4.3,1
48,150.64,0,6.4,0
3,38.04,1,3.0,0
69,81.93,5,9.7,0
23,128.4,3,4.8,0
50,166.39,0,5.5,0
54,66.81,4,2.2,0
37,165.08,7,10.0,1
48,35.03,4,9.4,1
11,179.64,0,5.8,1
30,58.11,2,1.3,1
56,187.02,2,3.7,0
10,87.72,6,7.8,0
66,128.41,0,5.1,0
9,75.81,0,5.1,0
46,69.29,6,5.4,1
30,69.68,0,7.7,0
38,99.73,3,4.6,0
56,33.62,9,4.2,0
2,153.4,0,1.3,1
14,79.97,3,5.3,0
71,131.2,4,5.6,0
67,35.14,9,9.7,0
60,112.13,9,4.4,0
31,139.46,1,9.3,0
45,51.18,5,4.7,0
52,173.43,1,6.4,0
36,148.32,1,6.8,0
35,132.08,4,7.7,0
51,162.68,6,4.3,1
8,54.58,9,4.4,1
61,177.48,6,3.5,0
45,60.22,9,3.4,0
25,118.64,1,7.2,1
67,83.86,0,2.8,0
11,53.56,8,2.6,1
21,175.39,4,8.2,0
26,98.11,3,2.4,1
60,140.32,4,2.1,0
10,126.98,6,3.3,1
26,48.05,7,3.8,1
33,45.89,6,8.9,0
65,68.81,3,3.4,0
54,86.2,6,6.8,0
36,141.78,8,3.8,1
28,66.5,6,6.9,0
49,153.53,7,2.8,1
34,40.02,2,5.1,1
33,96.36,7,5.4,0
13,154.91,1,5.8,1
4,199.03,2,7.7,1
69,186.7,7,1.8,1
4,150.11,6,9.5,1
14,179.36,3,6.7,0
17,78.48,5,4.8,0
64,178.13,9,2.8,1
14,56.98,6,6.4,0
19,172.02,0,5.5,0
37,132.68,5,3.2,1
64,94.43,2,7.3,0
27,137.06,3,1.9,1
12,92.36,0,2.7,0
38,181.26,4,8.2,1
44,119.98,5,9.6,0
5,34.2,3,5.8,1
42,189.03,8,8.7,1
14,138.87,6,9.6,1
12,61.22,4,7.3,0
17,141.0,7,7.9,1
43,112.46,1,7.9,0
69,111.89,1,9.4,0
38,74.05,6,7.1,1
34,199.51,0,6.0,0
64,157.77,4,8.4,0
38,98.81,7,1.6,0
7,173.45,1,6.3,1
55,173.79,7,5.0,1
35,76.66,2,6.7,0
53,36.02,6,1.4,0
2,169.3,6,1.9,1
43,35.2,6,4.7,0
60,76.86,1,3.9,1
45,34.98,2,4.4,0
5,124.68,3,4.2,0
26,132.42,4,9.5,1
61,86.92,1,2.6,0
63,48.84,6,8.9,0
52,191.39,4,5.6,0
20,48.82,7,6.4,0
67,176.22,9,7.9,1
45,92.26,9,7.9,0
39,139.27,1,1.4,0
40,89.9,3,1.6,0
8,135.09,4,4.0,0
26,140.8,1,3.2,1
52,33.25,4,5.3,0
69,105.19,2,7.7,0
3,67.83,9,9.3,0
59,124.79,3,5.5,1
9,134.24,2,7.8,0
25,76.41,6,4.9,0
22,182.89,8,1.5,1
67,135.08,0,2.4,1
39,86.82,1,10.0,1
38,66.59,4,2.6,0
7,187.36,6,1.7,1
28,31.57,7,3.1,0
37,173.05,4,2.9,1
31,98.94,8,2.0,1
15,194.61,1,3.7,0
15,175.09,5,3.3,1
20,146.12,4,7.9,1
20,104.27,8,8.6,0
67,90.06,9,5.8,0
52,165.35,6,7.7,1
40,30.51,5,2.2,1
38,190.75,0,6.8,0
71,142.05,6,6.9,1
38,34.95,2,6.5,0
51,173.86,0,6.4,0
35,196.75,7,2.7,1
28,82.34,0,8.6,0
2,153.17,5,6.6,1
60,135.98,9,5.2,1
13,32.52,5,4.4,0
49,198.39,5,1.0,1
13,82.24,0,3.3,0
19,53.51,2,6.3,0
2,145.82,5,1.7,1
22,93.7,2,5.8,1
67,107.15,2,8.1,1
25,148.7,6,7.9,1
16,57.32,5,2.4,1
28,44.89,7,5.0,0
27,176.86,8,2.7,1
66,140.1,4,1.2,0
66,42.49,6,5.4,1
65,116.62,7,5.6,0
18,75.65,8,6.1,0
5,84.0,4,3.7,0
56,171.51,5,6.4,1
31,175.16,7,2.8,1
19,138.28,3,5.3,0
12,166.95,7,7.6,1
47,112.83,3,9.8,0
58,138.49,2,5.8,0
32,75.04,1,3.1,0
37,106.95,8,4.6,1
31,63.57,1,8.1,0
32,73.57,2,9.2,0
21,70.06,2,9.2,0
54,95.96,5,9.3,0
66,127.19,5,8.4,0
61,159.06,2,5.6,0
65,38.74,1,7.1,0
1,199.76,8,5.0,1
33,150.11,6,8.2,1
12,70.46,5,2.0,0
58,30.39,4,3.7,0
6,92.24,0,6.1,0
58,67.5,1,9.0,0
67,107.35,7,5.7,0
20,124.41,6,9.2,1
26,93.07,0,9.4,0
66,119.11,7,9.1,0
24,105.24,1,9.1,0
27,117.36,2,1.7,0
23,56.6,3,7.9,0
65,43.46,3,1.9,0
12,155.67,4,6.5,0
35,168.58,9,2.8,1
14,67.09,4,3.7,0
46,64.74,9,8.5,0
26,191.1,7,4.6,0
7,126.93,4,5.9,0
65,40.07,6,8.1,0
16,191.9,4,1.4,1
29,84.33,7,1.3,0
29,50.34,0,5.6,0
5,121.2,3,9.3,0
66,160.69,4,7.7,0
26,133.67,1,7.1,0
60,126.46,0,4.8,0
30,155.79,0,5.5,0
4,136.12,0,3.7,0
57,132.43,2,4.6,0
56,137.8,8,5.9,1
50,58.2,6,8.5,0
1,114.62,2,4.0,0
39,173.97,0,1.5,1
13,110.85,3,1.5,1
23,129.54,8,5.9,1
64,151.89,2,3.5,0
8,161.14,5,7.4,0
9,147.26,1,8.9,0
14,73.26,4,8.8,0
16,58.16,8,5.5,0
26,34.59,3,3.9,0
29,147.3,4,2.9,1
62,103.3,6,9.5,1
29,105.01,4,5.5,1
2,156.56,7,7.0,1
3,168.59,8,6.4,1
29,109.17,9,3.8,0
5,194.02,6,1.8,1
47,169.11,9,9.4,1
27,137.77,7,6.3,1
7,46.57,3,5.1,0
11,132.72,0,8.4,0
35,50.04,9,9.8,0
60,109.33,4,7.7,0
57,30.64,7,4.9,0
46,106.64,2,2.2,0
40,95.66,4,1.3,0
26,183.76,8,4.6,1
25,73.92,7,4.1,0
9,144.93,6,3.9,1
65,78.77,0,4.9,0
59,164.75,4,2.0,0
37,148.0,2,7.1,0
30,73.56,9,7.0,0
41,72.37,2,2.8,0
39,168.81,6,4.5,1
24,120.42,8,2.1,1
62,53.13,0,2.1,1
56,139.23,8,4.1,1
13,159.64,6,9.5,1
25,187.49,2,7.2,0
48,80.36,6,5.4,0
41,64.4,0,6.5,1
28,133.73,5,4.0,0
31,96.22,9,3.3,0
32,100.34,0,8.1,0
30,89.21,1,4.2,0
44,199.81,1,2.7,0
16,65.03,8,6.7,1
16,75.49,5,1.4,0
20,45.53,3,6.0,0
46,36.62,2,9.8,0
38,58.69,6,5.1,0
65,62.06,1,4.9,0
40,149.17,1,6.4,0
10,119.38,7,6.4,0
16,96.34,7,8.4,0
24,163.4,7,6.5,1
47,62.09,5,8.6,0
35,110.0,4,8.5,0
64,53.76,2,2.9,0
50,142.62,6,9.9,0
46,164.58,8,2.7,1
3,128.35,8,3.7,0
44,163.87,1,1.7,0
47,188.06,7,9.1,1
59,96.27,2,9.9,0
44,101.59,3,3.5,0
44,173.95,3,9.8,0
6,109.58,3,8.8,0
18,90.03,4,4.7,1
47,109.91,5,1.9,0
9,122.94,6,1.7,0
67,67.77,0,7.4,0
21,171.1,7,8.9,1
34,91.34,3,7.3,0
34,186.99,8,1.6,1
45,40.3,8,4.9,0
22,88.35,9,9.1,1
38,138.12,2,7.5,0
12,74.22,3,9.7,0
59,80.52,6,9.4,0
67,101.42,3,4.6,0
9,185.16,6,7.8,1
62,173.99,2,6.4,0
60,87.8,1,4.5,0
10,131.42,0,5.9,0
19,152.89,7,5.5,1
33,184.15,9,3.9,1
6,157.4,8,3.6,1
71,167.13,0,8.5,0
30,196.9,2,1.6,0
65,130.11,3,4.5,1
26,59.12,5,9.9,0
20,173.05,7,1.2,1
26,122.89,2,3.1,0
14,192.6,9,4.2,1
68,89.77,0,9.0,0
16,107.72,2,4.4,0
60,42.84,2,4.7,0
1,101.15,8,3.1,1
27,81.48,4,7.9,0
58,156.6,1,9.6,1
71,92.42,8,6.6,0
63,174.76,9,4.0,1
39,164.24,9,1.5,1
2,135.71,2,9.8,0
13,71.69,8,6.6,0
65,120.77,3,8.4,0
42,54.48,5,7.0,0
21,120.93,6,1.6,1
56,30.17,3,4.7,0
25,30.98,9,3.4,1
45,134.41,5,6.9,1
49,131.55,6,5.5,1
29,58.6,8,6.4,1
6,59.46,6,9.2,0
32,32.77,3,5.0,0
57,37.7,4,5.8,0
43,78.68,3,4.3,0
13,148.89,9,7.1,1
22,114.55,2,7.2,0
6,89.15,2,5.9,0
56,60.81,1,8.1,0
25,127.36,2,4.2,0
5,94.87,7,6.4,0
16,118.38,3,2.0,1
56,73.62,2,5.9,0
27,105.04,7,2.8,0
71,100.95,5,5.6,0
5,188.59,5,5.5,1
31,99.02,8,4.2,0
29,36.84,8,1.8,0
6,63.86,3,3.3,1
52,187.71,7,7.7,1
39,67.35,7,7.5,0
26,108.42,7,2.6,0
9,140.2,6,6.7,1
33,49.89,0,2.2,0
41,66.21,3,2.8,0
23,76.22,0,5.2,0
29,160.25,9,3.7,1
14,172.75,8,7.2,1
13,119.29,7,5.5,1
61,35.36,0,1.3,1
32,55.1,3,9.8,0
43,102.98,2,4.0,0
19,160.15,7,9.5,1
52,150.5,8,1.2,1
12,34.94,0,5.7,0
38,119.18,0,7.2,0
35,59.28,6,4.3,1
44,82.21,4,7.8,1
46,96.75,7,2.0,1
30,186.94,4,3.9,1
41,88.02,3,8.3,0
36,75.77,4,7.7,0
41,179.43,3,1.8,0
44,69.74,4,6.6,0
3,157.29,5,4.5,1
24,62.16,5,6.7,0
38,196.96,0,1.4,1
26,159.24,4,6.1,0
58,190.11,1,3.9,1
6,55.35,8,4.7,1
30,119.12,1,3.8,1
57,146.42,6,1.2,1
14,119.82,2,3.2,0
10,103.14,4,9.0,0
41,95.56,5,2.5,0
35,180.33,7,3.0,1
67,104.29,5,2.6,0
25,60.21,2,2.9,0
55,44.78,5,1.9,0
7,133.74,5,3.3,1
14,91.8,6,5.1,1
31,195.6,9,8.9,1
54,77.54,7,2.1,0
39,89.97,3,8.7,0
14,48.54,3,5.2,0
52,174.4,7,6.2,1
27,119.27,3,9.0,0
7,131.82,6,2.5,1
44,111.21,7,9.8,1
28,71.33,4,7.1,0
55,177.44,3,1.7,1
69,49.16,7,3.8,0
5,93.99,7,7.6,1
37,88.81,6,1.7,0
63,53.45,5,6.4,0
33,151.16,4,1.5,1
17,40.34,8,8.3,0
37,85.28,6,4.6,0
64,84.17,4,4.7,0
8,126.12,3,3.1,0
66,191.24,6,5.0,1
68,188.71,5,7.9,0
7,191.5,3,3.3,1
15,138.53,2,9.8,0
48,159.12,3,6.2,0
49,60.42,3,8.5,0
66,37.9,2,4.8,0
14,107.6,0,7.9,0
50,138.18,7,5.2,1
41,63.02,3,7.2,0
40,158.19,0,5.4,0
7,186.65,4,9.7,0
39,105.51,9,6.9,0
12,30.13,3,2.3,0
9,123.71,0,9.3,0
50,97.92,3,2.9,0
65,70.8,0,7.2,0
9,80.39,0,1.5,0
46,72.11,2,6.8,0
39,168.56,6,8.7,1
20,126.68,0,4.0,0
44,152.66,0,1.8,0
45,177.28,3,5.8,0
51,38.84,4,6.6,0
40,92.97,5,6.3,0
59,184.54,2,4.2,0
52,106.98,7,2.3,0
53,199.37,5,8.7,1
10,108.81,4,6.6,0
45,94.76,7,6.9,1
48,124.25,7,4.5,1
28,30.88,6,3.8,1
9,56.37,5,1.3,0
49,65.43,5,9.9,0
5,184.88,8,3.8,1
16,51.12,9,6.7,1
46,151.72,3,5.7,0
20,177.85,9,8.8,1
64,39.89,2,5.1,0
20,93.49,9,5.8,0
35,162.48,4,1.6,1
20,139.86,8,6.4,1
67,127.63,8,2.1,1
24,148.9,5,1.0,1
68,45.99,7,4.4,0
49,141.03,8,2.3,1
4,76.09,0,2.6,0
69,141.85,3,1.2,1
61,156.43,2,8.9,0
41,115.09,2,8.2,0
68,181.06,0,3.3,0
66,85.86,1,6.4,0
71,100.76,4,8.0,0
38,133.11,1,6.6,0
47,67.84,6,7.8,0
41,133.85,1,5.9,0
54,150.71,8,8.9,1
33,163.41,2,6.9,0
12,187.62,4,7.2,1
9,55.66,2,2.1,0
64,69.39,4,6.4,0
54,116.24,2,9.7,0
40,101.18,9,4.9,0
17,60.48,8,1.5,1
42,99.32,8,7.9,0
24,73.26,3,9.4,0
23,54.68,7,3.3,0
1,36.58,0,1.5,0
13,178.27,8,3.5,1
26,95.6,1,1.9,0
49,136.0,5,6.2,1
35,60.05,2,7.4,0
7,166.6,9,1.6,1
20,47.11,0,7.1,0
65,65.34,9,4.6,0
15,146.63,6,9.5,1
46,135.2,1,6.2,0
44,66.64,2,6.1,0
39,124.28,7,5.3,1
42,155.53,3,5.4,0
69,79.24,8,8.5,0
40,96.68,8,9.3,0
48,114.93,5,6.8,0
25,61.36,6,8.5,0
60,52.02,9,4.0,1
19,48.61,0,4.9,0
12,68.29,0,3.5,0
35,138.66,4,6.3,1
43,70.35,2,1.8,1
20,197.34,0,9.7,1
47,145.49,3,7.7,0
15,86.64,9,5.3,0
31,43.4,2,4.4,0
46,187.56,6,8.5,1
39,126.07,8,8.5,1
27,164.78,3,10.0,0
3,198.54,2,3.3,0
7,65.84,3,9.0,0
9,55.02,3,6.0,1
64,61.08,6,3.2,0
41,122.18,9,7.6,0
23,73.15,5,3.4,0
62,81.49,4,5.3,0
25,108.96,3,8.3,0
43,102.36,5,4.3,0
35,198.14,4,4.7,1
51,152.32,4,5.7,0
54,85.41,4,4.6,0
13,49.49,3,9.7,0
49,175.32,4,8.2,0
24,80.34,2,3.6,1
13,119.66,3,2.6,1
16,149.4,9,4.4,1
46,43.56,5,7.8,0
60,80.38,5,1.7,1
28,82.14,5,8.5,0
29,114.13,2,9.2,1
58,91.37,5,7.2,1
57,47.74,7,4.2,1
70,137.03,9,5.5,0
13,34.11,5,6.3,1
69,171.36,3,3.3,1
44,121.88,5,2.6,1
49,122.09,6,7.1,1
5,180.22,3,6.1,0
33,59.56,7,8.5,0
49,44.61,8,9.3,0
56,140.65,7,2.8,1
19,116.86,1,6.6,1
64,176.76,4,5.6,1
18,80.22,4,8.5,0
31,93.78,1,8.5,0
9,108.89,3,3.2,0
13,94.52,4,8.8,0
19,51.63,4,4.6,1
19,100.25,0,4.7,0
31,100.81,1,8.1,0
26,153.18,6,4.6,1
30,139.51,2,1.1,0
26,190.46,6,7.7,1
26,135.05,2,2.1,0
33,132.94,3,9.7,0
71,98.0,4,8.3,0
20,55.17,4,7.1,0
71,174.46,4,6.5,0
41,176.54,1,8.8,0
63,110.77,2,4.1,0
10,133.87,3,6.2,0
4,47.06,8,4.3,0
41,50.39,9,2.5,0
49,33.41,1,3.0,0
20,130.35,3,1.7,1
25,132.53,2,5.9,0
41,119.32,4,8.1,0
68,168.64,1,6.7,0
16,99.41,6,1.2,0
17,177.14,5,7.9,1
42,117.4,4,9.9,1
6,108.22,2,8.1,0
30,31.85,8,7.0,0
49,161.15,2,7.2,0
64,131.4,5,8.0,1
71,83.11,5,1.2,1
13,124.34,5,7.0,1
65,73.29,9,9.1,0
27,170.3,7,9.6,1
13,125.8,6,3.3,1
29,139.33,1,2.1,0
50,37.68,6,4.6,0
27,181.66,9,5.8,1
41,114.1,0,3.4,1
26,73.55,2,5.5,0
65,106.81,8,5.4,0
44,72.72,6,9.0,1
11,132.74,1,1.5,1
1,170.43,4,7.6,0
11,128.2,1,5.3,0
28,126.56,3,3.5,0
3,158.9,7,10.0,1
29,65.99,0,7.1,0
36,110.97,5,5.4,1
62,36.18,8,9.2,0
59,60.95,2,9.2,0
68,89.11,2,8.9,0
67,175.76,7,9.4,1
58,116.71,3,2.5,0
46,75.02,1,3.6,0
60,31.85,3,8.3,0
22,87.23,8,9.3,0
71,166.28,7,1.9,1
12,157.23,9,8.5,0
71,85.87,2,9.8,0
41,31.3,6,1.1,0
46,64.16,0,6.2,0
11,180.83,2,6.3,0
5,47.23,1,9.9,0
66,129.04,7,4.1,1
62,30.6,7,2.9,0
37,112.35,2,1.1,1
35,173.22,3,4.2,0
53,116.62,1,3.4,0
3,103.04,3,1.8,0
66,127.78,8,1.4,1
12,46.0,7,3.1,1
25,149.46,2,4.2,1
39,138.21,5,1.7,0
12,121.05,9,7.4,1
51,101.42,3,2.3,0
59,116.39,5,2.4,0
69,59.9,1,6.7,0
71,52.07,6,4.0,0
58,122.76,1,6.6,0
56,70.51,9,4.1,0
64,161.44,0,8.8,0
17,191.57,9,1.8,1
5,161.56,6,7.2,1
59,137.87,3,5.2,0
31,134.61,1,4.5,0
53,73.83,3,7.8,0
58,120.27,9,2.2,1
18,193.67,0,5.7,0
58,145.03,2,2.0,0
19,32.45,7,8.3,0
15,147.27,0,2.9,0
4,55.8,4,5.5,0
42,44.56,6,5.7,1
60,144.4,1,9.0,0
18,78.44,8,4.0,1
59,123.36,4,3.5,0
11,83.17,6,3.8,0
20,117.73,8,3.5,1
59,151.42,4,1.9,0
48,85.39,1,2.3,0
27,137.86,8,2.6,1
61,112.16,1,2.2,0
64,131.06,4,3.6,0
64,40.31,3,8.1,0
3,180.58,4,5.1,1
21,196.52,0,3.8,0
66,62.39,9,7.5,0
35,38.49,4,5.6,0
58,92.12,7,9.6,0
39,138.41,9,6.1,1
34,47.45,7,7.5,0
2,48.09,8,2.3,1
38,170.85,0,9.7,0
27,45.32,6,4.3,1
20,198.58,3,5.4,0
70,106.91,3,2.9,0
37,145.48,3,8.2,0
7,46.6,8,3.2,1
52,169.42,7,1.6,1
46,52.41,1,1.2,0
50,103.96,0,4.4,0
22,129.63,6,4.7,1
41,40.34,1,8.1,0
6,189.71,1,6.8,1
10,178.94,8,9.2,0
67,35.43,1,3.9,0
20,85.96,0,6.4,0
70,36.68,3,7.0,0
69,103.37,6,5.9,0
6,53.77,1,9.8,0
27,152.55,0,8.4,0
17,71.74,2,9.5,0
28,88.44,8,3.3,1
61,147.98,2,9.1,0
29,139.1,1,2.1,1
59,198.79,7,5.0,1
61,37.06,1,6.5,0
41,95.29,5,8.0,0
28,133.21,0,8.9,1
70,102.29,5,9.7,1
41,58.9,2,5.3,0
51,176.43,3,2.8,0
29,89.48,2,5.1,1
39,174.91,4,7.1,1
16,133.26,8,1.6,0
46,81.48,2,7.2,0
22,59.39,7,9.5,0
51,140.14,9,4.9,1
16,175.33,7,8.7,1
70,140.85,9,2.1,1
57,185.9,6,4.4,1
68,41.06,1,6.6,0
71,84.5,3,7.3,0
8,161.16,2,5.7,0
55,78.19,9,9.3,0
69,52.64,6,2.0,1
37,165.66,9,3.1,1
25,148.29,3,5.3,0
43,67.49,0,4.0,0
56,162.39,2,8.7,0
36,198.9,1,9.7,0
17,53.03,7,4.7,1
61,151.75,7,4.4,1
64,54.16,5,5.6,0
10,157.41,5,9.6,1
5,70.53,1,4.5,0
4,92.92,1,8.8,0
40,71.41,3,1.2,0
51,32.83,0,7.8,0
17,125.93,6,3.9,1
33,71.22,3,4.2,0
19,176.8,4,3.1,0
54,147.06,5,4.8,1
51,77.73,3,9.4,0
66,55.48,1,9.1,0
24,182.9,9,6.4,1
14,174.96,6,4.4,1
69,138.64,9,7.6,0
54,108.28,8,2.5,1
49,105.81,6,9.9,1
52,176.71,6,7.1,0
53,199.41,3,1.6,1
45,132.87,3,3.6,1
15,86.55,0,5.3,0
28,179.9,4,2.7,1
9,45.31,1,1.6,0
43,130.02,8,9.8,0
4,195.28,9,2.7,1
38,109.07,9,1.5,1
42,54.85,6,9.3,0
7,134.52,9,4.7,1
59,97.41,3,8.8,0
41,91.64,7,8.2,0
31,59.95,3,5.1,0
1,99.64,6,4.3,0
4,55.02,2,3.5,0
23,76.66,7,4.6,1
52,53.36,6,3.4,0
49,32.83,5,9.2,0
69,129.02,0,5.0,0
65,112.3,8,1.8,0
16,113.86,9,4.2,0
64,94.73,8,2.1,0
38,34.16,3,1.8,0
24,149.83,0,9.7,0
7,147.21,2,7.3,0
1,190.99,2,5.9,0
49,130.6,1,4.5,0
65,183.38,4,5.4,0
4,147.25,1,1.3,1
8,77.67,4,2.2,1
44,192.78,7,7.2,1
49,127.04,4,8.3,0
22,68.99,6,8.0,1
15,32.08,7,2.0,1
15,143.52,2,9.8,0
60,194.54,9,3.1,1
9,119.95,6,3.0,1
7,106.63,5,2.0,0
33,79.36,3,7.3,0
67,184.03,0,8.0,0
67,119.72,9,7.7,0
9,32.25,1,3.9,0
27,91.84,2,4.9,0
44,154.56,6,4.3,1
65,126.63,2,7.3,0
61,166.34,5,8.5,1
12,108.37,4,2.5,1
12,52.02,2,7.7,0
44,141.01,4,1.4,1
30,139.55,0,3.4,0
66,95.61,5,8.7,0
21,36.22,1,3.5,0
11,85.47,8,1.3,1
67,72.98,9,8.2,1
58,130.18,4,6.9,0
43,121.0,7,9.2,0
66,173.78,2,3.3,1
65,162.7,7,2.2,1
26,136.16,5,7.2,1
70,187.01,7,8.5,0
44,86.09,7,4.9,0
41,115.12,5,2.5,0
35,123.57,9,9.7,0
57,100.57,4,8.7,0
35,196.12,5,1.1,1
36,83.03,3,9.6,0
65,97.1,7,1.0,0
30,111.46,6,9.0,0
64,116.49,0,4.2,1
70,110.84,0,7.4,0
67,88.68,2,6.2,0
27,151.4,3,7.7,0
67,42.36,3,1.7,0
28,161.94,5,1.5,1
46,192.38,4,8.8,0
25,155.71,6,9.4,1
18,36.38,1,9.6,0
16,72.88,1,4.1,0
26,54.81,2,3.8,0
25,188.59,5,3.1,1
32,133.95,5,1.9,1
20,93.92,5,2.3,0
59,98.53,3,7.8,0
62,43.61,6,1.2,0
47,96.61,6,8.7,0
54,183.01,7,6.9,1
51,74.24,1,5.6,0
40,75.75,2,2.7,0
68,173.48,6,9.5,1
58,143.1,5,2.4,0
35,137.57,5,5.5,1
53,56.93,1,7.8,0
37,140.08,5,6.5,1
67,192.54,8,6.0,1
6,139.93,2,3.3,1
12,145.45,9,7.0,1
23,80.42,9,5.2,0
22,57.47,5,3.6,1
66,142.46,2,8.8,0
62,96.0,4,5.9,0
13,140.79,0,2.6,1
25,84.07,8,3.1,0
18,101.41,9,7.8,0
1,52.97,6,6.5,0
36,84.54,4,2.6,1
18,97.53,2,8.7,0
57,138.31,9,7.1,0
13,48.69,0,4.7,0
31,33.5,2,2.4,0
46,46.53,4,1.6,0
9,96.26,3,4.6,0
63,170.26,1,4.7,1
48,139.21,9,2.0,1
31,150.4,5,4.8,1
30,170.86,7,1.3,1
38,174.97,3,7.4,0
20,132.12,7,1.2,1
26,122.56,8,1.7,1
52,139.63,0,2.1,1
19,58.74,0,4.7,0
59,78.0,6,4.9,0
5,198.35,2,9.6,0
26,171.3,2,4.1,1
71,106.82,6,8.8,0
70,44.63,5,8.3,0
32,62.21,4,6.8,1
31,125.38,8,9.1,1
52,79.76,9,1.3,1
52,75.45,6,9.4,0
44,118.82,4,8.3,0
70,38.0,2,1.2,0
69,53.84,2,7.6,1
21,85.78,8,1.7,1
62,102.51,9,3.1,1
42,31.82,3,7.8,0
54,132.95,9,4.5,1
60,37.13,2,2.0,0
25,83.29,1,4.8,1
12,124.9,2,6.1,0
71,74.91,0,4.5,0
29,53.25,9,10.0,0
11,73.07,1,9.8,0
31,53.3,4,1.6,0
42,153.54,6,9.2,1
63,60.5,8,8.4,0
36,182.29,8,7.0,0
70,90.57,8,4.0,0
4,53.6,7,5.2,0
2,43.37,1,1.0,0
59,37.82,2,3.9,0
10,139.05,1,9.1,0
15,70.77,4,1.8,0
7,70.86,7,8.1,0
36,185.89,0,1.7,1
56,174.22,7,10.0,0
35,165.27,5,3.2,1
16,149.84,7,6.2,1
25,186.64,9,9.0,1
33,164.12,1,9.3,0
26,151.25,8,8.5,0
21,141.55,4,3.5,1
56,100.8,3,5.5,0
47,160.33,0,2.6,0
66,197.83,9,7.2,1
71,146.44,4,1.1,1
48,126.98,6,5.4,0
69,56.58,4,6.2,0
38,40.52,0,1.0,0
33,65.51,8,2.5,0
14,115.77,1,1.4,1
9,30.29,4,5.4,0
2,149.5,9,8.2,1
54,93.05,8,7.3,0
45,160.68,1,8.4,0
29,52.62,5,6.2,0
53,32.28,0,2.1,0
18,146.15,8,5.4,1
60,156.81,5,9.0,0
40,62.27,9,3.8,0
23,158.66,1,9.3,0
53,74.41,8,8.0,0
42,184.13,9,9.2,1
19,83.99,1,3.2,1
26,59.14,5,2.3,0
28,177.95,5,4.0,1
8,43.26,4,7.9,0
54,175.19,3,6.4,0
54,116.96,4,8.3,0
10,135.72,4,7.3,0
66,101.31,0,1.6,0
40,116.91,2,4.4,0
32,140.24,9,2.3,1
31,38.7,6,6.7,1
54,70.05,7,3.1,0
19,65.69,0,4.3,0
61,51.82,4,9.1,0
56,139.74,5,7.8,1
5,128.03,5,8.2,1
57,111.36,3,6.5,0
46,167.14,7,7.4,1
62,130.13,9,3.9,1
24,37.42,9,2.0,1
63,165.57,4,7.0,0
28,81.79,2,2.3,0
32,39.01,2,1.8,0
57,119.04,5,8.9,0
31,116.02,7,9.2,0
21,44.03,1,7.6,0
35,130.06,5,6.9,1
62,75.48,5,9.3,0
11,197.74,2,8.1,1
58,139.25,2,4.8,0
25,182.27,7,9.0,1
2,78.17,4,3.3,1
28,173.54,0,4.1,0
14,95.8,7,9.5,0
58,183.25,0,5.5,0
70,84.06,7,1.5,0
71,140.87,1,2.4,0
24,54.18,6,7.2,0
8,35.13,1,2.9,0
67,113.51,8,7.0,0
33,78.18,7,3.3,1
50,178.96,5,9.2,0
60,112.13,4,2.5,0
36,64.98,5,8.9,0
60,154.59,9,2.1,1
26,183.88,7,7.1,1
8,141.06,1,6.6,0
40,178.6,7,2.4,1
6,196.83,9,4.4,1
38,176.51,2,2.2,0
23,181.35,2,7.3,1
15,108.39,4,9.2,0
32,138.61,4,7.5,1
58,182.38,1,3.9,0
49,142.0,8,6.2,1
69,58.99,1,9.4,0
36,164.02,2,9.1,0
1,39.34,4,4.5,1
20,73.58,0,3.9,0
60,181.3,9,4.2,1
19,113.58,4,4.7,0
70,180.71,9,1.0,1
65,34.44,2,2.8,0
45,119.36,1,8.5,0
23,161.42,0,1.5,1
30,41.97,4,5.7,0
48,131.08,2,9.8,0
14,52.27,1,3.9,0
14,47.67,6,6.1,0
17,74.55,6,3.8,0
46,164.26,2,3.8,1
70,193.51,6,6.2,1
65,181.49,4,4.0,0
9,159.17,0,5.8,0
33,89.08,9,7.9,0
50,175.25,6,3.3,1
69,111.73,4,7.0,0
42,118.93,3,5.1,1
51,140.5,4,4.9,0
36,34.13,5,4.2,0
25,127.15,9,4.5,0
40,73.61,9,1.1,0
25,174.35,5,2.3,1
69,104.97,0,3.5,0
69,123.56,2,1.6,1
40,164.7,6,7.8,1
5,43.46,2,8.7,0
39,46.35,3,7.1,1
34,145.56,1,4.3,0
45,160.04,1,5.4,0
58,60.68,0,2.5,0
49,140.5,5,1.3,1
15,189.27,9,3.5,1
40,64.41,1,2.2,1
26,95.07,4,3.3,0
56,132.78,2,2.9,0
15,140.63,0,6.1,0
69,150.83,6,9.0,0
13,198.69,8,5.7,1
51,120.68,2,4.9,0
35,126.46,5,4.6,0
64,102.04,4,1.1,0
54,167.62,2,7.7,0
12,32.29,7,3.3,0
24,146.14,4,7.8,1
35,173.79,2,3.2,1
20,47.66,7,6.3,0
33,41.45,0,2.1,1
37,181.93,5,9.3,1
58,167.76,6,2.9,1
8,107.59,2,2.8,1
24,57.0,3,1.4,0
34,170.89,6,6.3,1
24,108.58,2,1.8,0
44,147.41,0,8.7,0
35,47.81,7,7.5,0
14,181.18,3,4.7,1
16,122.76,4,3.3,1
49,148.91,0,3.8,0
34,99.81,6,1.5,0
71,145.65,9,8.2,1
43,150.07,1,4.1,0
2,155.61,0,2.3,0
18,77.92,2,7.3,0
29,57.78,5,8.9,0
15,147.55,6,7.5,0
52,49.72,1,9.0,0
54,195.14,7,9.5,0
46,84.64,8,2.9,0
62,128.72,0,4.8,0
68,106.19,2,7.7,0
44,103.33,0,9.9,0
36,86.15,6,3.3,0
51,74.86,4,9.8,0
55,155.22,6,6.5,1
8,119.72,4,4.2,0
25,177.94,2,5.9,1
47,68.92,8,9.3,0
61,135.32,1,1.4,0
39,60.33,1,8.9,0
18,85.58,4,2.7,1
1,61.02,7,9.0,0
3,75.65,6,4.4,1
21,81.0,1,1.9,0
54,185.1,9,3.8,1
63,67.76,9,3.2,0
5,41.1,3,8.3,0
19,79.39,6,9.2,0
35,63.91,1,2.1,1
15,161.67,8,2.0,1
35,194.72,4,2.4,1
41,193.0,3,7.5,0
66,190.04,4,1.4,1
10,134.55,9,2.6,1
63,155.33,8,9.2,1
30,90.69,1,10.0,0
53,130.98,9,7.8,1
52,111.28,5,3.6,1
15,85.57,5,9.2,1
14,88.48,1,1.7,0
30,44.18,9,4.1,0
34,57.97,9,9.6,0
65,168.76,7,8.6,1
6,77.94,1,6.5,1
64,149.25,4,2.9,0
26,33.17,6,8.2,0
30,162.89,9,5.8,1
64,61.47,6,3.7,0
59,100.79,7,1.1,0
38,36.44,5,6.5,0
71,130.03,7,2.9,1
60,193.14,1,2.4,0
36,85.51,5,5.4,0
45,67.86,2,9.2,1
66,78.29,6,5.7,1
28,191.98,6,7.9,1
67,177.27,6,7.5,1
48,120.38,7,6.7,1
32,61.11,3,3.3,0
57,114.78,7,8.0,0
43,92.8,3,8.2,0
38,117.24,6,3.0,0
4,160.24,6,4.3,1
45,117.02,5,2.2,1
52,108.85,6,7.4,0
65,177.18,6,9.3,1
12,184.28,4,5.1,0
19,180.29,2,9.5,0
56,192.04,6,2.6,1
48,163.23,6,9.6,1
63,137.48,3,8.1,0
52,123.17,4,2.2,0
24,153.36,1,3.1,0
64,39.66,7,3.4,0
14,122.6,2,9.3,0
34,102.23,6,2.4,0
39,179.85,8,9.6,1
60,198.4,5,7.7,1
65,167.25,6,4.3,1
54,147.96,3,1.2,1
15,86.78,8,1.8,1
38,198.54,8,2.1,1
26,138.92,9,2.8,1
18,153.89,0,6.9,0
9,186.19,6,7.8,1
29,130.01,1,2.5,0
29,31.14,2,6.1,0
44,58.07,7,2.4,0
18,184.64,3,6.0,1
37,158.46,6,7.8,0
66,54.68,5,4.3,0
57,142.67,9,4.4,1
5,46.62,1,8.4,0
51,94.62,0,4.6,1
64,188.76,3,7.0,0
38,54.23,2,6.2,0
13,174.78,3,4.0,1
65,184.73,9,4.3,1
18,123.77,3,2.4,0
27,175.87,4,4.5,1
31,156.75,7,4.6,1
44,45.58,5,6.5,0
14,102.82,0,3.9,0
21,138.17,4,6.1,0
58,40.22,9,2.8,1
67,166.92,4,8.8,0
31,110.31,3,4.7,1
58,101.25,2,7.9,1
38,170.41,6,3.9,1
12,189.76,2,6.6,1
61,79.38,8,3.2,0
68,88.31,8,1.9,1
47,137.71,9,1.8,1
48,115.29,4,4.9,0
5,87.35,2,1.8,0
28,125.11,7,8.8,1
68,86.28,4,6.3,0
15,46.35,9,2.3,1
52,175.09,8,3.1,1
25,45.1,7,3.3,0
3,195.84,6,1.3,1
42,145.79,6,5.4,1
20,190.26,2,6.6,1
53,199.48,3,10.0,0
16,130.45,3,1.8,0
45,32.15,6,3.9,1
66,198.2,6,5.3,1
30,139.45,6,10.0,1
26,140.82,4,6.1,1
56,71.4,6,8.0,0
59,86.09,2,7.5,0
45,47.99,1,9.0,0
31,32.13,9,8.9,1
48,108.12,0,2.5,1
2,65.9,7,2.7,1
20,125.62,7,2.7,1
64,128.46,0,8.7,0
31,112.81,6,6.8,1
31,123.64,0,7.1,0
13,36.98,5,2.0,0
58,155.56,9,5.3,1
32,127.75,5,7.0,0
52,54.9,0,8.8,0
17,180.33,4,5.7,0
6,54.53,9,7.4,0
33,97.47,5,6.4,0
29,98.93,8,1.4,1
32,117.23,2,2.2,0
40,85.08,7,9.7,0
67,79.67,2,3.1,1
21,169.74,3,3.7,1
27,35.71,9,7.3,0
12,118.37,3,2.4,1
6,90.45,2,6.2,0
58,153.43,1,4.6,0
32,134.63,8,1.7,1
53,63.98,0,5.7,0
46,187.67,5,1.1,1
64,87.24,4,7.8,0
44,181.93,1,5.8,0
67,142.63,0,8.1,0
60,56.87,6,7.5,0
48,170.27,4,9.8,0
56,92.46,4,2.9,1
10,88.87,1,7.6,0
31,161.32,1,3.6,0
46,142.43,4,1.7,1
28,136.0,7,4.9,1
37,79.86,9,9.9,0
2,123.07,0,1.7,1
60,101.57,5,6.0,0
53,179.05,3,5.4,0
16,45.11,6,4.8,1
4,58.56,0,3.8,1
40,197.8,3,3.8,1
30,143.51,2,7.3,0
37,90.07,7,6.3,0
25,198.0,7,6.4,1
4,66.17,9,3.1,0
49,39.58,0,8.5,0
44,120.29,9,7.2,1
22,184.7,7,8.7,1
12,60.6,3,9.0,0
18,91.45,2,7.1,0
63,139.54,1,6.7,0
69,157.11,7,8.8,1
32,125.09,7,7.0,1
38,125.16,3,4.4,1
12,108.11,4,8.2,0
19,31.15,5,4.9,0
25,76.04,0,9.9,0
60,76.67,5,1.7,0
11,147.0,5,8.5,1
10,61.27,8,5.0,0
36,131.91,8,7.5,1
67,140.62,9,8.2,1
51,55.24,5,6.8,1
20,98.59,3,4.2,1
47,94.51,1,3.4,0
60,80.03,3,9.6,0
20,90.7,0,7.2,0
32,122.25,5,7.1,1
71,71.67,8,8.4,0
66,64.29,9,1.6,1
32,53.78,1,7.1,0
11,36.42,8,3.4,0
47,41.77,9,2.5,1
7,168.88,0,4.7,1
19,41.74,4,4.4,0
62,171.92,6,5.1,1
66,91.08,4,9.3,0
29,175.68,6,1.2,1
63,73.01,2,3.8,0
5,165.14,7,6.1,1
29,131.06,9,7.6,1
50,40.04,7,8.4,0
21,30.21,9,2.5,1
59,149.25,7,3.8,1
39,44.47,3,3.0,0
56,192.86,5,8.5,1
11,63.79,6,6.2,0
2,94.05,7,8.6,0
10,136.64,4,3.7,0
62,55.8,4,2.0,0
31,71.59,4,8.8,0
34,53.64,5,2.7,0
51,96.68,8,2.9,0
40,150.63,6,2.1,1
61,121.09,3,2.5,0
21,32.92,2,1.6,0
51,91.83,9,8.9,0
30,118.3,7,6.1,0
41,147.97,7,5.6,1
8,196.98,7,8.5,1
28,69.01,6,2.7,1
49,143.9,9,5.8,1
32,90.96,6,7.9,0
29,69.05,0,3.8,0
28,107.58,9,9.5,0
69,172.71,0,7.1,0
20,68.08,8,7.7,1
4,31.87,8,6.1,0
11,118.69,6,9.2,1
51,49.43,3,7.3,0
48,122.17,8,2.5,0
22,173.08,5,4.1,1
2,112.64,8,6.4,0
43,79.11,0,3.6,0
66,196.46,0,6.8,0
8,77.85,0,3.7,0
26,153.08,7,8.0,1
56,105.55,1,5.8,0
59,93.48,7,5.4,1
14,79.84,0,3.9,0
47,133.91,0,9.5,0
21,69.01,4,5.3,0
66,149.66,9,9.0,0
22,64.44,4,5.3,1
50,120.72,9,3.7,1
31,185.15,4,8.9,0
59,171.0,3,7.0,1
61,100.59,3,4.8,1
35,37.55,4,8.1,1
3,159.14,3,6.6,0
29,171.53,5,1.5,1
49,111.54,9,5.6,1
48,195.89,5,5.0,1
45,35.44,2,6.7,0
47,100.85,2,4.1,0
18,159.82,3,1.7,1
55,172.17,1,4.6,0
27,165.81,5,5.2,0
55,84.94,8,6.1,0
10,36.46,7,5.4,1
30,155.51,3,3.8,1
66,72.66,1,9.3,0
31,142.64,7,2.8,1
61,196.6,9,6.2,1
69,95.5,6,4.6,0
64,62.12,0,6.9,0
46,81.67,2,5.9,0
43,194.17,2,4.7,0
52,147.93,8,9.0,0
33,126.59,5,2.2,1
37,192.73,7,5.0,1
41,56.74,0,1.1,1
32,89.9,5,6.1,0
53,188.78,4,9.1,0
16,99.01,5,6.3,1
40,124.05,6,8.5,1
32,187.53,7,5.6,1
65,61.75,3,6.4,0
2,91.8,2,1.8,0
68,129.75,7,6.6,1
28,142.14,6,5.5,1
2,124.55,9,2.2,1
69,51.65,0,2.8,0
54,47.0,4,5.1,0
51,179.48,2,4.5,0
34,168.82,5,1.3,1
55,172.52,2,1.4,0
8,138.99,5,8.7,1
65,173.82,9,5.7,1
12,134.44,8,3.1,1
33,198.91,5,5.4,1
57,86.86,4,3.2,0
19,79.04,8,3.6,1
44,133.77,4,1.3,0
33,199.01,1,8.6,0
23,131.94,6,6.4,1
49,96.69,4,2.6,0
68,176.73,6,8.7,1
71,187.25,1,6.6,0
48,132.94,7,4.5,1
24,101.02,4,5.8,0
63,180.47,4,1.5,1
52,73.2,0,9.1,0
33,180.06,8,9.2,1
55,46.55,8,5.0,0
47,34.41,5,8.1,0
14,177.24,5,6.9,1
19,120.76,5,1.4,1
26,155.35,1,5.5,1
43,190.57,1,7.9,0
39,86.23,4,7.3,0
56,167.57,2,1.9,0
46,185.01,7,3.0,1
24,105.16,4,4.9,0
12,49.11,1,2.6,0
35,43.33,8,9.3,0
67,124.83,0,9.6,0
46,167.23,2,8.2,0
40,89.28,1,1.3,1
64,139.39,0,5.3,0
34,151.67,1,6.5,0
11,138.51,1,8.6,0
41,91.04,7,5.6,0
38,195.67,1,9.7,0
49,79.59,5,5.8,0
16,129.6,1,3.3,0
2,101.94,1,4.5,0
41,37.32,9,4.7,0
61,51.4,2,1.1,0
21,106.01,3,5.6,0
3,82.64,8,6.1,0
42,122.92,5,9.8,1
43,30.75,9,6.5,0
44,50.32,7,8.3,0
33,179.35,1,9.3,0
58,134.83,4,10.0,0
65,188.01,9,5.4,1
47,84.95,1,2.4,0
11,108.85,4,5.4,0
37,110.57,7,4.4,0
6,197.47,3,9.2,1
46,192.34,1,4.8,0
56,105.52,7,5.0,0
3,175.71,9,4.5,1
70,142.03,0,8.0,1
17,108.12,2,3.5,0
3,95.0,4,5.1,0
61,169.65,5,5.5,1
64,132.83,2,5.8,0
32,32.76,4,3.7,0
46,61.59,9,3.8,0
52,111.23,8,2.8,1
26,81.11,0,9.2,0
57,38.84,5,5.6,0
35,120.77,0,5.6,0
61,163.99,2,7.6,0
35,153.18,0,3.6,1
25,176.21,1,8.3,0
48,98.44,5,3.0,0
71,157.6,6,7.7,1
57,109.14,4,1.1,1
44,53.9,2,8.9,0
63,61.54,5,1.8,0
15,197.39,5,3.0,1
42,102.64,1,3.4,0
64,68.46,7,4.4,0
55,44.57,1,3.2,1
16,51.3,2,1.5,0
45,117.48,6,3.2,0
44,171.74,1,7.6,0
62,79.71,3,8.3,0
28,143.19,7,4.1,1
63,180.32,3,8.8,0
56,122.18,3,9.4,0
66,102.98,6,1.7,1
41,138.02,4,5.0,0
40,54.26,9,9.1,0
45,163.25,6,7.3,1
10,136.87,0,3.9,0
50,123.27,1,1.5,1
55,98.11,7,5.4,0
64,42.95,0,9.9,0
70,150.01,1,3.6,0
20,166.28,6,4.5,1
55,122.56,5,5.3,0
16,78.48,1,6.5,0
38,160.02,5,9.2,0
37,103.34,5,8.2,0
31,142.57,1,3.7,1
15,115.58,8,6.4,0
3,65.17,0,4.5,1
28,50.87,9,2.4,1
57,162.43,3,8.8,1
66,33.69,5,7.1,0
67,75.75,4,5.4,0
44,193.13,2,1.2,1
25,192.97,7,2.3,1
19,40.53,2,7.9,0
43,133.13,3,2.7,0
22,196.23,8,6.3,1
58,179.43,7,3.8,1
2,106.73,8,3.6,1
35,72.47,8,7.3,0
57,48.5,9,9.6,0
53,73.37,6,4.6,0
6,47.95,2,3.7,0
29,132.96,0,7.2,1
16,30.66,9,8.9,1
63,55.89,7,9.5,0
20,132.28,3,4.3,0
46,119.3,3,2.6,0
59,110.74,0,5.0,0
61,167.82,3,8.7,1
12,128.27,8,1.1,1
8,182.71,6,2.7,1
11,152.94,7,7.1,1
17,176.95,9,5.0,1
2,51.02,8,6.1,1
60,135.41,0,9.1,0
68,74.57,8,7.3,0
35,121.4,5,8.4,1
27,67.69,3,8.2,0
22,94.02,9,9.6,0
37,121.46,7,9.2,0
55,72.15,0,8.5,0
23,106.19,6,6.1,0
68,99.9,0,4.0,0
10,142.72,1,4.3,0
38,196.55,2,6.9,1
37,44.17,4,2.6,0
35,180.73,1,9.4,0
54,189.13,9,4.0,1
10,170.02,8,2.8,1
37,185.53,0,2.8,1
34,91.55,7,9.4,1
62,172.42,6,9.6,1
69,173.11,2,6.5,0
66,45.77,2,2.4,0
14,93.06,7,8.4,1
51,159.96,9,7.9,1
23,40.09,1,7.6,0
44,138.81,1,1.1,0
58,49.7,6,2.3,0
12,107.48,8,2.8,1
44,123.79,9,1.7,1
14,144.32,2,5.1,0
55,75.53,6,2.5,1
22,194.53,3,2.4,0
69,137.74,3,7.0,0
6,66.82,9,6.3,0
51,143.82,3,3.5,0
37,188.0,0,8.1,0
36,71.67,1,3.3,0
38,66.41,1,4.2,0
26,84.59,4,3.8,1
17,192.14,4,8.3,1
62,162.35,6,3.8,1
56,174.43,3,8.5,0
66,169.8,2,1.5,0
49,150.01,9,4.0,1
57,155.83,9,5.7,1
36,79.89,2,4.6,0
30,128.07,4,3.7,1
8,132.51,0,9.0,0
65,110.52,4,6.4,0
6,144.37,6,2.0,1
34,145.72,1,8.5,0
31,34.27,8,3.9,1
18,116.69,0,9.5,0
50,158.19,6,8.6,0
58,106.67,5,9.9,0
71,85.99,2,5.8,0
63,103.06,3,6.0,0
47,109.66,8,9.9,0
18,182.73,8,5.6,1
1,160.61,2,4.5,0
46,190.03,1,4.3,0
66,95.79,8,5.8,0
23,36.4,7,9.3,0
70,148.68,8,9.6,1
12,125.72,3,7.4,0
71,115.89,1,8.2,0
29,121.03,0,7.4,0
57,186.11,5,9.0,1
59,87.82,7,6.3,0
20,46.34,7,6.3,0
7,148.53,7,7.3,0
20,44.99,6,5.2,1
52,149.84,6,2.9,1
69,110.11,2,4.5,1
13,151.78,3,8.6,0
56,45.68,0,6.9,0
57,183.04,6,9.0,1
7,120.28,2,1.9,1
24,101.48,7,4.8,1
22,33.89,5,7.6,0
52,38.45,8,3.1,1
39,190.7,8,3.4,1
67,196.6,5,9.9,1
50,112.34,5,5.2,0
64,106.68,3,4.0,0
44,135.93,1,6.4,0
10,130.31,7,2.9,1
50,119.22,1,8.4,0
27,71.77,2,9.9,0
13,39.68,4,8.2,0
64,158.94,3,4.8,0
17,138.85,2,7.3,0
35,183.25,8,4.0,1
24,147.41,1,5.2,0
53,33.43,8,3.6,0
25,154.84,4,9.9,0
69,96.33,2,7.8,0
59,160.68,0,5.6,0
67,190.86,2,5.1,0
12,197.92,1,8.0,0
11,53.82,1,6.6,0
65,65.72,1,7.4,0
58,137.93,3,4.9,1
40,162.69,9,4.5,1
28,198.66,2,1.1,1
46,114.14,0,8.4,0
61,52.19,8,9.1,0
21,162.46,4,9.1,0
14,91.06,5,7.4,1
9,37.01,3,6.0,0
16,46.37,7,3.8,0
60,183.19,9,3.8,0
41,115.59,7,9.4,0
58,110.97,1,9.6,0
66,105.95,4,2.6,0
56,141.26,1,9.4,0
8,67.05,8,8.4,0
36,133.06,7,9.3,1
26,112.6,5,5.5,0
66,101.28,6,4.3,1
58,90.24,8,7.2,0
25,115.94,5,7.2,0
17,130.56,1,4.3,1
23,166.91,4,6.0,0
46,34.44,4,2.7,0
16,105.73,9,7.6,1
23,103.17,5,6.1,1
25,39.57,8,7.9,0
1,198.55,5,8.2,0
13,152.06,8,6.1,1
38,97.42,2,7.0,1
64,128.86,0,1.2,0
40,130.19,9,8.7,0
68,88.91,8,4.1,1
47,77.81,1,3.3,0
33,140.82,7,9.5,0
57,152.04,7,2.3,1
43,110.7,9,8.9,0
53,148.23,9,1.2,1
67,172.31,2,7.3,0
40,133.89,3,1.8,1
51,89.44,7,5.0,1
13,177.34,3,9.5,1
9,165.95,6,3.1,1
67,78.73,5,1.5,0
41,33.59,1,5.2,1
64,37.25,8,3.4,0
68,99.93,3,1.8,0
26,67.09,3,2.9,0
58,166.1,3,6.3,0
1,42.96,1,8.3,0
63,129.09,5,5.8,1
60,116.7,6,6.2,0
71,142.92,6,5.3,0
5,173.33,9,4.1,1
27,117.85,2,7.7,0
71,167.64,0,5.8,0
52,147.96,7,5.4,0
3,156.26,9,8.1,1
49,82.41,0,2.0,0
51,176.7,7,4.1,1
44,31.86,3,6.9,0
25,189.77,7,4.8,1
63,165.45,7,3.7,0
10,93.56,4,9.7,0
15,142.64,7,5.0,1
71,66.31,8,8.8,0
33,41.96,6,7.7,0
46,96.94,1,6.3,0
35,49.55,6,1.2,0
53,83.19,0,7.0,0
9,187.51,1,7.9,1
52,199.94,9,7.9,1
42,182.62,4,9.2,0
19,114.96,5,1.4,0
15,190.0,8,7.1,1
18,102.0,4,2.9,0
52,158.06,5,4.6,1
42,173.25,4,7.0,1
6,171.72,0,2.1,1
47,159.65,5,9.0,0
45,102.09,4,4.7,1
10,166.88,2,5.1,1
57,73.78,6,8.2,0
1,82.43,1,1.5,0
62,168.64,4,3.8,0
31,179.16,7,3.3,1
13,167.22,6,2.0,1
53,191.81,3,1.5,1
41,147.37,2,8.6,0
6,184.1,8,2.1,1
18,115.51,6,4.7,0
16,106.69,6,4.8,0
16,169.69,1,2.6,0
6,132.0,7,4.0,1
71,142.6,1,7.2,0
18,117.9,9,1.3,1
44,69.7,1,3.1,0
18,90.82,6,7.5,0
60,58.94,9,2.5,1
51,114.08,5,8.4,0
41,51.73,1,3.7,0
60,119.6,5,8.5,0
53,43.81,6,9.0,0
64,50.03,9,4.1,0
61,105.15,5,4.0,0
16,35.75,3,5.8,0
22,57.03,9,1.7,1
17,139.47,7,5.6,1
64,124.03,5,8.1,0
26,41.4,6,6.7,0
64,145.58,8,8.3,0
8,84.47,5,2.6,1
65,51.57,4,9.0,0
38,157.73,8,3.3,1
28,180.3,4,3.0,1
3,141.21,6,9.8,0
67,37.73,7,5.2,0
59,108.6,1,5.8,1
51,101.34,4,5.1,0
3,114.19,1,7.9,0
35,111.34,0,2.5,0
28,106.9,5,3.6,0
49,192.17,0,3.0,0
30,166.93,1,8.2,0
61,54.8,4,9.9,0
22,30.25,1,3.1,0
1,118.83,9,6.7,1
9,124.7,7,7.0,1
38,196.99,4,4.0,1
2,82.58,8,6.3,0
31,147.46,2,8.0,0
9,192.03,6,9.2,1
9,129.0,6,7.9,1
15,188.48,8,7.4,1
35,164.03,4,6.0,0
6,178.74,1,5.2,0
22,184.89,3,2.1,1
67,168.34,6,6.0,1
44,92.14,6,9.2,1
52,98.3,0,3.6,0
9,109.55,9,9.2,0
14,162.0,3,6.3,0
64,183.41,2,1.4,0
45,140.32,3,5.4,0
41,64.14,7,9.5,0
65,129.48,0,3.1,0
20,157.93,7,7.4,1
38,179.43,8,8.9,1
46,52.44,3,8.8,1
47,166.49,1,7.0,0
52,131.19,3,1.4,0
3,190.51,0,2.4,0
66,117.68,3,4.0,0
26,75.68,9,9.4,1
62,64.93,9,3.2,0
61,157.42,7,4.5,1
32,153.51,5,2.4,1
18,127.76,7,4.1,1
58,76.52,1,7.2,0
53,126.72,5,9.6,1
64,39.31,2,5.0,0
32,130.16,9,5.2,1
35,77.68,7,9.0,0
3,102.03,6,6.3,1
9,63.96,4,2.3,0
15,131.64,0,4.5,0
17,52.82,2,7.0,0
67,95.84,2,6.1,0
45,90.27,4,5.7,0
10,73.45,8,4.9,1
27,141.51,1,1.6,0
5,43.31,0,3.7,0
14,121.13,2,8.5,0
65,197.82,8,3.5,1
41,46.24,8,3.1,1
31,107.67,2,6.2,0
49,195.23,2,4.0,0
51,76.8,0,3.8,1
20,32.77,5,9.1,0
39,183.98,2,1.9,0
61,40.66,0,2.0,0
23,100.39,5,5.4,1
41,180.15,7,7.9,1
7,113.21,2,1.5,1
6,123.56,5,4.4,1
48,159.46,7,6.3,1
41,102.2,5,6.7,0
59,87.76,8,8.9,1
68,186.71,2,1.3,1
40,86.13,8,1.3,1
7,86.67,7,6.9,0
8,85.39,7,2.9,0
61,154.56,6,5.2,1
5,154.03,5,2.0,1
12,118.33,2,2.1,1
24,180.92,0,5.2,0
16,72.84,4,4.7,0
20,88.72,1,5.7,0
63,179.93,9,6.7,1
6,40.99,2,6.8,0
45,86.16,4,8.1,0
30,139.2,8,2.6,1
34,155.84,7,4.2,1
46,36.37,1,5.9,0
33,118.6,8,2.2,1
31,43.73,6,8.7,0
33,130.3,8,1.4,1
42,137.39,7,8.9,1
37,37.33,3,3.8,0
5,38.02,6,7.8,1
54,141.32,5,4.2,0
24,106.95,5,1.8,1
12,79.42,7,9.4,0
56,40.77,6,9.8,0
24,153.81,9,3.3,1
64,73.16,8,7.4,0
35,133.41,9,7.2,1
62,193.66,6,3.5,0
34,93.04,1,2.4,0
62,91.97,7,8.9,0
8,116.05,6,5.0,0
6,31.65,4,4.1,1
26,130.81,1,9.6,0
6,116.29,9,2.8,1
29,103.19,5,8.9,1
31,66.7,4,4.6,0
18,49.42,9,5.2,1
32,106.88,7,9.2,0
27,69.27,7,3.5,1
