distance_miles,traffic_index,driver_rating,order_value,delivery_time
15.84,2.04,3.77,62.2,32.56
28.56,8.91,3.9,148.04,93.29
5.18,3.69,4.62,61.48,21.03
28.51,7.71,3.4,108.06,95.17
10.04,9.44,4.14,27.04,69.02
13.28,4.19,3.75,148.63,28.39
25.0,9.38,4.34,145.93,85.25
12.87,8.94,4.14,148.39,72.08
16.94,2.09,3.03,118.21,41.66
1.8,2.15,4.57,15.3,10.47
22.85,9.11,4.15,48.79,83.09
16.61,8.54,3.85,8.59,72.25
10.56,8.42,3.1,78.99,63.55
23.86,7.0,3.12,94.76,59.94
9.79,9.62,4.73,146.81,36.16
14.15,4.8,4.18,46.39,32.51
4.89,8.37,3.87,91.63,33.93
12.69,7.97,4.75,148.73,66.24
6.9,4.93,3.89,102.38,23.06
8.61,3.63,3.05,127.37,22.67
22.76,2.03,4.34,143.09,50.05
9.13,9.58,4.04,10.49,38.7
15.07,8.37,4.27,93.27,66.3
29.44,7.69,4.05,78.6,87.52
28.89,3.26,3.4,78.91,55.6
22.02,8.38,3.81,98.79,83.73
16.7,2.77,4.53,21.5,36.03
9.03,6.72,4.11,92.05,27.68
5.66,2.46,4.33,26.38,22.15
29.13,5.07,4.6,75.54,61.03
15.97,6.5,4.55,85.47,40.91
4.36,7.47,3.57,124.13,23.88
19.08,9.26,3.64,26.32,76.43
23.52,9.62,3.62,149.0,89.22
18.78,7.84,3.79,125.57,72.74
27.6,1.4,4.47,8.9,50.11
2.15,4.48,4.74,129.72,19.16
16.33,7.54,3.24,78.45,69.83
14.32,8.81,3.6,149.79,73.19
2.81,1.2,4.34,67.54,15.23
19.6,4.6,4.07,7.02,43.46
25.73,9.42,4.57,119.62,85.52
18.2,9.35,4.18,75.81,75.48
8.54,8.96,4.79,20.61,32.06
25.36,2.38,4.53,26.31,46.08
15.78,3.9,3.9,97.96,41.84
15.82,9.35,3.88,109.72,70.94
22.84,9.28,3.41,25.3,89.91
5.29,9.67,4.62,13.66,26.94
24.77,7.3,4.91,36.12,64.15
20.82,7.39,4.8,20.89,53.22
23.83,3.27,4.14,62.29,47.36
6.56,7.39,4.75,83.54,27.03
24.27,3.37,3.09,35.8,50.55
6.55,8.58,3.64,131.85,27.24
3.37,6.44,3.12,142.5,22.98
25.8,3.55,4.04,59.42,56.24
25.98,2.34,3.15,29.7,49.04
26.42,2.12,4.07,124.36,50.54
14.69,2.38,3.26,37.59,25.35
8.95,9.25,4.78,112.07,35.56
1.21,4.32,4.66,124.04,10.97
19.73,6.1,3.77,15.65,44.06
21.88,2.32,4.32,10.66,38.81
25.23,9.07,4.32,37.41,82.14
9.17,9.93,4.17,14.05,42.36
7.24,5.63,4.77,27.98,22.95
19.54,9.55,4.31,144.97,80.3
24.35,9.73,3.86,85.82,89.7
28.95,7.08,3.74,13.48,66.27
5.37,2.29,3.4,9.71,19.08
14.98,6.94,3.07,131.92,39.74
26.95,2.64,3.53,56.04,55.08
13.26,9.06,4.2,39.16,67.85
18.1,9.02,4.48,69.59,78.03
1.71,2.62,3.0,96.47,17.05
20.53,4.18,4.9,42.94,44.2
27.65,7.15,4.83,16.48,58.96
24.98,3.16,4.28,22.43,47.36
26.68,8.58,4.94,136.01,82.72
20.15,5.57,3.11,57.8,43.93
8.12,6.82,3.5,69.16,32.42
23.29,5.1,3.2,36.06,51.49
7.14,8.27,4.47,26.0,31.82
25.11,8.12,4.79,116.17,85.29
2.82,8.24,4.91,35.17,23.68
24.94,4.29,4.24,19.19,47.83
5.77,4.22,3.82,52.23,19.25
11.88,3.18,3.24,20.8,30.05
10.19,9.1,3.39,48.16,62.62
21.05,2.06,3.74,82.54,38.99
6.18,4.2,3.46,25.9,21.87
12.49,1.31,4.95,88.23,26.23
1.17,6.9,3.42,89.67,18.97
8.61,9.64,3.08,73.63,40.87
13.21,5.82,3.31,44.72,43.08
4.07,1.31,3.06,112.15,15.77
19.36,4.17,3.06,128.09,48.52
12.03,6.96,3.25,51.08,39.92
22.03,2.45,4.57,11.69,39.17
19.96,5.68,4.38,145.23,54.02
13.51,4.04,3.15,121.7,35.95
26.15,1.4,4.03,134.55,48.81
19.33,8.05,4.11,98.08,76.03
24.5,3.61,4.67,9.23,47.86
10.91,2.63,4.1,73.91,28.4
16.77,6.92,4.93,11.69,43.43
6.69,4.96,4.88,30.07,23.18
29.89,3.92,4.34,13.76,55.45
8.05,1.93,4.47,71.93,24.82
8.45,9.89,4.52,69.82,37.41
3.12,6.34,4.97,27.5,16.77
8.48,4.99,4.16,132.58,28.79
23.13,6.28,3.33,54.36,54.89
21.24,5.08,3.83,135.07,50.19
4.73,8.1,4.17,57.98,26.95
11.91,8.8,3.59,148.42,67.5
13.21,3.72,3.44,5.37,28.79
20.28,9.38,4.46,85.98,80.04
14.22,3.66,4.86,137.56,36.03
18.01,6.73,4.24,109.74,52.04
25.35,9.49,3.77,100.84,86.06
22.07,7.28,4.95,147.36,54.0
11.59,1.48,4.42,24.55,24.46
14.0,6.6,4.95,24.93,30.9
11.66,8.7,4.88,47.08,67.51
4.18,1.47,3.92,123.91,19.22
6.89,2.81,4.18,48.13,22.13
9.23,4.69,3.8,109.68,30.86
10.11,4.51,4.03,101.06,29.61
10.08,9.83,4.24,88.57,66.27
17.72,1.77,3.59,8.62,35.6
29.18,2.59,3.85,29.83,54.59
23.47,6.7,4.66,141.23,51.7
23.94,2.01,4.46,11.12,37.62
23.02,6.56,3.31,46.06,48.41
18.31,6.68,3.24,16.96,49.14
27.61,5.97,4.66,58.4,63.17
21.0,4.8,3.7,28.11,49.49
15.51,5.22,4.86,72.33,37.82
3.24,4.33,3.63,137.01,17.1
15.17,4.49,3.22,99.44,39.34
7.17,4.13,4.8,143.4,22.55
4.85,3.75,3.83,20.47,20.4
15.68,2.55,4.24,89.39,34.33
23.77,6.06,3.64,121.43,50.97
9.56,6.46,4.24,95.52,35.11
23.29,5.91,4.45,78.31,53.5
16.24,5.57,4.96,19.76,41.31
5.32,8.3,3.11,52.51,31.28
28.98,9.22,4.89,145.15,91.08
12.65,1.56,4.11,75.27,30.9
9.56,4.65,3.3,18.66,29.24
25.56,5.23,4.93,97.71,55.71
4.61,1.89,4.56,14.26,13.97
22.27,4.0,3.4,25.67,43.62
6.45,4.76,4.4,38.5,22.15
12.38,1.36,4.75,16.39,20.6
7.73,4.89,3.79,32.28,23.59
25.4,1.92,3.11,30.05,46.58
12.31,4.65,3.07,76.15,32.84
29.27,2.79,3.06,45.08,62.56
19.13,1.92,4.94,141.24,35.17
21.12,1.58,4.03,66.59,38.9
16.12,5.63,3.06,75.37,43.59
9.96,1.03,3.09,109.74,30.69
12.47,4.58,4.26,57.04,32.8
28.29,1.54,4.55,125.15,52.93
6.83,7.2,4.76,73.28,28.29
29.66,6.84,3.25,36.01,61.29
22.99,2.38,3.98,44.24,42.27
11.43,4.27,3.54,106.93,35.24
19.6,7.51,4.81,145.31,74.8
12.05,2.15,4.79,78.1,26.84
12.06,8.32,3.33,127.41,67.2
15.61,6.95,4.99,57.46,44.75
1.48,9.47,4.06,41.99,30.68
15.31,6.42,4.78,100.01,40.77
29.18,1.4,3.28,39.25,50.95
9.28,4.68,3.54,16.67,27.15
22.7,7.2,3.26,71.43,50.61
13.84,5.22,3.8,5.02,34.75
7.07,4.35,4.24,62.96,25.96
27.25,3.26,3.67,95.17,55.45
1.49,7.21,3.53,38.83,20.4
9.8,2.4,4.57,7.38,22.74
29.97,7.87,4.53,79.96,89.3
8.6,3.53,4.34,130.92,26.19
25.62,6.2,4.29,107.01,59.53
18.56,9.3,4.95,115.5,77.12
24.38,6.34,4.91,116.47,52.0
19.28,8.82,4.33,47.36,74.81
11.52,1.8,3.7,131.42,25.91
23.06,5.59,3.92,70.43,51.66
1.77,6.89,4.35,143.44,21.79
13.96,2.46,4.63,36.41,25.66
11.78,7.27,3.76,15.55,35.11
14.84,6.93,4.42,77.42,43.12
4.7,5.13,4.44,79.13,18.88
7.45,8.15,4.06,139.61,31.13
17.3,1.03,4.22,89.52,34.3
12.25,9.36,4.9,90.86,72.61
23.96,1.82,3.49,80.73,46.88
18.55,7.93,4.73,5.29,69.19
25.98,2.41,4.54,147.84,48.95
22.24,1.11,3.26,57.37,43.25
18.45,6.38,3.51,59.05,50.78
9.34,5.94,3.49,119.35,37.56
23.7,7.7,4.04,129.94,79.43
8.29,8.75,3.69,19.78,33.3
3.18,5.19,4.1,23.63,18.77
28.92,5.73,4.11,105.97,60.8
16.66,6.29,4.98,114.17,44.24
23.44,4.0,4.0,21.8,48.62
16.35,8.21,4.81,27.42,68.93
18.74,7.87,4.9,89.22,77.74
1.98,2.43,4.72,95.71,12.92
6.42,7.22,4.61,33.68,23.48
20.57,2.93,4.57,131.05,42.51
17.55,3.56,3.78,53.99,37.45
5.6,6.17,4.52,59.01,24.58
28.61,4.96,4.67,45.76,62.27
5.48,6.2,3.9,108.51,28.44
15.8,3.13,4.41,84.29,31.16
5.18,7.83,3.47,111.31,30.88
21.8,2.0,3.28,92.36,45.03
9.01,1.07,4.92,17.24,17.33
4.89,2.85,4.12,97.0,21.39
2.33,5.53,4.65,28.15,16.71
6.07,8.66,4.9,32.84,31.77
6.56,4.06,4.38,85.88,21.39
16.57,1.79,4.54,80.83,30.85
14.08,9.88,3.5,53.98,74.25
28.76,7.14,4.46,101.82,58.36
28.67,3.55,4.76,48.05,59.99
24.1,3.05,3.47,18.53,46.98
20.48,2.35,3.25,52.97,35.52
25.51,2.0,4.55,62.73,43.04
28.22,7.47,3.04,82.53,61.69
1.66,2.04,3.26,38.09,5.83
4.43,7.12,3.7,118.47,32.22
11.45,4.62,3.4,143.77,42.1
3.71,6.65,4.9,19.44,19.81
18.39,4.31,4.07,142.25,44.41
8.55,2.05,3.56,42.49,28.47
8.67,1.0,3.04,61.4,20.33
9.36,8.51,4.1,105.11,39.0
3.83,8.44,4.08,46.75,30.37
22.49,2.17,3.71,47.29,38.62
19.87,3.48,4.03,11.63,41.86
18.59,5.1,4.04,109.16,47.55
1.99,9.43,3.4,67.47,28.47
13.45,4.3,4.78,124.62,34.71
20.87,6.02,3.88,148.96,54.19
5.53,1.07,3.75,138.03,21.61
12.18,1.53,3.33,75.35,27.68
1.58,7.64,3.47,114.06,18.99
3.37,5.62,4.29,51.42,19.93
7.28,1.59,3.59,131.86,21.21
13.02,7.51,3.4,20.8,64.96
14.43,2.83,4.03,79.07,33.41
26.65,9.12,4.49,77.86,85.97
10.18,9.89,3.5,141.56,67.77
1.62,9.55,3.68,125.22,24.21
24.96,2.64,3.0,125.18,57.53
2.79,6.33,3.96,130.98,22.53
3.7,8.9,4.77,114.51,27.15
28.93,6.63,4.81,74.66,65.05
22.85,1.61,4.59,28.82,40.74
10.8,3.35,3.41,40.59,29.2
4.83,7.04,3.67,61.97,33.67
12.22,4.42,3.16,86.75,31.47
10.84,2.47,4.1,144.46,28.07
26.36,6.09,4.33,9.15,56.44
13.14,8.68,3.45,136.74,72.34
3.38,7.12,4.83,59.35,21.05
27.88,3.38,4.12,77.62,52.5
19.05,2.73,3.51,107.91,35.85
4.38,1.99,3.64,11.27,17.94
4.28,3.47,4.35,43.49,16.63
14.51,6.32,3.76,113.66,39.44
3.67,9.2,3.34,36.72,30.52
19.32,3.42,3.94,17.54,43.58
18.88,7.72,3.42,30.13,71.98
1.93,9.55,4.37,7.03,19.85
24.42,4.3,3.85,134.44,49.19
23.82,7.97,3.53,83.91,84.63
27.54,9.93,3.31,106.74,94.0
20.44,3.19,3.24,12.18,39.98
21.09,5.93,3.27,120.27,51.95
5.75,8.88,3.74,69.46,30.98
1.69,2.24,3.78,37.08,12.16
2.9,1.68,4.56,120.13,10.75
28.97,6.74,3.68,49.75,58.28
19.73,6.35,3.05,9.77,48.48
28.46,9.16,3.58,25.51,92.51
11.13,6.92,3.14,27.29,36.35
22.9,9.16,3.67,54.14,78.39
2.9,5.7,4.0,44.52,22.52
5.82,6.64,3.55,11.6,29.88
9.04,8.41,3.19,23.45,34.25
16.96,4.71,4.19,146.89,41.09
17.16,4.65,4.62,146.55,40.72
15.47,7.29,4.61,137.33,42.54
13.31,1.54,3.78,118.87,29.67
17.7,5.16,3.91,30.2,44.4
29.03,2.34,4.67,105.36,54.97
14.28,5.19,4.15,47.92,31.14
25.29,1.12,3.59,20.47,44.21
2.62,1.46,4.72,13.58,9.39
12.18,5.83,4.94,34.23,29.81
17.25,3.75,4.63,107.83,31.01
18.99,7.35,4.29,24.78,49.73
8.25,6.03,4.82,113.16,30.59
12.58,5.37,4.78,146.06,36.55
28.46,8.73,3.8,75.73,90.03
19.82,1.44,4.78,98.16,41.07
17.96,9.42,4.39,131.26,81.82
2.89,1.76,3.63,43.3,16.83
2.51,1.43,4.57,135.2,14.54
7.13,9.66,3.56,95.37,41.41
5.0,2.46,3.13,70.85,19.73
29.53,5.16,3.29,80.11,63.05
1.08,4.28,3.1,25.89,12.37
11.61,3.42,3.13,104.49,30.55
2.69,5.61,3.38,131.68,25.88
19.56,8.93,3.23,93.01,81.92
2.35,4.82,3.91,62.82,20.52
2.98,6.67,3.3,64.15,23.97
3.32,9.6,4.53,18.89,22.71
8.88,5.05,4.29,115.11,27.74
17.71,3.93,3.51,47.27,42.63
24.36,5.35,4.86,7.51,45.27
8.75,8.17,3.19,135.39,38.39
9.21,7.2,3.49,31.16,31.31
24.91,9.67,3.74,67.78,85.82
22.63,4.04,4.8,19.32,41.76
4.68,9.43,4.12,142.57,36.47
24.38,4.43,4.38,116.13,51.66
25.11,1.13,4.33,117.61,45.69
6.16,6.8,4.76,77.92,34.62
19.18,9.44,3.56,108.33,77.38
6.71,3.15,4.57,60.05,21.42
8.06,9.09,3.09,127.38,40.32
15.33,8.57,3.45,28.39,71.16
16.14,3.87,3.82,54.72,37.74
14.89,8.05,3.67,22.32,64.12
16.69,3.93,3.16,65.22,37.39
7.18,6.64,4.86,130.1,27.07
23.58,5.5,4.44,109.47,48.55
9.06,2.86,3.85,145.46,27.35
27.47,4.87,3.6,145.73,53.99
15.94,4.61,3.18,142.22,44.11
9.81,1.71,4.66,103.5,25.99
6.06,8.91,3.53,28.84,31.54
15.07,3.66,4.89,53.9,33.84
11.91,3.9,3.55,132.33,34.12
19.07,9.58,4.97,102.81,74.02
15.46,4.58,4.66,35.06,35.43
2.07,4.56,4.42,52.3,20.01
25.16,8.57,4.97,93.0,83.8
2.5,4.11,3.96,51.91,21.34
25.0,9.58,3.7,21.37,88.52
24.57,5.28,3.19,52.38,52.78
27.8,4.41,4.73,118.58,54.79
20.27,3.87,3.25,120.36,48.39
5.66,3.79,3.16,98.95,22.92
13.82,9.77,4.16,135.39,74.37
13.74,5.39,3.14,14.0,30.34
19.34,1.6,3.3,16.39,36.24
12.05,1.7,3.6,91.32,23.18
20.59,8.01,3.54,39.5,78.62
6.91,9.09,3.2,76.5,35.0
11.25,9.64,3.99,148.39,71.74
16.76,1.65,3.72,37.5,30.92
13.4,3.27,3.85,23.38,35.47
4.55,8.46,4.3,109.1,32.66
29.01,8.41,3.49,132.57,90.67
21.05,8.42,4.71,27.2,81.2
25.16,2.55,3.2,6.15,51.3
11.37,7.87,3.77,56.21,60.36
28.4,7.66,4.38,18.84,87.77
24.56,9.14,4.24,61.87,85.33
29.41,5.01,4.42,41.9,59.48
6.72,6.84,4.89,107.14,28.39
14.84,2.81,3.81,69.41,36.83
12.19,7.7,3.87,149.08,65.31
18.8,1.15,4.91,10.25,34.49
8.26,8.72,3.47,23.53,34.36
3.91,7.06,3.19,14.24,23.8
14.82,3.83,4.4,100.58,29.73
19.54,2.8,4.68,66.53,40.41
12.14,5.25,3.51,31.94,33.74
29.64,7.67,3.12,64.6,92.11
12.77,9.35,4.35,38.39,67.13
9.69,9.67,4.76,94.05,36.58
24.6,5.86,4.74,76.32,49.97
14.53,3.68,3.24,9.69,34.36
8.92,2.12,3.74,14.3,17.62
9.31,7.55,4.06,31.03,31.11
28.47,6.36,3.15,82.81,62.5
28.89,2.97,3.6,132.32,55.88
19.74,5.82,3.72,17.44,46.0
9.08,4.54,3.48,64.72,24.86
21.63,8.15,3.96,67.74,77.52
7.29,1.76,4.07,99.53,17.0
10.34,2.72,4.25,58.05,28.72
16.71,2.62,4.66,74.76,34.63
12.63,5.32,3.62,80.94,35.48
11.18,3.96,4.12,124.49,32.9
29.25,6.33,3.3,124.83,67.71
5.94,5.37,4.17,97.42,21.85
18.8,4.08,3.25,148.57,45.39
2.12,7.17,4.4,63.16,19.28
3.66,6.16,3.41,6.79,20.23
7.09,2.13,3.88,131.11,20.29
29.76,4.39,4.81,113.15,56.24
22.07,6.45,3.39,66.63,54.45
26.17,6.6,3.25,48.48,59.12
2.44,5.14,4.47,86.17,15.47
20.76,2.68,4.18,6.79,38.41
13.76,8.47,4.75,5.29,63.83
13.08,5.75,3.3,110.16,41.63
21.54,6.76,4.92,74.68,53.67
9.94,8.79,4.26,96.96,44.86
15.89,1.41,4.89,27.75,24.92
8.56,2.08,3.38,142.48,24.02
12.35,7.57,4.72,26.33,68.04
16.47,1.92,4.27,25.46,33.01
5.58,1.05,4.14,67.4,16.83
9.01,9.8,4.8,75.79,37.84
13.19,1.42,4.78,80.82,26.38
14.71,8.75,4.87,99.99,75.34
24.2,9.82,4.83,128.81,82.89
19.65,4.51,3.84,147.4,51.83
17.31,6.59,4.14,69.9,44.01
26.23,2.02,4.79,71.5,53.64
6.72,9.97,3.32,38.95,33.88
4.02,9.05,3.07,106.3,31.39
12.42,3.63,3.34,79.49,28.55
4.98,1.67,3.96,70.47,16.01
17.12,7.98,3.48,54.41,74.16
17.64,10.0,4.1,73.23,77.53
4.82,2.33,3.58,95.13,19.19
21.77,9.05,3.48,124.57,81.84
17.14,8.76,3.51,91.03,76.72
13.27,2.9,3.42,112.56,35.03
27.61,2.65,4.98,63.05,58.33
25.82,2.81,3.74,88.93,48.58
7.41,3.53,3.64,136.99,28.69
5.83,4.79,3.1,73.97,30.01
27.55,2.87,3.88,28.37,56.76
5.56,3.89,4.49,116.61,22.68
22.96,6.16,3.41,88.34,53.89
10.06,6.37,4.9,48.9,32.81
11.47,9.99,4.45,34.27,68.71
17.06,2.37,4.6,41.31,33.47
27.85,9.07,4.15,124.32,91.95
1.06,3.18,4.66,98.25,15.99
5.71,2.86,3.36,80.76,24.09
21.89,8.97,3.99,32.5,81.08
12.44,6.15,3.06,119.1,36.2
9.35,7.27,4.11,76.56,36.03
28.92,9.08,3.68,47.26,91.35
8.66,7.88,4.12,102.24,32.28
21.71,7.79,4.76,105.05,79.46
28.96,4.04,3.82,29.16,54.85
23.12,3.86,4.1,130.37,46.47
21.57,5.51,4.94,62.19,46.85
21.97,4.49,4.19,37.71,40.91
24.35,2.72,4.66,47.31,45.73
8.87,7.58,4.38,141.23,36.03
19.17,7.97,3.42,71.35,75.14
24.28,9.23,4.82,99.2,83.78
26.76,6.87,3.71,78.71,59.13
27.27,5.62,4.72,149.21,61.3
27.21,4.23,3.89,110.45,62.55
3.83,4.62,3.46,125.38,19.46
11.92,8.4,4.28,54.99,60.18
14.24,7.6,3.43,138.3,72.23
26.86,1.92,4.43,118.72,45.96
13.16,6.34,3.08,112.93,37.39
8.68,9.04,4.22,126.66,39.0
1.58,8.6,4.43,71.95,23.97
9.37,4.41,3.42,101.87,27.14
23.64,8.42,3.12,130.82,87.54
1.58,8.6,4.24,47.99,19.63
5.78,6.58,4.86,130.18,31.47
10.02,8.89,4.87,120.26,60.29
16.43,2.31,3.45,123.34,37.13
11.53,9.43,4.94,102.25,64.79
26.6,8.63,3.36,61.65,92.28
7.02,4.64,4.02,91.99,22.74
17.29,8.19,3.32,135.94,72.62
23.56,5.53,4.57,114.98,53.85
27.96,8.12,4.85,86.47,92.16
26.33,3.93,3.65,39.84,52.44
4.93,6.9,4.91,132.82,27.23
23.96,1.63,4.33,80.29,47.1
20.59,9.83,4.49,36.58,79.39
13.23,7.43,4.57,55.68,41.02
1.74,9.15,4.91,60.97,20.12
5.87,6.92,4.33,89.91,25.44
22.73,7.12,4.35,7.69,53.95
3.44,9.11,3.52,37.98,29.26
10.07,9.96,4.83,16.67,60.32
8.4,4.35,4.54,143.04,25.59
22.64,3.67,4.89,63.54,48.6
11.41,7.77,4.27,67.48,58.36
3.53,5.34,3.46,107.49,20.65
11.74,10.0,4.28,93.65,71.99
10.48,6.06,4.11,88.79,35.43
21.79,1.98,3.36,86.16,41.98
10.28,1.4,3.62,47.86,23.05
21.11,7.75,4.95,100.6,78.06
16.62,4.11,4.97,58.25,32.17
26.74,3.49,4.07,123.04,57.93
22.27,7.08,3.76,50.03,49.75
12.83,3.17,4.44,78.02,29.81
15.06,4.37,3.07,11.64,38.71
14.67,4.41,4.86,13.44,32.53
26.28,8.02,3.88,93.82,90.85
5.0,7.48,3.16,12.98,27.57
13.3,9.29,3.81,142.89,70.66
16.51,3.51,4.51,39.03,40.88
13.65,9.96,3.04,82.61,70.43
18.34,5.88,4.77,55.47,41.69
15.47,4.26,3.73,6.79,39.38
13.0,9.47,3.96,126.26,67.03
20.92,2.59,3.64,101.52,42.98
10.55,9.65,4.19,5.27,65.78
18.6,1.2,3.7,59.84,36.63
22.13,2.44,3.65,113.45,47.22
4.79,5.87,4.06,91.24,24.59
10.47,3.44,3.8,89.2,30.21
28.4,7.56,4.75,25.15,82.68
29.01,6.33,3.68,17.26,56.76
29.78,3.25,3.24,141.01,65.46
2.23,5.06,4.37,51.55,17.52
24.97,1.14,4.53,42.24,48.85
28.12,9.15,4.87,51.94,85.48
27.16,1.46,3.76,92.58,49.42
21.73,3.87,3.9,66.84,47.45
20.59,9.16,4.46,70.68,85.5
21.87,5.66,3.86,52.26,53.9
17.67,5.91,4.99,47.3,39.66
23.86,6.85,3.96,99.61,59.85
15.56,7.3,3.35,47.89,46.18
7.55,3.9,4.58,86.13,25.38
3.74,2.07,3.22,95.4,22.68
27.34,6.58,3.7,76.46,60.67
22.89,5.23,3.34,128.06,52.17
6.14,6.5,4.55,146.4,22.11
24.85,9.61,4.66,75.26,87.89
9.71,6.13,4.52,68.93,27.04
19.43,2.77,3.86,139.57,44.57
11.33,4.03,4.54,70.3,24.66
7.21,8.91,4.81,91.98,31.52
6.09,3.35,3.65,113.08,27.75
3.06,3.74,3.69,27.48,16.53
3.16,9.49,4.7,108.64,27.29
3.0,5.31,4.71,119.51,22.86
3.61,7.16,3.67,60.17,20.45
25.19,9.4,4.21,104.84,90.06
16.02,8.72,4.23,118.27,73.33
4.73,1.2,3.04,49.43,18.22
16.22,5.51,4.2,100.75,38.86
16.74,7.16,4.78,41.09,41.85
15.4,2.24,4.61,95.09,27.47
6.99,2.61,4.62,33.91,25.09
13.6,7.98,4.81,89.04,65.77
26.25,7.64,4.24,40.19,79.93
12.13,9.84,4.6,31.52,65.3
15.62,1.51,4.92,145.76,27.43
27.98,1.45,4.66,15.99,43.52
7.75,9.9,4.17,81.15,35.65
22.04,7.34,3.77,87.42,52.68
15.03,1.88,4.14,119.3,30.4
23.83,6.96,4.66,37.69,57.92
11.43,6.82,4.92,149.51,34.0
16.73,7.18,3.23,148.21,49.2
11.68,8.47,4.32,77.65,62.13
26.12,7.57,4.02,93.75,85.44
27.53,5.97,3.54,58.97,53.21
19.32,4.38,3.43,48.47,41.55
29.45,2.78,4.66,87.21,50.48
22.23,9.86,3.4,36.28,87.38
25.08,5.03,4.82,81.86,51.27
26.95,3.44,4.32,76.69,49.6
8.89,6.86,3.31,50.42,36.29
29.61,7.07,4.53,18.34,67.16
12.32,6.35,4.03,89.86,36.71
15.42,8.9,4.1,143.09,71.24
6.23,6.46,4.68,127.05,29.19
24.82,4.44,4.97,23.78,50.24
10.77,1.84,3.76,47.81,22.03
20.99,2.09,4.42,72.6,37.59
7.33,5.44,3.2,95.3,38.3
11.19,3.35,4.04,76.8,27.18
12.14,2.29,4.06,102.88,30.49
7.86,8.48,3.13,9.38,33.47
2.02,5.09,3.87,86.38,14.96
23.34,7.56,4.5,103.7,81.44
28.56,8.66,3.08,139.3,91.81
7.56,1.49,3.62,40.63,18.01
5.72,9.61,4.34,12.31,35.89
11.08,5.99,3.21,85.35,35.8
3.4,3.97,4.53,83.8,18.26
19.84,5.37,3.97,96.61,39.56
11.69,3.01,4.91,25.38,27.66
17.31,3.99,4.33,48.42,38.36
27.27,6.49,4.07,140.34,58.39
25.99,2.74,4.79,131.4,48.6
27.73,5.05,4.11,104.4,59.16
28.12,3.55,3.59,121.21,53.5
18.1,8.02,4.19,59.37,72.87
15.57,3.16,3.44,138.18,31.56
2.09,7.57,3.87,13.17,20.44
3.97,1.12,3.81,26.38,11.01
16.19,4.95,4.98,14.4,36.68
25.82,5.26,4.07,29.93,61.36
13.55,4.66,3.57,123.61,46.45
1.11,5.67,3.45,129.98,16.35
7.16,8.61,4.62,104.52,37.49
23.04,5.71,4.28,92.9,54.5
5.59,8.35,3.04,115.37,37.06
6.79,7.57,3.88,106.41,34.95
9.28,2.76,3.15,141.98,27.5
18.67,3.69,4.53,135.39,42.99
25.26,2.42,4.89,31.59,49.16
7.35,8.01,4.67,105.0,29.16
18.38,1.87,3.46,119.0,38.43
16.37,8.71,3.36,111.12,75.34
13.9,5.99,4.63,125.59,43.94
17.83,4.88,4.96,108.26,44.03
24.61,6.07,3.09,124.34,54.04
7.31,5.84,3.06,104.44,31.64
15.42,6.58,4.58,75.97,40.85
3.84,5.88,4.27,54.44,21.58
15.88,3.75,4.99,131.14,36.55
23.94,9.09,4.18,13.97,82.04
29.96,6.55,4.01,75.18,65.66
14.8,9.96,4.17,28.67,73.25
9.6,2.18,4.57,18.11,22.62
17.81,9.47,4.79,44.84,76.04
11.78,6.63,4.78,70.16,32.37
4.39,7.11,4.3,131.46,28.7
16.21,9.47,3.55,97.72,76.57
24.17,1.56,3.25,27.1,44.47
26.84,2.7,4.28,148.3,53.16
29.37,6.14,4.27,27.21,58.28
11.66,3.68,3.34,98.89,32.64
8.3,1.15,3.9,89.39,18.35
4.21,3.62,4.32,45.34,23.77
13.65,7.22,4.01,149.05,40.33
24.4,7.14,4.31,77.91,57.98
7.8,1.22,4.15,88.17,19.38
25.64,3.91,3.08,108.54,56.82
21.64,8.71,4.45,8.43,76.81
6.83,6.87,3.66,42.0,29.73
19.32,6.57,4.09,88.59,46.75
24.77,9.76,4.19,49.12,86.39
28.05,3.96,3.22,38.13,57.08
5.7,1.75,4.48,84.48,24.25
24.84,6.58,4.06,52.76,60.19
23.5,6.76,3.39,115.64,53.39
8.07,5.93,3.44,102.09,31.66
9.54,9.59,4.21,97.66,42.7
28.76,7.12,4.66,7.38,64.74
11.5,1.61,4.68,62.5,27.26
9.38,6.83,3.94,8.19,32.75
21.88,1.6,3.54,95.61,43.41
4.85,6.13,3.82,15.39,26.58
15.01,5.52,4.13,139.29,39.23
11.39,1.03,4.53,20.78,25.18
16.78,2.77,3.06,113.16,40.74
18.49,4.77,4.1,109.14,43.31
19.56,3.87,4.33,69.79,37.94
13.54,2.2,3.13,52.77,32.19
26.72,6.55,4.94,113.25,56.77
25.23,9.49,4.92,104.52,87.57
28.07,1.35,4.76,10.19,47.16
13.93,7.94,4.87,75.9,66.57
22.17,4.18,3.31,47.28,46.9
13.49,3.44,4.83,42.73,34.03
9.08,8.14,3.64,114.23,34.2
19.9,9.39,3.74,91.23,84.03
28.43,9.83,3.11,121.74,95.96
24.32,9.4,4.82,73.52,83.63
9.27,2.12,4.34,73.61,26.66
7.62,1.1,4.85,68.72,25.14
23.38,7.73,4.99,79.18,76.81
21.45,7.88,4.46,8.28,74.76
26.04,2.34,4.22,14.98,48.39
5.24,6.15,4.18,24.17,26.38
25.99,6.8,3.33,89.9,60.48
13.55,4.44,3.93,122.56,38.09
8.93,2.52,4.17,51.32,22.22
10.95,4.06,3.87,67.6,34.12
29.81,3.53,4.75,37.86,56.09
28.72,1.07,3.93,92.87,58.52
3.43,3.48,3.1,12.05,16.16
10.14,3.24,3.43,26.53,27.27
21.87,7.08,4.1,122.53,54.2
2.02,6.74,4.48,56.01,20.09
2.04,7.08,4.8,148.33,26.09
2.3,3.64,3.84,94.99,13.46
26.18,6.35,4.37,47.24,54.71
10.68,2.08,3.23,97.07,33.65
10.24,7.88,3.82,144.41,63.04
24.01,9.46,3.68,9.79,84.54
10.24,7.89,4.99,139.39,65.78
22.41,7.58,3.29,115.87,79.32
11.71,6.15,4.24,139.68,31.28
9.63,7.86,4.46,120.31,34.73
12.23,5.18,3.02,148.18,33.76
5.87,3.32,4.01,30.12,25.22
3.18,8.01,4.72,107.39,27.14
26.26,5.65,3.58,17.95,54.37
26.18,9.33,4.27,72.81,90.97
14.36,6.28,4.19,140.15,43.52
20.96,5.81,4.89,132.76,44.46
26.02,1.35,4.73,93.25,47.8
12.33,2.99,3.49,65.78,28.12
21.64,7.47,3.54,129.09,57.67
22.89,4.95,4.41,64.7,52.84
3.26,9.33,4.93,7.95,29.23
5.01,6.54,3.35,37.1,27.23
22.76,3.38,4.9,84.88,44.95
21.46,3.21,4.63,71.82,47.61
6.37,3.62,3.55,145.02,23.05
24.98,2.95,4.1,64.36,55.42
24.23,5.78,3.71,77.18,52.99
10.65,1.76,3.43,47.26,25.06
10.87,6.21,3.9,40.35,29.08
4.21,4.86,3.39,11.53,24.35
13.92,8.91,3.4,26.63,68.03
4.18,9.02,4.1,142.92,30.62
16.76,3.67,4.37,59.59,36.18
19.11,2.72,3.23,37.41,41.91
17.88,4.8,4.26,84.99,38.82
3.08,5.56,4.89,73.78,16.5
19.03,7.4,4.64,107.6,48.28
22.81,9.74,4.57,146.26,85.13
5.11,9.05,3.43,40.3,30.81
18.26,4.57,3.15,86.03,41.91
24.75,5.94,3.72,53.1,61.72
6.61,6.23,3.89,130.53,27.09
27.49,8.91,3.44,37.33,89.32
29.19,1.95,3.38,102.26,55.68
21.64,8.34,3.44,50.06,84.0
26.29,3.36,3.35,128.48,54.73
8.88,1.97,3.06,13.17,14.64
20.28,9.82,3.1,114.88,87.19
27.86,4.13,3.17,102.53,56.7
2.3,7.73,4.25,132.53,24.7
24.8,4.27,3.18,7.59,49.93
7.87,3.62,3.24,55.72,24.19
24.23,5.89,3.76,20.48,55.83
19.63,3.1,4.19,112.73,43.09
24.24,3.2,4.61,136.09,49.7
12.63,1.46,4.47,93.79,26.43
14.06,7.43,3.99,8.05,42.05
27.8,9.29,3.29,103.27,94.5
3.07,1.04,3.31,100.51,13.19
5.53,3.6,4.96,106.66,17.23
29.21,8.83,3.61,83.5,97.87
27.48,6.41,3.8,141.32,64.16
5.26,2.16,4.62,13.11,12.42
29.23,3.16,3.39,120.21,58.4
8.7,2.87,3.09,90.84,28.01
26.87,1.3,4.29,133.46,52.42
27.24,2.16,4.9,102.48,52.58
1.69,2.14,4.9,5.95,9.07
1.28,5.53,4.35,121.61,20.33
10.48,7.91,3.6,98.53,69.34
28.0,5.67,3.38,24.96,59.42
23.95,6.91,4.57,93.03,57.6
12.22,8.95,3.87,85.91,70.73
25.88,8.03,4.15,133.72,87.96
9.92,1.9,5.0,126.45,22.24
11.08,1.24,3.64,144.24,23.93
6.52,9.37,4.65,131.02,35.49
28.83,3.35,3.76,59.98,56.25
24.31,8.77,3.81,101.54,85.19
14.41,2.57,4.77,9.14,25.22
8.66,8.91,3.39,120.38,34.84
29.01,4.96,4.82,99.07,58.36
12.51,1.26,3.83,148.64,33.39
7.11,9.9,4.66,43.47,32.55
13.32,2.05,4.4,13.16,27.02
21.85,1.21,4.58,30.43,36.38
23.35,8.21,3.62,143.68,89.37
4.16,3.94,3.73,119.06,23.92
28.43,1.29,4.63,48.82,45.8
20.56,1.11,3.58,143.4,39.82
2.81,4.66,4.55,146.82,17.1
25.29,1.95,4.85,118.19,47.13
29.19,4.17,4.47,90.07,56.77
25.29,7.18,4.63,41.1,61.22
1.28,9.56,3.79,96.3,24.12
14.72,3.64,4.45,29.85,31.53
18.09,6.18,3.13,19.35,44.5
26.75,7.34,4.1,24.07,58.3
15.58,8.15,4.67,8.11,68.48
3.24,5.44,4.2,32.74,20.19
28.07,8.12,3.52,107.66,92.4
28.6,5.16,4.22,107.48,53.88
15.1,7.69,3.17,124.83,70.32
2.55,6.71,3.04,40.8,23.3
25.33,5.18,3.68,12.68,59.3
22.51,8.83,3.04,85.11,84.53
29.17,3.81,4.26,108.23,53.4
1.21,4.23,4.31,53.3,15.16
13.63,5.34,3.93,104.38,34.62
9.23,1.55,3.5,142.95,25.59
4.12,6.32,3.27,23.96,21.33
22.32,1.22,4.09,84.26,43.42
10.9,8.8,4.9,86.46,62.67
2.13,4.14,4.6,13.83,11.41
4.88,8.99,3.56,139.5,31.59
24.37,2.34,3.54,8.05,51.15
18.57,7.45,4.25,135.66,44.71
7.24,6.27,4.6,58.45,26.81
21.19,6.1,3.43,134.05,53.31
4.78,9.16,4.68,97.84,33.12
20.52,1.78,4.76,139.63,37.92
20.0,9.26,4.49,91.76,80.39
1.16,3.52,3.12,18.53,17.66
15.83,3.28,4.89,58.19,32.94
22.06,7.16,3.12,59.63,56.71
23.0,4.72,4.52,86.3,45.01
21.47,2.21,3.05,11.9,45.22
26.67,6.02,4.35,102.71,58.95
22.93,8.88,3.21,149.2,82.19
27.74,1.08,4.84,56.28,42.76
13.03,4.62,3.16,108.71,40.35
1.99,2.61,4.08,130.85,12.75
6.25,7.38,4.45,47.35,32.98
9.35,8.08,4.9,100.41,36.9
2.21,2.27,4.11,57.8,14.02
4.14,8.6,3.18,137.48,32.35
16.04,3.81,3.66,34.07,38.58
8.32,7.75,4.7,97.76,32.91
9.28,2.16,3.37,7.53,20.01
22.5,5.26,3.49,73.9,51.07
25.79,6.84,3.97,28.81,57.84
26.0,5.46,3.77,40.14,54.68
11.75,7.2,4.65,100.11,34.03
21.58,7.98,4.91,22.1,73.49
25.72,9.36,4.2,51.88,85.41
5.38,6.84,4.2,72.67,26.59
6.82,2.58,3.96,11.16,17.33
19.79,7.91,3.28,34.68,80.13
8.7,4.81,4.43,99.34,26.78
6.59,7.29,3.2,109.46,32.89
11.66,7.2,3.6,88.88,35.47
1.46,8.99,3.44,51.5,26.96
13.71,6.3,4.22,62.86,39.1
2.37,3.07,4.94,77.6,14.32
8.1,4.66,4.48,95.54,23.51
7.31,6.59,4.94,122.89,31.19
10.55,6.14,3.51,63.0,32.57
4.64,2.74,4.71,52.88,18.51
14.66,8.42,4.04,37.46,67.24
20.95,6.22,4.09,110.88,49.25
10.83,6.19,3.35,137.23,38.95
27.89,2.85,4.83,101.53,52.41
25.93,5.42,3.2,101.64,57.16
9.87,3.42,3.17,28.09,24.49
2.13,4.02,3.51,53.78,18.68
23.28,4.08,4.22,85.16,49.7
7.96,6.45,4.27,124.14,33.51
10.63,4.36,4.81,115.52,31.77
17.8,9.1,3.11,16.63,77.32
29.97,7.76,3.52,76.5,94.09
9.69,9.83,3.58,59.15,40.33
14.59,6.5,3.52,141.15,40.32
19.2,4.87,3.95,10.96,41.36
20.82,4.54,4.79,62.84,43.44
7.15,1.33,4.6,117.58,17.32
18.26,7.34,4.33,59.49,44.09
16.78,3.84,3.98,32.53,39.32
20.1,1.2,4.63,8.03,29.65
4.33,9.21,4.08,33.27,31.99
4.66,3.13,3.22,74.82,18.58
29.29,1.84,3.25,47.85,55.1
24.82,7.64,4.6,70.48,81.16
25.0,7.94,4.19,70.05,82.39
28.09,7.94,3.33,146.69,84.55
28.86,6.54,4.48,5.13,56.48
12.41,1.24,3.81,12.04,24.81
22.87,5.81,3.01,101.39,52.67
19.61,9.65,3.96,149.3,81.79
17.24,5.1,3.37,8.26,40.34
20.7,3.67,4.32,131.59,47.31
10.26,6.02,3.61,17.83,36.69
26.0,6.69,3.3,22.71,55.85
12.8,3.68,3.17,39.07,28.08
5.3,7.97,4.67,11.73,25.2
1.32,8.57,3.94,75.33,26.6
19.54,1.22,4.04,95.35,40.97
7.72,1.9,4.68,24.14,18.2
28.73,5.51,4.13,110.11,61.7
6.66,1.53,3.53,147.16,19.83
10.17,2.76,4.22,69.26,18.41
29.54,8.85,3.43,6.62,88.43
16.08,9.99,4.21,29.65,72.18
27.74,8.58,3.01,98.8,95.6
23.66,2.48,4.82,148.06,42.87
4.45,8.24,3.04,32.37,28.02
7.26,6.24,3.96,15.08,27.34
12.23,9.95,3.56,69.99,68.24
26.55,3.54,4.09,110.0,52.88
10.69,9.11,3.91,110.06,70.8
14.43,1.15,4.96,43.15,23.12
14.94,3.0,4.96,53.55,34.23
10.42,9.14,4.46,96.56,65.02
23.81,5.59,3.12,22.74,52.35
2.59,2.88,3.82,122.77,14.42
7.55,7.3,4.98,67.8,27.98
24.93,3.87,4.92,17.91,52.7
18.87,6.3,3.95,38.42,49.86
15.84,4.74,4.95,14.6,34.57
11.72,1.72,4.52,76.42,23.81
4.77,1.58,3.92,62.08,15.9
14.25,9.22,4.05,53.62,71.06
29.63,8.82,4.56,126.91,94.26
18.26,5.12,3.58,15.97,41.03
17.72,3.16,4.11,77.79,34.27
29.71,2.2,4.6,78.06,48.96
26.68,9.62,3.12,129.2,90.4
29.98,5.86,4.46,47.46,64.6
28.66,1.07,3.79,35.68,48.09
20.36,6.63,3.51,100.7,51.31
9.85,7.82,4.66,39.36,32.65
19.22,3.74,3.85,8.84,40.68
11.1,9.82,3.03,16.32,70.15
24.51,1.53,4.97,20.62,44.72
4.98,2.01,4.71,80.19,15.76
14.41,6.43,3.98,89.32,41.14
25.38,5.16,4.11,121.76,51.57
14.18,4.33,4.8,121.9,30.57
18.43,7.27,4.81,10.98,45.56
3.85,9.36,3.15,52.01,28.0
9.27,8.74,4.81,56.24,34.76
28.68,7.54,3.82,29.93,86.57
20.05,3.6,4.38,117.55,42.57
11.58,3.73,3.89,70.5,35.26
15.99,2.6,4.37,17.35,34.51
23.47,8.88,3.83,111.27,90.34
23.84,7.09,4.32,107.16,56.03
25.01,6.18,4.35,55.64,54.29
9.4,1.63,4.31,105.08,22.52
7.91,8.64,3.98,14.34,40.2
19.52,2.3,3.31,19.83,41.48
16.29,5.59,3.27,92.09,47.24
17.38,9.42,3.36,18.03,79.44
7.22,4.22,4.05,92.92,26.38
10.24,5.12,3.9,75.36,30.77
22.81,9.5,3.16,127.75,83.51
11.39,3.68,4.79,5.99,27.01
22.97,5.07,4.02,18.78,52.28
2.35,4.43,3.92,33.85,19.91
28.58,4.66,3.06,46.74,56.95
7.03,4.88,4.85,149.39,24.06
14.87,9.92,3.19,8.8,73.27
27.71,8.25,3.26,111.06,92.28
8.35,1.37,4.33,22.97,23.02
7.59,6.48,3.57,34.48,36.66
29.58,1.11,4.15,21.72,47.11
27.23,1.7,4.29,60.98,45.6
16.44,6.25,3.6,50.48,39.72
2.77,6.59,3.59,21.38,23.83
18.54,2.53,4.59,124.97,41.35
8.3,4.63,3.54,131.74,29.83
7.21,4.24,4.92,63.8,23.62
28.03,7.33,4.42,26.43,58.62
18.96,4.78,4.28,10.58,40.87
13.88,4.46,4.71,32.74,31.96
2.82,8.43,4.54,111.61,28.03
11.78,7.02,3.24,137.25,36.73
26.06,2.0,4.17,61.95,49.18
9.78,5.86,3.85,89.96,32.82
10.36,3.02,4.17,107.89,24.49
18.6,3.43,4.25,75.62,39.01
8.31,6.52,4.01,100.82,35.44
17.15,8.79,3.2,73.11,78.68
23.29,4.23,4.34,95.45,50.68
9.31,5.7,4.22,22.23,31.32
14.71,1.7,3.56,117.99,26.47
17.71,7.97,3.16,84.96,72.4
11.54,2.56,4.84,34.44,30.14
7.48,4.59,4.39,68.3,25.19
4.32,3.47,4.06,117.7,22.65
17.4,5.67,4.03,70.35,47.14
28.19,3.7,3.32,96.57,49.48
1.54,5.21,3.38,21.9,18.71
26.1,4.97,4.59,51.37,55.97
28.91,6.52,3.08,74.81,62.64
16.73,7.2,3.74,87.96,49.26
29.07,5.78,4.91,9.54,57.66
21.44,7.68,3.4,26.07,77.88
16.81,9.08,3.32,124.53,76.77
14.45,5.12,3.43,54.02,40.55
14.53,1.3,3.42,104.31,30.43
20.78,7.9,4.3,53.92,78.13
7.8,5.13,3.49,15.95,27.51
21.75,8.04,3.95,29.08,78.03
15.24,8.68,4.76,8.91,65.83
20.57,1.69,3.24,60.79,39.55
28.28,4.58,3.37,33.44,57.19
7.77,7.67,3.37,119.09,29.55
12.69,5.07,4.09,12.75,29.42
8.98,5.06,3.94,108.69,29.61
2.53,5.31,3.42,102.36,22.01
19.04,9.9,4.21,76.26,80.94
19.23,3.16,4.18,73.45,37.98
29.98,2.47,3.3,31.25,54.24
18.43,7.91,3.93,52.75,75.34
12.49,8.55,4.14,117.72,68.27
27.13,1.41,4.18,33.05,46.62
1.45,6.52,3.54,95.53,27.11
9.78,8.72,3.62,113.29,34.7
22.81,7.46,3.3,139.86,56.48
5.68,2.33,3.69,12.04,18.49
11.48,2.51,3.17,83.31,26.94
25.62,5.01,3.62,18.82,55.49
11.0,4.36,3.34,133.54,37.2
8.05,2.51,4.46,143.23,25.04
26.83,5.67,3.47,13.1,56.91
3.25,2.71,3.19,19.39,17.98
25.84,1.69,3.83,71.36,46.86
10.15,5.41,3.6,117.37,34.38
7.03,9.46,3.14,94.32,38.91
15.15,2.38,4.46,53.1,34.95
15.02,2.79,4.94,91.54,27.15
28.98,5.6,3.86,120.7,59.13
22.82,9.53,3.36,138.62,87.42
14.34,5.06,3.65,25.06,38.75
17.22,2.9,4.81,127.24,37.14
10.23,6.17,4.81,98.95,30.91
29.5,3.9,4.61,82.76,56.39
12.19,2.03,3.53,68.91,25.59
26.68,6.66,4.3,79.07,55.26
20.03,4.91,4.04,71.52,46.74
27.57,9.6,3.44,102.25,90.51
11.28,4.46,4.52,137.24,28.84
13.08,2.37,4.35,39.35,34.61
11.71,3.91,4.93,5.3,27.23
24.98,5.31,3.07,8.73,51.13
28.64,3.61,4.98,137.2,55.53
24.91,4.81,4.4,139.68,62.39
14.09,7.35,3.38,131.9,43.15
25.04,7.88,4.62,89.46,86.33
22.18,6.32,4.67,89.86,56.05
16.05,5.34,3.77,63.57,42.98
6.32,2.03,4.62,53.98,15.71
7.9,7.01,4.05,140.32,32.08
21.41,3.08,4.72,81.9,46.42
6.76,7.65,4.82,44.91,33.81
17.25,9.59,3.32,100.3,69.61
24.32,8.69,3.88,18.29,86.85
19.96,3.48,4.89,104.13,41.05
18.68,5.17,3.59,44.5,45.11
8.47,5.0,3.3,105.65,32.84
4.48,7.93,4.74,74.88,25.72
1.98,4.76,3.01,129.87,22.18
2.34,4.17,4.79,114.71,24.33
7.72,6.29,3.36,147.57,37.66
17.17,6.13,3.82,89.2,40.29
13.29,8.59,4.73,124.8,69.37
6.92,9.34,3.02,100.51,31.89
9.78,8.72,4.58,111.83,33.76
14.38,9.91,3.19,134.84,76.66
24.17,6.18,4.28,50.37,50.35
20.02,4.72,3.75,120.45,44.86
2.19,7.37,3.86,139.39,25.7
14.96,8.82,4.73,148.41,73.01
6.39,7.42,4.25,26.14,24.94
25.79,6.2,3.38,45.78,54.36
26.66,2.46,3.34,66.58,51.07
17.09,7.52,3.79,60.22,67.22
22.36,9.18,3.86,140.93,86.24
20.92,5.14,3.63,8.64,49.0
24.69,8.82,3.98,134.99,90.2
9.09,6.34,3.62,17.31,28.84
7.65,3.39,3.2,140.94,27.94
22.64,9.82,4.55,138.59,80.38
28.81,7.7,4.26,74.93,88.62
7.66,9.82,4.77,30.26,31.96
17.47,6.49,4.25,32.76,44.42
16.78,7.69,3.2,42.61,70.71
11.83,3.47,3.62,128.09,27.03
22.76,5.76,3.24,83.41,55.69
4.82,4.46,4.47,131.85,16.79
11.78,7.17,3.15,114.42,43.99
13.5,9.48,3.8,145.32,74.67
28.64,6.02,3.19,100.9,65.11
20.84,1.06,4.46,29.66,37.99
21.62,3.84,3.43,84.31,48.69
29.99,5.85,4.05,112.2,60.86
7.58,8.13,3.53,56.9,30.95
18.5,6.27,3.69,149.97,40.68
4.12,2.8,4.04,36.5,17.91
5.71,6.48,4.04,139.36,24.23
21.19,8.91,3.07,76.04,79.78
24.95,5.68,4.04,127.49,52.72
19.44,8.6,3.64,82.26,79.98
17.81,5.83,3.45,84.84,45.61
23.93,1.56,3.08,107.54,40.46
28.73,9.77,4.18,80.99,94.01
27.84,1.4,3.75,70.03,52.33
24.45,3.51,4.1,22.22,45.92
13.53,6.85,3.46,102.55,37.22
23.22,8.33,3.35,144.21,85.21
7.78,2.93,3.07,141.68,22.44
27.22,8.84,3.55,11.81,88.33
9.11,7.34,3.43,68.32,35.77
29.43,1.8,4.05,91.38,57.31
9.75,4.99,3.14,19.32,23.9
8.66,9.0,4.86,108.04,34.53
10.75,5.03,4.86,67.84,25.53
15.07,8.78,4.43,23.83,68.47
6.81,2.87,4.79,35.83,15.92
8.65,8.86,4.65,7.66,29.13
26.64,7.28,4.01,38.37,57.26
28.01,1.23,4.32,106.58,51.51
5.51,1.95,3.51,76.54,15.56
13.8,7.64,4.46,38.9,63.53
13.18,8.55,3.92,41.65,65.67
25.02,4.34,4.3,73.63,57.73
20.15,3.4,3.44,111.33,47.25
12.83,9.77,4.87,146.86,64.01
23.87,8.62,3.81,77.32,82.59
18.55,9.97,4.87,69.27,78.43
7.07,2.58,3.62,59.98,24.49
23.99,5.58,4.28,124.12,57.71
14.5,1.87,4.66,88.54,33.71
26.72,7.11,3.84,137.79,59.17
20.29,4.66,4.47,84.49,43.62
5.38,1.77,3.32,33.84,22.09
22.94,2.37,4.46,20.24,40.18
17.85,9.19,4.49,83.02,71.17
16.71,8.89,3.48,32.65,73.3
13.17,9.6,3.57,106.29,68.65
20.22,9.07,4.34,118.54,77.85
2.84,5.82,3.93,117.72,21.22
15.61,5.64,4.0,63.9,41.59
28.13,6.28,4.53,84.87,63.98
6.94,7.9,3.3,37.87,30.06
4.97,2.78,3.87,80.24,17.69
12.91,5.01,3.7,123.5,34.78
16.07,4.58,4.55,97.69,36.49
11.92,8.11,4.34,101.74,66.29
15.03,1.41,3.03,143.64,31.23
20.57,6.76,4.12,46.58,54.13
23.99,1.8,3.54,99.19,42.42
2.5,5.88,3.6,133.27,25.43
12.07,3.0,3.09,53.17,36.78
18.96,9.8,3.85,12.32,79.95
1.61,2.2,3.88,47.75,10.73
28.53,3.89,3.18,47.03,54.2
19.58,2.89,4.64,46.65,35.14
15.07,3.33,4.05,81.18,33.62
14.0,7.12,4.37,86.54,40.08
5.27,1.62,3.52,60.85,14.91
2.92,6.58,4.54,51.69,24.87
20.75,5.69,3.11,80.92,47.97
27.8,1.43,3.58,110.86,51.19
23.98,9.53,3.48,9.71,83.58
1.62,5.36,4.21,124.73,20.25
2.13,1.5,4.06,24.2,10.85
15.87,5.89,3.86,136.43,38.21
17.62,4.46,4.42,76.44,36.07
18.58,1.95,4.42,86.82,38.79
26.4,8.0,4.56,147.22,88.23
27.04,8.98,4.77,135.1,88.32
29.69,7.3,4.87,69.54,57.69
10.68,5.12,3.05,34.33,33.91
14.59,8.45,4.64,91.38,70.79
29.82,1.21,4.8,10.83,56.29
21.31,2.95,3.69,14.73,42.03
2.67,6.25,4.38,37.81,20.27
27.38,2.73,3.56,65.57,56.25
18.88,6.94,3.15,105.59,47.83
6.62,5.36,3.87,19.34,27.62
11.08,8.37,3.03,128.95,65.28
17.75,9.85,3.27,70.22,79.15
19.93,1.51,4.84,33.12,39.11
12.91,7.64,4.81,130.35,62.63
22.59,1.54,4.49,105.18,43.22
16.45,5.83,3.12,129.68,46.05
29.27,4.22,3.55,144.95,57.88
25.75,5.3,4.73,123.84,56.43
5.35,7.69,4.27,54.74,29.93
3.99,1.05,4.8,148.09,12.53
25.75,6.69,4.36,114.19,54.79
18.62,8.9,3.01,123.76,80.67
29.31,9.0,4.13,57.9,91.02
13.64,5.58,4.19,91.53,37.71
6.2,6.83,4.48,95.24,33.92
2.07,2.4,3.89,45.19,11.86
23.29,2.86,4.28,74.46,49.92
3.42,9.8,4.25,44.38,32.23
19.67,1.32,3.54,46.75,39.01
17.34,9.18,4.51,99.87,71.33
22.45,3.41,3.47,7.89,44.94
28.37,5.78,3.66,114.94,61.4
7.86,3.12,3.13,75.33,25.1
15.0,1.81,4.96,23.22,28.65
22.8,8.78,4.81,75.04,76.68
6.87,6.69,3.5,59.44,22.06
3.67,8.89,4.78,131.73,26.86
5.0,6.68,4.23,102.58,20.86
28.02,7.48,4.24,37.56,58.07
23.89,2.06,4.92,137.77,43.86
6.81,1.07,3.68,130.54,20.85
1.46,1.79,4.11,83.78,10.21
19.5,8.66,4.96,16.03,72.12
10.34,1.3,4.16,101.17,23.54
7.61,1.88,3.5,66.34,15.07
6.79,1.93,4.37,95.91,19.62
14.69,1.59,4.88,19.24,25.93
10.93,3.98,4.04,21.67,28.55
28.27,6.38,4.25,26.73,59.27
17.41,9.25,3.6,84.57,74.67
27.1,2.53,3.83,109.61,57.38
27.81,1.45,4.46,55.36,47.42
27.1,9.68,4.49,18.53,89.11
15.45,2.26,4.12,28.9,34.08
17.92,7.65,4.01,51.28,72.71
16.49,9.36,4.35,102.52,81.13
1.59,4.69,4.27,54.04,14.91
28.45,9.87,3.86,108.09,93.07
5.38,3.82,3.05,135.54,23.1
17.05,2.48,3.6,50.91,38.69
20.8,8.74,4.61,67.25,75.54
23.8,6.91,4.44,67.49,52.86
16.72,3.72,3.52,66.73,37.2
19.53,1.35,3.43,94.37,40.66
24.99,3.68,4.88,124.97,51.47
19.66,6.62,4.31,88.21,48.84
20.34,6.13,3.52,62.28,50.77
25.77,3.47,3.01,89.6,55.16
3.13,4.75,3.71,136.4,20.4
16.04,4.04,4.22,35.42,36.51
1.77,1.68,4.75,66.93,11.83
5.39,6.77,3.68,107.17,33.69
1.83,5.86,4.21,76.36,17.37
26.12,8.81,4.82,8.99,85.27
10.56,8.25,4.81,49.65,59.27
16.11,4.63,4.71,61.22,37.72
23.83,7.9,4.29,80.58,82.87
20.98,6.61,4.21,66.48,49.32
27.86,9.24,4.43,106.27,97.74
15.2,3.03,3.82,95.28,36.52
21.37,3.71,4.5,103.47,38.01
26.16,5.33,3.05,31.81,55.02
4.11,2.23,4.87,139.43,13.58
14.63,6.21,4.43,91.63,46.98
3.55,4.55,3.02,45.19,19.23
17.15,7.65,4.42,135.76,73.23
10.09,8.24,4.16,97.43,60.52
25.37,1.88,4.23,143.49,48.0
14.58,9.96,4.3,74.64,70.82
5.72,8.05,3.25,106.7,30.8
26.33,7.8,3.08,69.04,84.12
13.35,3.19,3.42,49.61,36.01
1.57,3.3,3.16,106.79,17.72
8.79,8.9,3.43,41.36,37.14
12.11,1.43,4.45,78.43,28.96
1.76,2.09,3.67,81.65,14.95
5.06,6.44,4.15,81.55,25.39
9.6,3.13,3.51,34.16,27.09
10.79,5.68,4.74,132.24,34.27
13.69,5.77,3.14,92.44,35.81
9.63,4.61,4.1,69.4,25.04
10.3,8.2,4.09,114.78,62.63
14.4,2.82,4.56,45.36,28.26
11.21,7.79,4.76,100.16,65.02
22.74,4.73,4.48,59.59,49.71
23.65,9.13,3.23,65.93,82.8
1.51,2.39,4.53,56.87,12.97
5.7,3.05,3.95,82.47,18.94
3.95,3.96,3.52,108.78,24.22
11.23,2.87,4.52,45.16,24.61
11.33,3.75,4.6,69.5,25.62
22.73,4.46,3.97,89.42,54.64
22.16,8.0,4.67,53.17,72.9
26.59,7.25,4.65,40.54,58.54
20.81,8.05,4.54,146.33,75.08
18.27,5.95,4.36,96.18,46.0
29.84,3.62,4.14,119.56,57.69
19.62,2.3,4.01,29.76,41.33
12.29,9.56,3.94,85.55,70.9
9.84,6.64,3.77,32.94,28.59
2.04,2.88,3.61,82.53,13.08
28.38,3.76,3.37,79.74,52.77
22.83,6.14,3.21,38.04,45.75
11.94,5.18,3.24,34.34,32.0
26.38,1.4,4.81,138.99,45.12
23.12,3.78,4.81,128.7,43.3
14.49,6.13,3.96,63.54,43.31
28.72,8.3,4.84,25.04,91.73
26.88,2.73,4.64,50.94,48.59
13.94,3.13,3.94,82.67,34.64
13.38,4.79,4.89,75.96,39.17
5.4,3.62,3.66,101.35,21.66
3.97,8.48,4.18,27.49,25.59
11.36,5.98,4.92,95.37,34.27
7.22,2.96,3.47,101.26,23.5
2.99,5.42,4.67,93.37,23.23
22.33,5.68,3.74,54.66,50.5
28.87,3.4,3.74,142.55,54.28
20.93,6.38,4.68,19.32,45.68
27.32,7.95,3.62,114.75,88.0
26.24,2.95,3.8,64.64,47.6
19.74,3.7,3.89,133.51,42.56
16.16,2.38,3.54,25.89,27.76
11.38,3.88,3.03,138.05,34.27
15.35,8.04,4.96,18.17,69.32
10.32,7.7,3.02,66.13,64.24
5.99,9.32,3.93,21.3,27.25
15.36,4.5,4.16,138.77,35.98
20.17,1.89,4.01,49.52,39.68
17.97,2.51,3.84,86.6,29.49
22.4,5.62,3.06,141.76,53.14
10.74,2.0,4.31,81.65,27.1
1.0,7.31,3.12,7.47,23.56
7.17,3.71,3.69,119.39,21.59
9.4,5.29,3.17,9.41,33.29
17.04,4.71,3.93,52.31,44.53
12.29,4.36,4.94,37.05,31.19
20.07,8.55,3.45,42.48,80.55
7.49,1.35,3.99,43.44,22.09
14.57,8.9,4.02,117.74,73.97
1.07,1.82,4.96,67.9,5.46
20.9,2.12,4.64,50.21,43.35
26.1,2.76,4.08,46.37,48.4
25.9,8.73,3.94,107.26,86.26
26.37,9.81,4.94,112.76,85.73
6.69,2.43,4.99,79.02,17.36
29.46,5.92,4.75,111.52,58.46
16.99,6.35,4.59,130.44,43.3
6.38,2.76,4.65,74.89,21.99
3.64,7.53,4.97,37.27,21.97
3.06,5.14,4.58,133.91,16.87
19.47,3.19,3.15,132.61,45.44
19.23,3.19,3.12,74.49,48.69
23.82,6.63,4.81,38.38,50.87
20.1,1.31,4.7,35.25,32.15
16.06,8.32,4.16,51.98,69.12
5.72,8.22,4.67,84.36,31.61
22.3,5.92,4.88,149.11,51.19
1.12,1.23,4.1,132.14,8.29
20.15,7.27,4.64,43.3,47.66
5.79,4.38,3.97,21.72,21.3
5.61,1.61,3.74,68.08,20.51
27.28,3.81,3.79,92.44,51.49
27.89,4.55,3.47,131.83,61.6
21.89,2.1,3.26,33.19,40.96
7.63,9.53,4.91,27.06,35.96
14.61,4.83,3.4,82.25,39.81
11.04,8.29,4.78,41.38,60.26
4.41,6.38,3.38,118.42,26.61
7.87,4.44,3.33,125.91,27.46
2.68,5.61,3.84,142.9,22.66
29.2,5.56,4.58,89.75,59.83
7.85,4.41,3.44,83.83,29.08
12.23,2.02,3.11,33.21,23.62
8.15,8.53,4.86,36.82,30.75
19.89,5.53,4.91,111.05,50.56
17.31,5.54,3.84,47.22,39.49
23.2,5.05,3.96,90.39,50.27
1.33,4.78,4.41,33.1,9.96
6.94,9.25,4.48,61.82,39.9
18.36,9.31,4.29,149.14,80.79
17.72,7.65,4.28,72.59,75.12
24.91,1.42,4.06,42.02,47.26
3.34,4.46,3.6,145.14,25.84
11.76,7.18,3.44,134.5,42.15
12.71,5.97,4.58,113.33,32.19
15.88,8.31,4.23,122.56,68.48
11.19,3.57,4.37,17.66,23.11
22.31,8.74,3.52,30.19,78.38
4.03,3.75,4.98,6.31,18.32
2.76,5.17,4.26,26.91,17.42
10.09,3.31,3.0,124.57,29.63
3.59,7.62,4.25,88.25,25.82
12.38,2.39,3.36,68.0,33.49
17.77,8.17,3.64,56.81,75.14
3.44,7.23,3.82,21.16,30.13
14.33,2.72,3.08,70.44,37.04
17.1,7.84,3.08,43.56,70.47
17.37,1.68,3.94,125.7,33.02
1.88,4.87,4.44,113.27,16.51
23.42,8.34,4.04,115.89,83.79
21.94,3.32,3.36,142.46,45.54
9.61,6.46,3.1,145.74,31.86
14.67,5.44,4.22,94.76,40.79
22.44,1.01,4.21,79.02,40.39
25.19,4.81,3.34,52.68,58.86
8.18,9.96,4.09,47.41,36.06
23.35,1.47,4.46,85.56,47.8
13.3,2.55,4.97,79.66,27.34
28.64,1.16,4.74,123.54,45.0
26.47,5.78,3.21,122.07,57.02
11.38,3.4,3.13,49.54,36.79
11.44,1.43,3.58,24.95,28.21
15.09,1.84,4.62,26.0,32.21
28.86,1.71,4.82,36.74,50.64
5.18,7.04,4.91,105.92,24.32
16.92,2.12,3.42,16.05,39.96
19.78,9.62,4.06,126.62,80.4
21.88,5.52,3.41,109.69,51.45
2.95,3.75,3.9,145.9,17.48
18.38,9.14,4.52,55.39,74.87
14.06,8.05,4.7,95.49,67.51
10.84,4.12,3.89,67.83,31.9
29.15,6.27,4.15,24.28,62.66
4.07,6.67,4.19,79.18,25.1
21.55,9.43,4.9,106.02,82.48
6.93,9.68,3.58,44.85,30.92
28.49,7.58,4.48,113.58,88.54
15.51,2.42,4.42,131.43,31.87
14.15,6.36,3.96,114.31,39.33
8.21,1.73,3.23,47.98,26.85
16.48,4.88,4.48,141.52,39.5
26.07,7.83,4.78,71.01,81.74
3.09,8.39,4.21,91.03,28.59
20.09,4.25,3.79,130.29,42.21
5.25,3.55,4.83,46.47,14.36
7.53,7.52,3.61,47.93,33.08
25.76,9.19,4.97,140.73,87.62
3.1,8.45,4.78,95.1,23.93
22.22,7.18,3.83,120.74,51.31
2.68,4.3,3.01,99.92,16.57
15.78,3.87,4.06,23.65,33.81
19.08,7.75,3.03,8.43,82.41
5.26,6.92,3.99,54.58,24.64
24.26,1.14,4.29,85.92,41.11
7.41,5.57,4.71,103.8,27.57
14.79,9.8,3.02,120.79,78.34
7.97,3.64,3.7,56.9,18.21
23.14,9.66,3.75,143.52,83.35
8.28,8.29,4.18,89.35,36.04
8.6,5.97,3.57,58.38,28.84
1.35,2.45,4.43,31.65,12.08
27.1,5.4,4.22,112.38,55.8
1.97,9.58,3.86,98.31,28.08
10.12,1.0,3.93,68.04,19.68
19.76,4.16,3.03,66.76,43.62
10.63,4.13,3.38,14.25,29.73
18.32,8.27,4.96,29.4,71.72
11.57,1.43,3.65,127.09,32.49
26.52,3.23,3.69,50.73,52.0
5.61,9.17,4.02,21.07,28.59
1.53,7.86,4.41,40.22,19.08
3.89,3.53,4.89,39.16,12.11
16.2,8.02,3.25,120.75,72.98
18.18,9.31,4.17,105.61,77.9
25.18,9.76,3.68,14.53,88.88
28.68,9.83,3.18,122.91,88.9
12.64,5.85,3.7,137.59,32.53
24.89,1.99,4.31,143.99,50.21
12.75,5.7,3.37,16.05,43.81
11.75,2.46,4.18,79.43,30.73
4.85,5.87,4.82,111.8,26.43
26.19,1.69,3.73,36.07,46.21
10.75,7.33,4.4,133.0,35.29
19.75,1.55,4.55,33.08,37.67
16.0,3.52,3.98,81.13,34.15
29.91,8.72,4.92,118.43,87.87
8.41,1.94,3.45,95.01,23.86
16.99,2.86,4.54,78.76,32.38
23.9,4.29,4.99,98.04,45.53
6.54,4.12,3.47,129.12,18.09
24.87,8.32,4.28,75.73,85.5
17.19,1.7,4.03,11.49,34.71
4.0,4.81,3.76,137.11,22.72
29.07,8.3,4.02,53.22,87.35
12.94,8.1,3.89,40.65,63.18
14.79,9.23,4.36,109.36,70.23
23.75,1.24,4.88,92.54,42.84
28.97,9.93,3.77,73.23,92.69
8.12,4.64,3.01,113.11,27.31
4.95,9.14,4.68,69.31,28.7
22.6,9.91,4.36,67.62,80.28
20.63,4.93,3.81,34.86,42.32
13.95,5.63,3.08,89.25,39.68
19.78,5.21,4.86,62.77,41.99
28.38,9.98,4.22,36.27,91.94
25.42,5.5,4.07,87.09,56.56
17.48,7.03,4.49,23.09,41.36
27.35,4.86,4.12,91.02,57.11
27.47,7.5,4.87,74.17,61.2
23.36,7.29,4.66,124.09,54.74
4.44,7.55,3.37,52.73,33.13
17.29,6.16,3.22,139.14,45.07
18.61,5.2,4.77,79.27,47.8
26.5,3.84,4.85,62.95,54.4
15.97,5.89,4.1,116.19,41.91
18.77,5.93,3.73,81.85,48.55
21.74,6.48,4.51,8.05,48.64
3.43,1.49,4.48,134.73,19.15
2.63,1.91,4.76,66.88,13.66
1.88,7.65,4.91,27.46,26.84
4.1,7.7,4.4,84.84,24.48
8.41,2.14,4.04,56.75,19.98
2.4,7.89,3.77,119.06,33.99
18.3,9.55,4.35,29.33,76.07
17.6,9.54,3.93,139.96,76.04
14.2,6.05,3.26,66.68,36.61
1.26,2.31,4.9,60.42,11.45
16.06,8.02,3.0,63.89,74.65
4.66,5.65,4.96,58.35,25.42
1.15,9.14,4.93,137.28,25.89
24.09,5.85,4.22,125.08,51.49
27.41,2.9,3.93,132.26,54.65
3.1,2.06,3.28,110.25,15.03
20.11,1.22,4.68,76.38,32.2
2.55,9.03,4.6,66.36,28.15
17.88,9.3,3.11,148.25,76.28
19.09,1.85,4.45,70.69,35.09
18.02,7.14,3.1,108.23,50.61
29.72,3.66,4.01,122.97,57.8
18.8,8.86,3.7,130.74,75.87
5.82,9.7,3.71,102.82,30.15
28.05,5.06,4.46,57.21,62.12
9.67,4.46,3.51,69.92,24.75
16.64,9.11,3.21,125.67,77.16
13.54,3.53,3.07,75.79,34.18
24.4,9.04,4.56,137.88,82.29
3.44,9.6,4.46,8.04,27.15
11.66,2.99,3.54,131.55,30.37
13.84,4.57,3.71,94.57,37.55
18.33,7.84,4.33,124.05,74.84
27.33,3.19,3.12,50.16,57.67
9.74,7.22,4.64,102.72,36.19
11.02,4.85,4.1,116.89,29.48
20.49,9.72,3.88,142.96,86.09
7.06,8.73,3.01,149.6,37.23
15.79,9.51,4.78,65.6,66.85
10.27,6.23,3.21,58.18,38.68
19.09,7.79,4.62,139.07,72.72
17.84,3.3,4.44,149.73,38.77
20.89,7.37,4.4,127.76,52.95
13.46,2.08,3.79,131.34,33.64
7.78,3.63,3.96,129.35,26.26
1.42,7.07,4.46,84.71,26.33
18.45,8.85,4.61,104.45,72.64
7.52,2.64,3.26,106.47,22.55
1.14,3.42,4.8,113.06,12.85
11.88,1.85,3.95,85.76,32.74
8.95,1.15,4.24,15.17,24.44
20.8,3.48,4.4,120.62,40.21
9.64,5.06,4.1,77.17,33.09
11.66,1.41,3.58,9.29,24.64
21.99,2.3,4.15,94.18,35.4
20.55,7.15,3.87,68.76,53.25
5.66,8.77,3.86,103.6,26.9
18.02,1.37,4.22,15.55,27.64
28.05,7.86,4.81,59.7,88.94
27.37,3.77,3.33,136.69,58.29
25.63,4.72,3.18,86.0,53.83
9.18,9.61,3.85,21.39,34.27
28.83,4.2,3.9,127.5,58.33
6.79,2.77,4.45,135.17,19.16
12.65,8.48,3.8,142.72,67.26
4.31,2.96,4.01,137.09,17.48
17.4,6.61,3.84,31.8,43.65
21.96,6.45,3.11,119.86,49.96
20.94,2.44,3.98,123.52,40.46
1.21,8.13,4.85,59.29,23.5
29.49,6.78,3.94,5.3,57.24
9.99,1.86,4.43,41.99,24.35
22.5,7.66,3.66,147.55,81.79
27.87,4.32,3.01,16.42,53.15
23.62,4.09,4.89,145.98,45.78
16.17,7.7,4.41,28.23,65.62
16.62,1.35,3.27,12.49,31.57
5.17,7.99,4.93,36.97,24.55
12.08,6.23,4.73,23.44,36.43
24.85,7.4,3.34,42.67,55.07
20.75,7.92,4.29,38.25,77.08
20.24,8.75,4.55,34.81,74.87
20.76,8.7,3.73,74.34,80.89
11.14,3.55,3.82,84.51,31.64
29.43,6.0,4.86,13.31,55.87
10.75,5.76,4.25,103.58,31.69
6.43,7.55,4.65,26.68,28.55
20.39,8.37,4.91,133.38,80.21
5.91,4.34,4.56,15.0,21.17
29.28,5.97,4.15,124.96,64.03
17.69,6.49,3.86,107.96,44.91
4.48,2.26,4.69,139.26,16.12
1.68,9.05,3.49,19.02,21.97
18.43,6.12,3.02,16.51,39.74
2.22,2.16,4.79,114.12,9.81
2.52,3.19,3.07,91.42,19.06
12.96,1.3,4.94,57.97,26.94
14.0,3.67,3.14,14.2,32.47
25.04,2.37,3.01,12.9,50.99
4.75,8.34,3.34,76.45,31.69
26.18,7.83,4.63,61.74,79.24
12.75,3.43,4.53,26.47,32.03
25.74,6.02,3.16,14.24,56.03
5.39,3.38,4.48,21.66,17.31
2.39,1.18,3.47,84.27,10.33
13.64,4.42,4.63,55.88,34.2
7.25,7.04,3.37,136.75,34.6
14.87,6.28,3.62,51.29,38.46
24.79,6.05,3.12,11.41,55.74
26.68,4.83,4.9,43.92,48.76
3.52,8.06,3.16,51.82,26.23
8.46,9.6,4.39,99.97,39.58
9.84,1.71,4.54,64.23,25.46
6.06,2.03,3.87,17.03,16.06
14.54,7.39,4.46,17.85,42.8
2.55,7.98,4.43,79.7,23.58
6.72,5.44,4.43,121.86,26.69
2.89,2.2,3.7,100.24,13.15
14.25,4.01,3.85,86.58,46.09
28.26,5.23,3.39,86.67,58.96
5.44,6.9,3.55,112.92,28.13
26.73,4.27,3.55,134.19,54.35
10.16,5.57,3.34,126.17,37.44
22.67,7.66,4.42,136.6,86.4
25.44,7.2,3.93,117.63,56.31
18.55,3.34,4.92,45.74,38.55
21.86,2.85,4.0,64.11,42.4
19.33,6.17,4.59,114.31,47.56
27.99,8.68,4.39,21.65,86.92
23.58,9.7,3.72,10.55,89.86
13.19,2.08,3.74,127.47,29.65
9.44,7.61,3.05,62.79,39.03
5.55,3.35,4.22,113.5,24.18
15.85,3.37,3.83,104.57,35.69
7.64,5.78,3.31,128.44,34.8
7.81,9.39,3.13,149.1,38.81
26.58,3.62,4.89,43.1,49.16
21.29,2.11,3.19,73.91,40.12
16.64,3.89,3.35,84.38,40.49
25.45,3.79,4.98,121.86,52.07
16.24,9.02,4.93,140.24,69.36
12.44,6.99,4.86,45.34,36.0
20.88,7.52,3.86,84.01,72.93
18.65,4.91,3.57,145.22,39.51
7.05,6.01,3.48,24.55,32.02
10.24,7.71,4.97,104.56,56.41
17.27,1.35,4.15,94.92,30.2
7.34,8.59,3.64,102.88,35.46
27.59,7.49,4.44,118.8,59.66
2.28,1.39,4.53,141.42,11.13
26.41,7.27,3.18,39.42,58.81
29.42,4.25,4.21,98.98,56.88
18.84,1.67,4.98,149.03,39.35
7.14,7.36,4.01,123.96,34.0
24.48,7.25,3.09,83.46,59.7
13.8,6.61,4.46,146.98,44.58
21.66,3.81,4.19,12.84,41.34
10.36,2.14,3.48,116.56,27.04
7.42,2.84,3.43,39.26,27.12
28.67,4.65,3.82,9.84,56.37
3.2,3.56,3.48,96.77,23.89
2.68,4.48,4.62,135.08,20.1
23.7,3.82,3.02,27.13,44.94
23.49,9.32,3.67,58.83,83.03
10.03,5.48,3.8,116.48,33.7
11.85,8.86,4.19,74.57,66.41
20.95,1.96,4.79,89.7,40.76
18.39,8.15,4.52,103.15,75.01
19.81,8.02,3.11,68.43,73.87
13.62,6.8,4.63,144.52,40.04
29.43,4.96,4.26,101.11,60.85
5.29,9.12,4.86,65.44,30.83
19.32,7.34,4.07,143.04,54.22
6.98,5.14,3.34,14.5,24.28
10.71,9.06,3.44,122.44,72.14
9.63,9.95,4.89,13.33,40.89
24.93,7.01,3.1,5.82,59.43
17.82,4.04,3.26,35.25,39.24
10.59,2.16,4.48,9.89,24.98
16.53,3.85,4.96,17.24,39.59
14.38,9.43,3.01,37.79,74.46
16.78,6.11,4.24,59.63,48.18
7.89,3.92,4.63,129.17,20.21
11.85,8.49,4.18,134.66,64.11
14.29,4.78,4.06,109.84,30.02
3.41,7.27,4.5,65.11,23.89
1.42,9.94,3.48,91.07,29.93
18.22,6.99,3.66,118.54,47.83
7.01,7.57,4.62,54.23,33.02
24.26,3.55,3.91,116.92,53.43
1.73,8.66,3.48,62.41,21.21
7.47,4.33,4.56,22.61,23.46
19.27,7.35,3.05,77.53,50.7
4.83,1.55,3.82,143.22,11.72
13.2,4.85,3.49,107.23,39.05
9.65,7.52,4.58,100.42,33.07
8.79,3.08,3.86,26.65,18.37
7.81,5.88,4.48,69.51,27.39
29.3,6.26,4.02,41.59,62.41
10.27,7.08,3.87,66.18,34.52
4.42,6.08,4.8,102.94,24.49
27.54,5.02,3.61,15.69,57.15
5.59,3.9,4.43,110.27,18.85
22.36,5.89,4.21,121.33,53.31
20.11,1.94,4.15,81.39,35.06
21.81,3.44,3.75,42.35,42.19
23.43,9.02,3.52,44.16,79.29
6.23,2.06,3.56,119.33,23.34
2.08,5.38,3.05,85.56,28.9
13.49,8.99,4.64,20.47,64.92
13.9,8.25,3.24,125.63,73.54
7.86,3.31,4.57,73.32,22.54
24.49,4.88,4.97,69.54,48.29
4.16,3.8,3.03,139.15,20.65
15.43,3.16,3.73,10.18,31.99
16.33,3.89,3.34,111.03,38.36
1.27,9.06,3.8,27.44,22.1
24.52,8.57,3.58,130.15,84.45
11.39,6.0,3.31,59.59,33.87
14.28,6.08,3.22,61.06,43.47
5.66,5.1,3.34,60.49,27.07
12.57,7.29,4.53,43.05,41.83
14.12,8.22,4.51,100.88,75.57
18.47,5.0,4.83,119.89,35.99
2.03,7.96,3.02,131.23,18.96
13.4,9.58,4.25,95.96,71.47
15.18,7.07,3.98,132.02,44.88
28.62,7.81,3.62,129.0,88.52
18.28,1.8,4.46,107.92,36.11
20.89,3.26,4.07,90.77,38.81
13.77,3.92,3.42,65.96,34.25
15.32,4.39,4.17,54.74,33.93
29.49,7.81,4.41,149.09,99.15
13.04,2.56,4.9,12.23,27.49
29.82,3.2,3.77,126.84,59.92
18.67,5.28,4.22,15.48,48.7
27.57,8.5,4.57,46.53,88.21
17.73,5.1,4.63,22.13,39.27
24.83,8.04,3.54,44.11,84.18
24.84,4.01,3.37,82.68,49.15
12.19,4.63,3.16,40.41,37.53
10.55,5.32,4.08,23.07,25.86
28.25,2.49,4.56,71.7,48.51
10.55,4.02,3.43,89.01,34.13
23.72,4.01,3.07,137.67,48.35
6.15,6.2,3.47,30.56,22.82
15.18,2.23,3.7,104.52,32.51
11.96,7.88,4.1,24.75,62.04
9.0,7.77,3.1,117.51,38.05
7.9,7.15,4.55,12.58,29.94
28.99,3.76,3.35,84.54,58.91
20.4,8.7,4.99,122.6,81.66
14.49,4.07,3.11,46.28,32.78
17.61,4.01,4.61,21.62,39.96
25.52,2.56,4.74,86.26,53.57
20.63,1.4,3.02,43.12,41.62
4.72,6.84,3.46,73.04,28.74
7.12,5.24,4.43,137.92,27.28
26.85,3.07,4.99,44.88,49.22
17.17,4.35,4.22,126.55,37.97
18.12,4.99,4.77,87.18,38.0
5.73,3.32,4.36,146.74,24.51
4.97,3.26,4.05,82.59,20.0
7.28,1.73,4.44,84.24,21.19
10.44,2.72,4.36,21.5,22.97
17.21,1.08,3.52,113.75,35.91
11.8,4.33,3.71,142.03,35.67
20.65,2.5,4.75,5.27,39.12
13.51,5.52,3.51,78.88,39.42
15.92,9.48,3.43,14.03,68.15
28.6,5.3,4.09,5.74,58.0
2.22,4.63,4.63,14.0,10.49
19.47,9.18,3.76,144.29,78.39
22.35,6.08,3.4,41.21,52.41
6.22,6.0,4.97,44.56,28.08
25.95,3.34,3.62,110.77,56.24
4.56,8.8,3.34,40.53,29.72
24.45,9.96,4.11,97.76,86.06
6.59,1.7,3.59,108.56,21.12
13.36,4.04,3.29,101.43,38.58
12.47,8.66,4.39,44.36,67.55
17.6,2.56,4.6,18.62,35.78
19.4,7.6,4.71,102.56,73.39
2.17,7.53,3.64,39.83,20.94
24.63,6.76,3.22,146.72,56.76
16.27,4.02,4.8,106.44,38.03
27.64,6.89,4.53,90.65,61.86
5.9,6.62,3.99,59.29,20.38
13.89,7.53,3.09,75.41,68.67
28.71,4.61,3.53,22.72,56.83
19.41,6.7,4.65,72.52,49.09
15.71,1.16,3.94,24.64,29.97
14.64,1.61,3.04,33.53,34.31
27.54,2.76,3.97,147.54,52.36
1.22,1.64,3.54,12.31,7.99
29.73,5.31,3.87,17.28,61.82
14.66,7.39,3.64,40.33,41.25
24.83,1.1,3.29,119.09,45.23
15.02,6.1,3.41,95.24,34.57
24.98,8.18,3.79,142.78,82.86
3.85,5.39,3.79,104.71,29.82
13.34,7.4,4.64,27.9,38.87
23.33,8.7,4.12,20.76,81.83
29.89,4.74,4.19,113.41,57.61
15.88,1.62,4.34,84.26,32.28
3.16,2.93,3.66,130.75,17.12
22.68,1.25,3.94,122.73,45.03
19.8,3.41,3.64,77.66,44.44
5.34,8.56,3.8,91.74,28.57
7.08,6.68,3.87,114.3,27.34
15.56,7.98,3.61,33.75,67.66
5.82,8.17,4.17,14.84,31.72
27.58,6.96,4.59,7.55,56.61
29.73,3.72,3.69,33.66,58.1
22.82,4.67,3.19,34.69,52.63
25.48,3.84,3.35,30.64,47.57
10.61,2.75,4.76,81.92,21.22
4.09,7.36,4.79,120.15,22.92
22.14,2.13,3.93,79.56,41.11
24.03,7.58,3.24,46.01,86.59
21.15,6.72,4.57,126.02,48.36
6.13,8.96,4.21,47.73,32.63
1.77,4.49,4.39,58.7,17.89
17.08,8.66,4.2,32.22,74.25
5.35,8.22,3.93,43.87,25.61
9.55,5.45,4.46,8.46,28.82
14.82,7.14,4.98,111.12,38.3
8.28,4.35,4.96,10.37,19.93
28.05,1.25,3.25,68.38,46.78
10.32,6.27,3.07,86.49,33.32
17.27,3.73,3.32,60.98,38.57
29.22,7.91,3.43,127.69,97.63
20.46,1.08,4.88,62.11,41.07
12.19,2.03,3.73,47.33,21.56
22.84,3.45,4.17,135.4,46.4
6.61,4.81,4.93,69.63,25.24
4.02,7.66,4.15,141.2,30.92
2.12,9.18,3.67,102.95,34.05
20.37,5.08,4.63,89.67,45.81
20.08,8.41,3.81,51.67,79.49
20.46,6.91,3.31,74.34,52.34
20.53,2.18,4.47,9.49,41.46
17.9,2.26,4.47,149.32,35.03
28.31,3.53,3.84,145.39,52.4
14.34,9.06,4.05,52.4,74.43
4.58,1.05,4.43,55.74,9.67
8.25,1.02,4.62,90.77,19.62
12.84,8.69,3.66,114.94,65.79
18.76,7.83,4.88,66.35,73.23
11.37,8.64,4.81,87.18,62.3
13.64,7.32,4.46,26.56,42.25
9.51,8.26,3.52,5.49,33.35
22.1,1.86,3.15,37.39,41.18
25.51,6.2,3.76,78.23,55.84
10.82,4.2,4.4,97.46,27.18
24.21,5.82,3.17,60.25,51.99
6.72,3.82,4.55,99.61,23.66
29.27,2.95,4.09,145.95,58.34
11.33,2.65,4.42,85.71,32.38
20.18,2.0,4.14,71.23,36.81
18.46,4.41,3.65,78.48,46.26
3.38,8.47,4.67,28.09,27.14
17.99,6.18,3.37,62.82,47.96
2.35,3.68,3.33,57.39,19.52
15.08,9.16,4.76,21.44,70.72
16.58,4.3,4.51,42.78,39.18
28.61,5.02,4.79,102.83,62.88
6.28,8.07,4.43,71.55,30.24
2.41,4.71,3.08,115.05,21.07
19.18,3.29,4.23,39.09,39.46
9.99,4.62,3.22,10.6,31.96
16.96,5.94,3.65,33.63,47.6
8.41,9.23,3.29,58.94,32.05
21.02,7.81,4.33,20.67,80.15
4.65,9.07,4.56,97.67,32.28
15.84,5.59,3.51,72.98,47.42
23.37,5.26,3.47,65.07,51.82
26.88,4.67,3.74,58.88,51.56
10.51,2.51,4.32,133.31,30.31
16.91,8.39,4.47,111.4,72.17
28.64,1.87,3.46,114.92,55.18
5.01,3.61,3.24,115.08,24.43
25.08,3.01,3.59,43.01,54.37
22.25,6.08,3.63,49.19,49.04
29.01,6.43,4.94,24.55,52.49
15.17,3.43,4.28,42.33,37.33
14.2,2.61,3.6,39.86,30.5
16.81,3.12,4.71,107.17,35.62
11.47,4.0,4.46,51.65,29.49
2.69,4.5,4.36,89.5,15.54
17.49,8.08,4.33,94.31,73.63
12.31,9.16,4.27,9.36,65.46
15.65,6.89,3.17,118.08,45.77
21.29,1.5,3.93,80.14,34.08
12.42,5.17,3.71,30.55,30.28
5.7,5.22,3.16,101.4,34.12
25.09,9.03,4.38,59.17,80.84
28.38,3.89,4.98,12.54,57.1
7.81,7.47,4.51,11.47,33.22
18.71,8.1,4.3,84.36,72.81
11.94,5.61,4.66,89.19,33.94
21.35,5.43,3.24,110.58,49.59
2.59,2.08,3.86,34.23,6.97
27.66,1.56,3.16,85.6,45.01
25.78,9.75,3.41,76.36,92.08
5.02,6.07,3.47,51.67,23.98
19.59,3.4,3.07,114.11,41.29
10.59,8.23,3.59,97.43,61.06
7.09,1.49,3.03,147.43,23.85
25.58,9.49,3.55,49.79,88.35
22.84,2.53,4.46,109.68,44.9
17.74,9.87,4.86,93.83,75.73
18.99,3.65,4.85,24.29,38.57
26.22,9.18,4.07,36.97,83.9
10.9,1.38,4.7,149.29,25.69
15.3,2.31,3.9,102.61,37.26
7.65,1.34,4.12,57.15,17.04
14.14,3.58,4.88,25.51,31.74
5.96,7.79,3.4,40.78,29.65
11.02,2.39,3.23,104.84,28.28
19.65,2.19,3.99,50.05,40.64
9.02,7.41,4.66,71.54,31.78
19.93,6.05,3.94,149.14,44.88
24.12,1.53,3.14,143.35,49.85
19.26,3.56,3.34,147.56,39.85
14.61,7.8,4.03,39.34,65.0
12.33,5.93,3.34,31.82,35.09
3.1,9.49,3.09,48.19,31.02
23.22,7.94,3.74,54.48,80.03
28.71,7.67,3.41,66.65,90.84
8.0,8.29,4.96,147.61,35.92
21.19,1.76,3.82,93.09,40.03
18.48,4.17,3.81,29.05,38.28
24.57,8.31,3.56,89.79,83.87
20.81,3.68,3.18,134.17,44.0
6.69,5.02,4.5,32.78,23.26
4.91,6.6,4.02,35.24,31.69
10.77,2.01,4.99,72.33,23.72
6.4,7.28,4.89,92.68,25.58
18.47,4.56,3.52,94.75,46.66
3.55,8.9,4.96,99.39,29.5
20.58,5.4,4.53,133.23,50.63
23.77,1.28,4.91,75.81,38.21
2.2,7.77,3.38,37.95,23.66
26.73,7.23,4.91,42.06,56.77
24.79,9.55,3.25,35.24,89.25
2.24,8.3,3.43,85.67,22.03
16.88,6.1,3.11,122.05,48.41
1.8,8.04,4.8,85.12,20.7
14.83,2.76,4.06,9.72,37.07
3.35,9.17,3.39,8.04,27.4
17.7,7.89,4.44,12.93,73.71
3.24,5.45,3.55,67.92,23.34
3.59,1.37,3.44,90.56,12.66
29.15,4.73,3.06,64.8,56.26
24.45,4.18,4.22,127.85,51.2
20.51,6.96,4.42,124.85,50.51
23.83,9.89,3.66,43.32,86.29
7.2,3.82,3.01,101.82,22.78
4.0,9.4,3.67,57.95,27.55
10.34,7.16,4.09,60.25,29.88
23.07,2.43,4.51,117.01,44.88
22.91,7.09,4.59,11.02,55.18
21.81,5.98,4.42,38.54,49.44
13.09,3.46,3.33,73.33,30.01
15.75,2.2,3.92,130.33,33.57
22.46,2.48,3.97,104.58,46.02
18.04,8.81,4.47,118.75,79.64
7.42,5.27,4.23,136.25,24.21
14.63,6.1,3.97,116.83,42.36
28.11,7.63,4.11,74.13,87.24
28.87,2.88,3.06,40.59,53.7
3.25,3.24,3.85,21.43,18.69
4.47,7.99,4.58,58.22,27.8
2.68,3.78,4.42,42.63,13.81
15.65,2.36,3.39,134.29,33.55
27.05,8.27,3.36,82.07,95.17
15.93,3.73,4.55,142.98,34.93
10.65,2.12,3.94,35.68,23.59
26.55,6.68,3.56,75.42,66.82
8.0,3.33,3.85,125.95,24.79
16.94,2.29,4.44,80.02,36.18
26.68,3.29,4.4,143.08,54.73
26.28,6.66,4.32,31.96,58.15
4.83,3.64,4.73,93.07,18.95
9.85,1.75,4.37,147.06,30.89
12.83,5.45,4.78,20.14,30.53
23.4,3.63,4.37,92.17,41.54
20.91,2.41,3.07,41.48,49.45
16.57,5.57,3.96,149.81,41.11
11.93,4.14,4.56,7.88,26.19
9.32,6.19,4.65,5.67,32.99
17.89,7.76,3.41,90.44,77.31
24.31,5.23,3.08,26.78,54.55
11.19,8.76,4.43,71.86,64.76
9.24,1.37,4.39,141.19,20.57
1.28,7.6,3.16,95.01,26.89
4.2,1.81,4.76,48.88,14.94
4.81,1.98,3.79,49.75,13.28
13.53,6.73,4.15,58.35,37.61
23.5,8.61,3.27,56.58,82.66
12.73,3.32,4.33,114.02,29.88
5.24,5.56,4.39,80.39,18.31
5.87,7.9,3.91,134.1,25.8
28.63,2.67,4.05,38.76,52.61
18.99,4.71,4.19,119.03,44.92
9.6,6.34,4.36,45.03,30.12
25.49,8.09,3.91,79.86,88.22
28.48,6.16,3.33,95.49,56.51
16.85,2.32,4.41,76.4,34.1
14.14,8.47,4.32,79.99,70.25
12.21,8.3,3.95,63.29,64.42
11.88,7.51,3.32,106.14,61.15
26.06,7.6,3.24,72.86,88.31
21.65,5.1,4.07,36.2,47.78
27.44,6.85,3.4,147.94,61.95
1.96,9.99,3.07,129.23,35.5
4.82,9.77,3.62,15.82,26.83
16.22,2.68,3.85,48.39,32.7
18.02,6.74,4.61,96.6,44.45
13.48,8.81,3.88,86.25,71.08
16.01,1.54,3.48,33.13,30.06
27.14,6.17,3.47,53.65,58.88
17.32,2.04,3.51,34.78,30.15
8.6,2.65,4.57,12.5,21.47
15.5,4.23,4.86,137.39,34.62
9.63,6.01,4.17,63.18,27.13
19.28,5.87,4.01,14.4,44.6
18.03,5.54,3.45,71.51,41.9
21.53,9.62,4.66,75.49,79.54
29.25,5.58,4.15,115.15,60.12
15.46,7.6,3.2,81.05,70.75
2.09,4.01,4.18,102.57,16.37
15.35,7.7,3.82,25.85,65.2
15.73,7.73,3.93,93.15,69.12
23.93,7.03,3.7,73.2,51.24
27.9,7.79,3.37,120.52,86.69
5.68,6.15,4.41,146.13,25.22
26.69,8.7,4.97,89.51,87.91
6.01,8.49,3.06,56.71,36.73
18.12,1.87,4.23,31.13,41.95
1.14,5.04,3.9,12.88,15.55
25.5,2.09,4.24,13.93,40.58
12.95,9.55,4.38,48.37,66.2
7.28,4.91,3.02,102.79,32.58
28.44,2.98,4.69,101.83,56.0
3.49,8.54,3.39,28.66,28.8
11.21,1.78,4.64,21.94,23.87
14.52,2.39,4.79,103.24,33.03
8.66,7.11,4.77,13.52,25.81
11.37,5.57,4.37,131.74,30.25
25.47,3.41,4.4,93.69,50.65
6.7,6.19,4.99,70.32,24.13
17.15,2.87,3.06,111.86,37.53
7.16,3.78,4.69,36.92,22.41
18.96,6.5,4.24,95.85,44.05
8.26,8.95,4.9,144.91,37.03
10.15,7.33,4.83,22.91,32.32
16.28,6.79,3.18,70.45,45.15
8.3,7.72,4.2,64.5,34.52
22.16,4.41,3.89,139.87,48.4
7.51,9.83,3.55,148.57,39.07
25.28,6.5,3.35,89.89,55.78
21.32,3.32,3.18,41.61,40.87
4.75,1.32,3.21,99.11,14.72
16.08,2.01,3.95,16.16,33.41
2.92,2.79,3.46,46.76,14.28
5.99,7.61,3.37,59.85,31.25
10.07,8.33,4.51,136.53,69.78
21.53,9.33,3.07,69.84,81.79
18.93,6.79,4.88,109.41,47.87
16.43,3.68,3.55,131.33,38.51
6.29,8.55,3.03,56.46,35.29
9.63,9.58,3.34,65.77,39.8
20.91,7.27,4.14,37.73,48.02
15.23,1.65,4.56,35.82,29.97
10.36,4.7,3.93,92.47,31.05
3.0,3.24,4.44,140.83,16.7
2.34,9.45,4.87,78.62,26.43
27.81,8.3,4.14,15.22,86.91
13.07,1.63,4.38,57.47,28.46
26.89,6.48,4.03,81.14,56.92
8.04,9.87,3.0,142.14,41.98
18.12,5.71,4.58,143.22,45.24
8.41,9.0,3.92,61.11,33.13
26.59,8.31,3.24,37.33,84.05
7.49,5.24,4.53,143.63,28.72
16.83,4.98,3.18,101.61,42.53
29.03,2.45,4.16,15.88,54.43
22.17,4.19,4.3,61.31,45.99
17.08,2.72,4.06,75.88,36.07
11.56,8.61,3.03,68.27,61.68
16.37,6.43,4.87,10.28,36.73
1.11,9.43,3.37,31.84,27.07
4.79,4.69,4.15,54.79,20.33
9.09,7.32,4.7,17.72,30.85
2.36,8.5,3.69,69.27,27.74
7.91,1.12,3.91,57.69,16.14
13.21,3.91,4.25,7.85,28.61
25.89,4.93,4.37,121.45,50.47
27.65,9.36,3.76,44.04,90.67
1.6,8.83,4.46,128.34,25.33
14.34,1.76,3.73,24.74,24.38
20.82,9.6,3.64,57.68,87.77
22.82,6.64,4.27,130.74,55.46
5.62,1.65,3.39,46.45,20.45
1.21,7.21,4.47,55.94,21.03
8.23,8.7,3.12,59.54,39.35
10.11,3.33,3.02,11.09,24.52
6.43,3.9,3.32,9.68,18.56
7.39,3.5,4.33,127.52,22.85
20.2,7.32,4.06,149.92,49.52
7.43,7.46,3.79,44.57,31.81
6.48,7.97,3.23,141.36,35.93
8.85,9.29,4.89,69.14,34.37
14.21,2.64,3.44,117.64,33.52
6.75,7.37,3.93,46.26,28.51
15.37,6.81,3.42,85.14,42.93
28.17,3.36,3.93,60.12,57.23
24.83,9.78,3.74,21.04,88.23
22.79,5.29,3.69,62.81,53.1
28.33,9.54,3.92,107.17,99.63
27.73,9.75,3.22,43.72,92.59
17.04,9.1,3.42,93.97,76.49
21.06,5.14,3.21,115.5,50.61
11.23,3.52,3.39,53.25,28.61
16.61,6.27,4.03,113.32,44.64
27.7,5.05,3.58,6.88,52.29
15.72,5.21,4.95,124.69,35.27
13.22,3.2,3.35,8.57,31.34
20.09,8.58,4.13,15.05,76.25
14.49,7.58,4.86,72.43,65.55
3.76,8.79,4.33,58.8,29.64
11.99,5.78,3.43,135.98,38.67
4.94,1.83,4.99,97.89,17.59
27.52,8.76,3.3,91.96,90.62
22.49,1.62,4.08,31.54,39.84
13.74,2.39,4.79,48.39,29.13
3.05,9.5,4.04,112.83,24.72
4.28,6.05,4.92,28.05,19.75
8.61,7.07,4.57,105.47,31.1
16.2,8.39,4.26,67.35,66.96
4.08,6.98,4.19,31.71,21.73
11.52,5.0,4.69,138.37,30.6
6.25,5.89,3.55,31.34,21.65
4.02,4.59,3.57,29.84,21.17
4.5,6.19,3.4,134.39,25.23
4.5,1.02,4.53,114.59,17.36
25.11,5.57,3.29,122.8,53.85
6.22,1.21,4.88,23.55,18.25
4.23,1.99,4.63,27.31,11.75
25.09,8.62,3.47,39.11,84.77
28.87,6.93,3.88,102.19,58.99
22.29,2.64,4.52,86.79,37.75
3.12,7.72,3.32,81.09,28.93
4.92,5.28,3.5,45.24,22.03
5.22,2.21,3.82,48.74,15.04
3.84,9.37,4.71,34.82,28.91
14.94,2.02,3.55,143.48,29.08
2.62,1.18,4.47,51.3,11.72
24.05,3.31,4.53,70.99,47.55
12.91,1.78,4.52,6.28,26.55
6.66,1.15,3.09,90.07,16.09
3.7,6.88,3.98,11.8,19.13
17.51,2.19,3.64,125.99,38.53
23.56,6.07,3.54,82.93,56.33
17.9,3.18,4.63,30.14,38.4
7.89,9.47,4.17,16.98,37.21
24.28,2.94,3.42,99.72,49.39
15.92,5.69,4.44,96.8,38.63
17.97,7.61,4.44,9.4,73.92
27.32,3.8,4.87,51.74,53.77
20.58,8.49,4.97,62.91,80.35
4.38,3.83,4.0,53.57,17.19
21.14,4.49,4.81,51.79,44.78
9.42,4.87,4.63,6.43,29.81
23.91,4.77,4.59,100.58,47.61
17.31,6.47,3.26,125.18,48.27
16.68,3.04,4.01,11.55,34.75
5.1,3.96,4.11,109.76,17.48
1.79,3.06,4.61,76.34,7.65
29.27,3.49,3.67,109.78,59.08
1.88,7.87,3.57,135.13,21.76
2.5,6.66,3.42,124.98,26.96
14.3,9.67,4.37,113.91,71.69
28.18,9.55,4.1,68.71,90.21
16.7,2.85,4.6,58.07,37.05
29.77,2.89,3.13,108.47,59.34
21.76,9.17,4.9,114.71,80.32
24.8,2.25,4.17,40.66,43.56
24.76,7.85,3.3,63.0,78.98
28.35,2.73,4.89,113.24,53.29
29.1,2.29,4.95,84.74,49.79
10.5,4.95,4.39,104.09,26.92
21.54,7.16,3.13,11.97,52.2
15.74,8.6,4.6,17.45,65.88
29.38,2.87,4.59,133.23,60.44
18.15,1.9,3.82,55.79,29.01
12.6,8.13,4.29,15.8,66.37
1.98,5.06,3.5,15.44,15.97
22.14,6.49,4.19,85.4,44.43
1.37,6.26,4.91,28.72,20.38
19.81,7.85,4.21,35.32,71.36
8.68,9.91,4.37,82.49,45.35
20.59,6.83,3.25,19.59,45.22
29.76,4.29,4.4,30.41,55.4
11.11,2.57,3.84,106.1,31.08
17.16,1.93,4.41,7.42,30.62
17.13,7.22,3.96,90.8,53.67
5.72,3.3,4.69,127.75,21.71
22.4,3.5,4.89,7.94,39.11
21.39,4.99,3.95,53.41,47.19
23.37,5.75,4.67,40.79,46.85
7.4,4.75,3.88,62.77,29.39
2.96,9.6,4.85,12.8,30.1
12.42,3.68,3.46,22.54,32.99
4.4,6.42,3.18,113.3,23.45
9.03,1.15,4.78,44.01,19.25
1.49,1.57,3.91,142.09,16.49
12.67,2.79,3.94,115.33,28.78
11.46,3.53,4.25,53.1,25.08
10.46,5.2,3.01,47.86,29.24
12.18,6.17,4.47,122.32,39.35
2.17,2.49,4.83,16.82,14.79
13.61,6.21,4.85,68.47,32.46
19.96,1.74,4.56,98.0,35.02
10.4,4.53,3.28,125.72,27.85
17.43,8.18,3.37,134.67,77.07
24.26,5.27,4.78,65.47,48.59
16.23,6.99,4.69,135.94,45.77
27.88,3.01,3.27,120.84,57.16
23.35,7.37,3.91,139.95,55.89
17.16,9.86,3.62,100.04,81.94
3.43,6.86,3.69,86.33,23.0
14.59,9.82,4.53,9.22,72.68
2.0,8.5,3.14,69.78,24.74
28.71,7.91,4.95,110.4,86.85
2.34,5.31,3.87,114.57,18.2
7.03,6.17,3.86,114.99,32.96
6.3,3.22,4.32,123.85,24.2
25.98,8.87,4.9,83.68,87.96
27.32,1.12,3.97,135.06,51.38
22.06,8.18,4.45,108.13,79.14
25.75,9.46,4.33,119.17,91.94
8.55,3.99,4.81,108.41,28.24
26.97,8.2,4.6,68.42,86.76
3.93,4.86,4.08,114.53,30.38
9.97,8.71,4.26,79.46,38.23
25.92,6.66,4.52,109.7,54.34
21.04,1.5,4.95,134.78,37.81
28.07,4.38,4.23,87.21,59.0
25.61,1.17,3.11,63.89,51.56
7.12,7.74,3.38,84.87,37.99
13.14,8.84,3.24,32.11,71.6
29.68,9.96,4.75,87.07,92.18
21.39,5.74,4.83,71.92,47.83
24.02,4.52,3.53,44.66,55.12
3.4,5.72,3.25,12.06,21.32
28.66,4.99,4.79,30.49,59.87
16.96,3.64,4.13,6.96,41.42
5.45,9.19,4.84,76.1,34.13
17.64,4.55,4.15,102.71,45.95
27.55,9.06,4.28,66.64,90.18
16.79,6.1,4.32,52.62,44.61
29.8,8.62,4.9,58.48,83.33
27.9,6.99,3.83,122.68,65.65
15.42,5.22,4.08,86.72,42.88
29.05,7.45,3.85,92.13,63.93
23.25,7.53,3.75,26.62,83.16
8.39,8.82,4.35,24.42,38.37
3.86,5.15,3.28,95.39,24.03
1.79,5.77,4.46,15.14,19.01
16.12,7.88,3.27,141.06,71.05
22.89,5.63,4.16,37.5,49.8
4.79,6.58,4.21,26.95,23.47
6.86,3.12,4.01,11.96,20.14
29.24,9.78,3.09,143.52,93.83
24.4,6.72,3.61,89.72,59.41
10.37,6.85,3.29,130.79,38.49
28.34,7.71,3.49,7.38,85.5
14.84,8.09,3.43,116.56,70.67
8.36,1.86,3.49,93.6,23.94
11.01,4.33,4.66,86.72,31.01
8.89,6.39,3.56,14.4,29.53
21.16,9.95,4.7,142.58,82.1
11.84,5.65,3.24,15.71,35.57
17.76,1.02,3.3,19.54,33.09
18.99,9.73,4.42,95.44,75.79
15.63,5.95,3.34,131.19,41.43
14.13,1.59,4.61,69.83,31.04
11.22,4.1,3.13,33.16,30.88
7.77,9.63,4.87,27.79,34.82
3.74,3.98,3.66,116.16,22.25
21.28,6.0,4.32,23.43,47.66
1.46,3.94,3.67,68.53,16.81
22.27,6.51,4.17,73.21,48.93
22.87,5.38,4.48,21.74,43.97
24.38,3.96,3.24,36.26,53.43
19.61,1.86,4.57,80.6,33.91
28.62,3.55,3.97,58.8,52.06
12.09,6.59,3.87,48.44,36.39
14.31,5.63,4.74,74.69,39.27
9.38,4.99,4.86,131.46,28.29
1.3,6.15,3.34,36.17,19.17
13.7,4.38,4.45,96.73,34.16
15.47,5.67,4.94,48.94,35.14
14.45,6.16,3.39,9.34,42.35
2.05,7.43,4.83,73.92,27.16
5.64,9.67,4.64,109.41,33.38
8.92,3.03,4.81,146.81,24.7
12.87,9.78,4.31,147.05,71.5
6.95,9.87,3.3,80.82,37.27
11.56,8.26,3.81,77.44,62.79
9.33,7.44,3.91,142.27,35.52
4.14,1.62,3.99,12.19,14.39
26.41,8.02,3.05,46.32,88.81
18.63,6.5,3.12,41.9,41.89
29.52,3.25,4.85,14.79,51.86
18.5,3.18,3.03,54.83,40.33
18.84,4.0,3.33,38.5,40.01
11.55,3.89,4.64,76.19,32.17
24.35,4.59,4.57,97.65,51.56
14.41,5.78,3.86,125.99,35.92
24.88,8.11,3.08,143.9,89.63
14.55,4.58,3.76,118.26,34.32
22.44,1.25,4.17,116.45,42.5
20.21,7.22,3.16,56.04,51.56
12.5,1.01,4.61,107.15,27.64
3.64,5.24,4.23,40.09,18.62
7.75,6.89,4.49,147.48,29.74
13.78,6.54,4.95,111.89,39.28
14.77,8.32,3.81,72.48,66.97
7.23,9.5,4.21,10.88,31.49
8.57,4.0,4.58,60.25,26.7
10.4,7.53,3.27,116.82,56.79
16.88,8.78,4.81,134.15,76.58
3.59,8.59,4.29,23.94,23.38
12.8,8.17,4.29,42.32,67.49
20.78,5.7,3.65,37.21,46.84
25.26,8.06,3.21,120.04,84.93
15.96,3.13,3.69,71.79,31.19
28.55,5.62,4.09,127.76,62.73
22.33,5.91,4.64,113.1,45.28
23.91,2.35,4.29,88.62,42.85
4.92,8.78,3.46,89.28,29.27
15.66,4.99,3.34,63.53,32.5
2.03,4.58,3.46,128.73,21.4
20.39,6.28,4.13,91.41,51.78
10.43,6.32,3.3,92.28,35.77
26.51,4.05,3.88,26.44,50.54
4.79,7.24,4.65,95.64,31.4
3.16,3.72,3.35,144.68,20.25
12.47,5.87,3.85,12.98,35.32
5.59,1.12,3.68,80.64,17.33
16.95,1.63,4.63,41.96,30.91
13.57,1.75,3.86,110.22,30.39
1.68,6.57,3.61,78.11,15.94
8.06,5.64,3.32,50.21,29.48
5.44,4.24,4.55,105.52,18.27
6.18,4.34,4.0,94.19,27.03
29.61,9.09,3.72,40.82,92.9
17.83,7.54,4.53,122.47,73.77
23.58,3.44,4.85,93.11,44.94
12.17,4.16,4.88,56.93,32.71
6.25,9.58,3.12,92.42,35.59
10.73,4.44,4.66,94.62,29.22
21.18,5.56,4.05,47.45,48.87
12.97,7.6,3.91,101.51,63.28
1.3,3.04,4.41,30.86,17.28
17.11,6.84,4.54,17.39,39.03
15.84,3.11,4.56,105.83,35.27
20.76,8.74,4.04,81.06,81.04
1.81,4.74,3.89,124.4,22.99
26.77,9.79,3.24,43.53,87.02
14.39,1.58,4.11,91.94,25.42
11.47,5.81,3.82,111.83,33.43
9.38,5.09,4.51,67.28,31.74
25.64,3.62,3.7,138.88,51.65
8.69,2.12,4.67,57.58,21.54
9.7,1.72,4.98,124.95,22.09
26.83,8.36,3.82,147.41,89.12
14.62,2.57,3.89,91.79,31.84
2.4,1.29,3.84,71.21,13.96
4.53,6.03,3.27,41.99,22.4
22.86,3.0,4.73,74.88,51.03
10.44,4.33,3.33,83.23,27.61
9.83,8.29,3.88,76.32,36.79
9.56,6.41,3.67,143.64,34.93
29.21,2.34,4.45,19.0,51.33
15.09,2.16,3.89,80.6,30.49
26.98,6.37,3.4,65.22,64.08
24.04,8.58,3.52,29.24,80.05
23.84,5.26,3.79,114.18,43.81
23.53,7.07,3.71,29.06,58.25
9.87,8.13,3.93,6.26,34.09
24.91,2.45,3.1,58.69,51.13
15.24,6.9,4.94,118.2,45.05
6.05,9.79,3.06,19.18,37.99
8.33,7.18,4.17,148.97,32.21
16.35,7.36,4.62,76.39,39.7
14.96,1.99,4.15,144.47,32.89
29.62,6.19,4.31,68.53,64.61
18.96,2.32,3.28,86.89,44.27
19.03,7.4,4.21,12.52,40.97
2.52,5.3,4.86,86.97,21.02
2.96,1.52,4.76,59.17,17.15
9.76,2.97,3.92,85.24,32.77
13.99,4.51,4.77,73.28,40.51
27.95,2.3,3.03,21.19,50.76
2.51,3.99,4.63,38.87,12.47
21.97,9.99,3.82,69.22,83.63
19.02,2.98,4.57,45.37,39.54
8.08,6.16,4.82,109.57,28.38
27.6,1.04,4.21,55.71,46.91
12.05,9.53,4.38,42.17,68.13
25.25,8.59,3.27,50.15,85.86
8.93,1.69,4.55,147.36,23.51
17.44,2.48,3.02,22.41,41.65
23.55,6.3,4.16,61.8,54.72
26.05,2.42,3.96,128.4,47.58
11.38,3.87,3.93,8.18,35.79
7.13,8.08,3.67,36.41,32.92
19.98,7.22,3.93,134.12,54.83
19.57,6.75,3.84,73.96,47.05
2.37,1.38,4.15,108.79,8.52
18.45,2.91,3.69,138.16,44.07
28.33,2.08,4.27,128.13,50.51
8.15,6.07,3.82,116.02,30.08
19.19,7.72,4.38,43.49,72.11
27.58,5.33,4.56,141.43,60.13
12.17,8.25,3.66,116.26,67.86
24.75,1.68,3.7,31.9,43.74
27.0,2.34,4.97,112.2,47.2
2.4,1.57,4.46,62.77,8.73
9.5,4.66,4.5,37.13,35.41
8.07,2.79,3.95,67.03,25.5
27.35,9.33,4.87,87.75,87.16
18.41,2.4,3.79,6.98,37.03
4.58,8.23,3.86,131.12,29.56
12.07,1.61,4.25,116.19,26.98
8.89,3.14,4.03,28.85,25.27
29.84,4.07,4.52,38.8,56.1
26.53,9.2,4.14,94.4,84.73
25.68,9.64,4.39,46.18,87.46
4.17,6.9,4.72,95.84,30.8
12.06,4.47,4.35,131.69,36.14
13.79,8.81,3.61,108.52,72.71
10.36,5.93,4.41,55.75,32.84
26.7,1.79,3.97,116.83,50.46
14.2,4.19,3.02,70.27,36.66
23.17,2.2,4.76,68.03,45.85
17.89,8.25,3.11,12.12,75.3
12.68,3.03,4.57,110.25,29.71
3.57,4.1,3.19,108.7,19.89
25.83,6.8,3.08,45.35,57.95
14.94,6.04,4.06,119.17,40.52
3.11,7.95,3.64,149.21,29.62
14.86,7.78,4.41,136.78,66.37
2.31,9.35,3.61,141.67,32.85
10.23,5.78,3.16,121.36,38.7
27.03,4.42,4.35,40.18,54.24
10.97,1.49,4.02,134.43,31.94
10.64,2.21,3.71,133.31,24.68
9.81,2.84,4.37,55.84,18.09
17.53,1.93,4.31,115.24,33.97
15.47,1.02,3.31,15.52,30.2
12.06,4.88,4.3,28.16,27.06
25.71,2.04,3.27,38.74,52.3
14.58,3.89,3.56,72.92,32.32
25.29,3.76,3.9,42.12,43.03
12.7,4.72,3.25,34.77,39.3
11.19,5.85,3.02,5.93,30.84
6.11,3.9,4.0,17.15,21.11
2.96,3.07,4.54,57.86,16.22
17.58,6.96,4.04,77.21,40.82
11.33,1.99,3.43,35.23,25.6
5.24,4.11,4.91,27.02,12.59
16.27,2.39,3.08,26.59,34.37
21.82,1.23,4.27,97.15,40.94
19.26,8.41,3.89,125.44,75.44
1.56,7.75,3.93,135.94,24.74
11.74,8.72,4.88,95.57,60.92
20.48,6.8,4.31,64.68,44.22
12.48,8.48,3.83,56.64,67.1
13.74,4.88,4.44,62.51,36.44
23.88,5.37,3.63,61.36,52.49
5.48,5.36,3.82,109.02,22.5
5.96,1.64,3.29,126.29,16.86
23.26,8.67,4.38,115.97,83.08
27.68,8.68,4.43,30.23,87.71
5.76,9.86,3.44,64.1,31.41
2.69,8.7,3.09,94.25,23.84
24.69,9.39,4.59,33.27,85.62
17.44,9.8,3.5,5.43,79.52
8.08,4.58,3.79,64.63,30.96
2.36,1.64,4.95,42.65,9.59
16.96,6.04,3.12,141.27,42.51
5.44,7.99,3.03,74.49,30.32
27.11,9.62,3.66,21.81,83.14
27.25,3.41,4.05,129.4,53.44
22.33,4.03,3.91,21.8,43.1
29.52,9.64,3.02,42.83,92.37
9.86,8.27,4.87,73.16,31.61
4.43,2.55,3.45,35.75,20.07
19.65,9.72,3.65,76.02,73.99
8.09,1.28,3.26,99.74,21.28
21.17,1.07,3.41,17.88,35.59
3.12,2.69,4.82,19.97,10.36
10.93,2.74,3.02,125.45,31.07
20.07,3.63,3.27,136.14,45.2
28.17,6.43,4.15,48.53,57.46
3.48,9.28,4.93,118.66,30.83
14.1,4.82,4.15,5.3,33.63
28.44,2.91,3.12,34.6,54.79
2.56,5.08,3.32,135.65,21.63
14.21,2.32,3.5,84.21,30.6
22.69,8.89,3.41,58.8,82.64
14.91,3.99,3.75,104.32,36.13
25.72,6.19,3.28,117.02,58.4
12.69,9.25,4.85,100.21,64.97
9.88,5.51,4.85,102.34,33.56
1.74,5.22,3.13,114.56,22.52
15.28,6.57,3.5,53.07,40.54
29.43,8.82,4.82,57.26,93.37
27.49,1.91,4.24,5.21,47.49
1.02,7.13,3.32,139.39,21.07
1.92,4.04,3.79,31.22,16.02
2.7,2.37,5.0,83.72,12.21
25.91,9.07,4.38,135.21,85.82
11.56,9.31,4.77,44.06,64.72
9.01,2.25,3.59,18.39,22.51
22.54,5.31,4.38,146.93,47.47
10.8,9.95,4.61,125.64,64.84
12.11,7.37,4.08,97.19,44.17
21.23,4.65,3.02,115.9,48.24
26.89,2.55,4.9,94.84,50.31
6.15,9.87,3.39,51.16,31.1
6.9,6.49,3.6,91.14,32.87
6.77,4.49,3.5,138.09,25.16
28.39,3.25,4.99,23.41,49.38
17.23,9.46,3.76,61.02,73.19
24.8,6.87,3.33,149.41,61.15
6.49,1.08,4.8,146.9,15.6
26.05,6.73,4.46,17.19,51.47
9.65,7.95,4.9,23.15,36.33
18.98,5.52,4.62,98.49,43.32
7.28,2.15,3.81,35.75,13.67
15.87,4.36,3.45,33.48,39.33
22.85,5.31,3.68,124.04,51.05
6.12,5.87,3.44,126.46,26.35
28.96,1.89,4.28,43.92,47.54
25.62,4.07,3.16,149.69,56.54
21.4,5.32,4.37,98.75,49.99
22.86,3.1,4.86,65.21,42.66
9.24,1.47,3.55,127.99,25.14
3.69,1.74,4.88,43.08,16.01
10.44,5.58,3.22,143.84,37.82
4.84,1.14,4.43,131.13,16.59
10.7,2.18,4.55,148.46,22.89
23.25,3.67,3.1,108.62,50.04
5.97,4.44,4.89,46.82,19.49
3.15,4.95,4.21,122.79,23.02
24.42,4.69,4.44,46.69,53.76
28.04,1.64,4.81,66.29,48.99
12.9,9.13,4.35,105.11,71.76
7.24,8.66,3.49,17.04,39.37
26.67,4.6,3.63,136.46,56.73
2.65,9.03,4.65,142.57,28.64
11.06,8.85,4.89,141.1,63.92
24.35,8.94,4.17,129.31,88.78
22.21,3.26,3.21,85.45,45.07
23.1,5.56,4.99,39.4,44.75
14.94,9.74,3.62,13.66,76.25
21.41,5.69,4.36,13.19,45.28
9.82,8.47,3.92,72.72,41.16
26.1,5.86,4.62,92.22,56.99
23.85,8.98,3.02,11.85,85.47
28.32,5.61,4.45,104.75,63.94
23.2,7.96,4.89,106.85,79.73
22.12,2.03,4.11,99.23,47.15
6.5,6.37,4.02,66.52,33.36
17.51,1.26,3.63,76.35,32.05
3.2,6.45,3.85,136.57,32.28
27.6,6.63,3.71,52.56,61.71
24.14,9.35,3.75,68.95,89.55
16.51,2.47,4.18,115.38,31.82
25.15,9.4,4.14,50.72,83.51
26.2,9.01,3.73,41.83,88.92
11.37,6.07,4.03,126.38,30.29
20.52,1.66,4.68,38.03,35.49
4.82,9.38,3.73,93.82,30.99
2.43,6.0,4.77,138.39,31.0
23.43,3.34,3.1,30.09,47.29
7.32,6.03,4.03,147.09,27.45
12.75,5.17,3.99,135.18,30.73
15.2,1.87,3.59,85.59,30.88
28.39,5.47,4.33,110.98,57.71
23.56,1.44,3.58,103.23,39.62
16.91,1.77,3.84,7.02,35.91
24.45,8.01,4.92,75.16,84.28
8.22,4.97,4.12,144.29,27.28
3.49,9.71,3.36,69.19,30.77
8.39,7.84,3.7,51.28,42.2
18.28,2.62,3.19,100.86,35.95
10.75,6.23,4.2,51.28,38.61
29.66,8.49,3.11,108.83,92.63
17.02,3.2,4.41,42.87,33.51
17.48,5.33,4.56,47.56,35.1
22.52,9.64,3.49,67.7,86.73
15.94,4.56,4.3,135.58,36.22
6.04,4.52,4.78,35.28,21.51
6.84,3.78,3.6,116.6,24.64
14.16,8.06,4.63,105.23,64.25
8.33,5.66,4.19,72.47,26.35
7.01,4.34,4.54,96.71,19.13
11.67,9.31,3.23,17.3,72.83
24.26,9.43,3.33,96.9,84.88
26.08,7.34,3.1,11.26,60.99
8.64,2.65,4.7,55.9,22.68
6.73,6.43,4.51,120.79,29.51
2.04,3.28,4.94,121.73,20.02
1.27,7.65,3.51,98.96,20.08
11.64,6.41,4.09,125.79,34.13
6.62,7.81,4.21,100.58,27.6
15.61,6.32,4.13,104.47,46.87
4.81,7.31,4.73,86.05,23.13
19.18,9.72,4.48,107.93,77.68
17.16,5.43,3.07,25.47,46.92
27.5,9.35,3.96,109.27,88.77
24.51,4.25,4.32,28.99,49.62
4.53,2.86,3.64,44.73,17.14
16.86,9.97,4.45,33.16,68.75
11.64,7.01,4.64,101.1,38.44
2.19,1.67,3.17,74.02,13.67
16.95,8.93,3.79,23.19,69.49
29.29,7.48,4.38,128.93,64.57
5.21,1.14,4.08,88.92,12.76
1.14,5.49,4.57,73.7,20.01
6.75,10.0,3.54,20.55,37.09
13.46,4.67,3.03,30.06,32.96
8.66,9.52,4.54,28.03,28.07
21.11,4.95,3.8,32.87,47.04
8.75,8.22,4.89,107.05,37.47
26.02,8.78,3.03,50.06,88.87
4.72,6.28,3.85,56.75,27.53
5.51,5.62,3.95,96.08,25.71
29.11,8.01,3.81,106.19,88.88
3.13,3.96,3.43,41.33,16.48
22.89,5.32,3.68,45.08,50.6
3.43,5.09,3.2,57.03,25.16
5.6,8.68,3.72,5.26,31.63
19.12,9.29,3.68,24.37,77.84
24.92,2.59,4.39,76.33,51.04
18.89,8.69,3.24,59.69,77.2
29.89,4.14,4.83,19.65,57.91
29.6,4.94,3.41,121.94,65.91
5.34,1.5,3.75,13.32,13.65
14.52,7.59,4.79,79.58,64.22
14.61,6.03,4.95,97.81,41.1
6.41,4.21,4.94,42.12,19.99
20.1,4.89,4.48,130.21,41.94
26.23,9.18,4.54,141.76,88.37
22.44,2.77,3.77,17.36,48.57
23.88,5.05,4.51,10.68,46.05
8.57,5.74,3.22,12.18,26.87
17.41,8.7,4.24,109.5,75.13
6.14,9.39,3.42,23.48,34.06
23.13,3.33,3.82,33.33,45.09
27.98,1.72,3.23,45.78,51.62
15.44,2.59,3.05,112.57,33.06
16.02,1.52,3.31,131.53,40.48
22.42,4.32,3.88,41.82,48.07
26.92,3.17,4.53,19.63,46.71
3.67,1.0,3.47,83.33,19.62
22.85,8.71,3.23,53.52,86.45
26.97,8.89,3.14,81.98,90.26
7.05,2.34,3.91,120.29,23.76
9.56,3.31,3.8,114.31,30.41
14.65,9.83,4.01,79.97,70.87
18.26,8.0,4.11,137.98,74.9
14.28,5.77,3.57,24.35,40.76
17.62,4.01,3.51,99.13,38.63
12.26,5.98,4.95,86.66,32.06
13.23,7.8,3.07,56.03,63.92
10.01,2.03,4.28,70.93,24.25
19.96,2.06,3.39,120.25,38.75
28.2,1.64,4.45,35.48,49.47
29.59,3.27,3.83,91.38,56.83
12.09,9.15,4.57,33.88,67.7
2.3,1.54,4.94,70.63,3.7
19.4,6.14,3.75,30.36,50.31
28.65,8.0,3.82,29.32,93.84
28.63,4.43,4.77,48.89,57.69
20.91,9.39,4.51,131.61,74.87
11.86,4.75,4.93,126.33,33.5
3.41,8.46,3.86,132.58,29.16
14.4,2.29,4.73,100.11,23.95
20.0,7.4,4.95,105.12,46.41
21.96,3.14,4.16,124.51,45.99
20.19,4.89,3.23,27.87,37.62
23.81,6.08,3.53,18.17,55.4
4.27,5.75,3.99,75.67,22.37
16.01,9.65,3.9,17.21,77.61
14.1,8.12,4.0,100.09,69.4
15.53,1.85,4.35,15.43,28.23
14.51,7.39,3.55,63.69,44.19
18.54,2.61,3.98,147.06,36.55
4.09,4.29,3.02,30.57,17.49
1.31,1.2,4.46,111.67,14.01
13.66,2.08,4.17,75.21,31.38
18.07,7.47,3.4,118.84,48.69
13.3,4.14,4.65,90.18,31.68
15.93,9.69,4.09,98.88,78.06
12.63,5.88,4.24,98.06,33.55
24.57,8.44,3.53,16.92,84.64
24.49,9.93,4.26,57.36,87.42
5.38,9.81,3.25,148.73,43.24
19.09,5.4,3.74,149.81,45.5
16.17,6.2,3.5,137.77,50.41
2.62,2.23,4.92,81.62,17.38
3.55,6.84,4.76,142.78,22.29
24.61,4.21,4.37,92.76,49.48
21.76,8.02,3.36,74.89,80.16
5.58,6.13,3.31,108.4,26.79
18.02,5.98,3.62,88.37,44.42
26.91,8.02,3.42,127.8,90.2
16.17,8.53,3.44,83.97,66.95
18.44,6.67,4.05,5.15,40.21
20.63,1.88,4.21,8.54,41.4
16.35,5.45,4.11,42.64,45.73
26.5,8.97,4.64,51.43,83.32
8.4,7.63,3.75,88.46,32.78
7.54,6.34,3.09,140.1,31.14
3.93,1.56,3.43,76.13,11.95
13.89,9.77,3.54,57.41,74.61
10.47,1.24,3.14,34.01,30.73
15.49,2.25,3.11,34.59,32.32
6.06,1.61,3.12,133.05,21.09
14.94,6.58,3.22,110.87,42.03
15.39,5.34,4.01,107.04,40.49
9.86,9.41,3.87,123.98,34.53
24.32,6.61,4.73,147.44,60.36
15.65,6.07,4.48,25.49,39.98
18.24,1.2,3.71,125.72,37.8
28.61,9.58,3.22,46.71,93.37
26.43,5.08,4.14,122.74,61.71
19.7,3.39,4.92,27.77,36.47
1.15,5.5,3.73,109.23,15.89
19.68,9.51,4.93,21.84,73.47
9.84,7.8,3.91,10.08,36.89
8.16,1.94,3.51,38.71,26.17
18.55,5.98,4.25,80.79,49.71
6.11,4.83,4.68,78.21,27.26
22.34,2.42,3.2,68.99,38.5
23.51,7.01,4.83,63.84,57.42
5.0,2.45,3.79,148.25,23.22
5.41,7.33,3.79,128.97,30.52
27.83,6.47,4.39,125.59,58.04
1.89,3.09,4.64,40.57,9.13
24.15,1.6,3.22,5.51,46.2
22.66,6.51,3.86,133.28,53.78
21.4,6.43,4.47,64.98,45.13
1.98,3.87,3.9,134.39,18.69
28.31,3.32,4.95,51.5,55.75
6.96,7.72,4.29,146.26,28.39
26.31,6.03,3.29,135.15,58.14
15.52,5.06,3.21,84.61,36.7
10.44,5.06,3.86,47.62,32.12
6.07,9.32,4.14,47.71,30.91
1.33,1.13,3.89,21.38,8.48
7.79,8.99,4.69,90.37,33.18
4.37,4.93,4.22,145.23,24.9
1.19,1.29,4.86,93.48,11.46
20.28,7.32,4.85,47.33,52.2
29.34,2.44,4.07,130.32,54.62
15.92,5.31,3.79,65.97,40.06
24.79,4.84,3.36,33.09,51.81
29.14,9.38,4.4,89.94,92.13
3.34,7.18,4.26,93.5,24.82
13.34,9.01,4.06,43.43,63.61
13.23,8.88,4.83,69.91,62.88
8.21,7.1,3.81,114.58,33.64
21.81,9.13,4.0,66.69,74.46
17.06,2.79,4.03,95.13,33.97
5.87,8.06,3.63,48.82,31.99
28.43,6.84,3.89,122.54,63.15
4.46,9.47,3.88,28.21,32.16
2.44,6.95,4.1,31.14,20.38
22.92,7.26,3.89,131.08,56.31
13.39,5.75,3.69,97.28,35.35
19.93,6.91,3.39,14.46,50.47
1.85,6.1,4.71,123.82,21.61
3.32,2.61,4.03,86.85,14.02
9.25,2.15,4.72,104.94,18.81
10.5,5.89,4.9,132.24,29.27
16.31,6.08,3.59,108.18,43.92
10.23,8.4,4.2,69.47,62.89
7.72,8.11,4.89,140.74,32.6
28.58,8.04,3.41,107.36,89.3
4.85,6.87,3.53,86.99,25.76
15.57,4.13,4.13,143.66,35.44
7.49,1.02,3.19,130.36,15.51
24.54,9.01,3.19,39.18,88.62
18.95,7.46,3.23,11.7,50.43
18.99,9.37,4.88,73.06,78.77
13.63,7.39,4.85,41.78,35.7
14.29,1.09,4.93,42.93,32.0
29.77,2.06,3.82,110.06,55.43
13.32,2.62,3.28,40.21,32.67
20.07,4.1,4.34,62.32,40.34
3.56,5.49,3.75,22.45,18.6
16.21,3.11,3.9,45.83,36.47
22.92,9.97,3.26,82.9,86.21
14.6,1.26,3.26,109.34,30.57
22.09,4.9,3.32,75.11,51.41
20.26,4.54,4.76,56.73,39.25
4.19,7.79,4.48,149.93,26.71
14.84,5.05,4.36,44.23,39.63
1.9,1.89,3.9,98.46,13.9
3.64,4.08,4.54,98.39,22.02
20.52,7.13,3.69,74.19,49.77
7.38,8.76,3.25,38.05,36.32
2.47,9.04,3.8,10.59,28.71
14.58,3.38,4.4,59.71,30.97
21.25,9.01,4.37,60.75,79.77
9.13,9.31,4.97,144.72,40.36
6.53,5.14,4.24,51.65,27.49
7.69,4.85,3.16,147.86,31.98
1.67,4.44,3.86,105.58,10.56
2.21,7.0,4.71,59.66,22.15
14.41,9.82,4.75,44.25,72.41
7.25,7.36,4.87,34.83,24.48
13.41,5.61,3.27,39.91,37.62
27.48,3.66,4.37,131.51,56.22
24.32,9.47,4.18,112.12,89.55
24.98,6.53,3.55,97.09,56.63
27.94,8.69,3.34,57.25,90.27
20.34,5.96,3.29,102.36,51.65
13.69,3.43,4.02,137.91,33.23
3.13,8.2,4.61,6.96,27.08
21.93,9.77,4.77,95.76,83.41
4.22,4.26,4.79,23.8,19.23
9.8,8.05,4.8,145.62,35.0
9.14,4.42,3.45,80.67,29.26
28.2,8.2,4.59,134.18,88.96
26.13,2.79,5.0,42.03,51.51
8.38,7.51,3.7,101.07,31.7
11.87,9.28,3.97,128.48,64.34
14.84,3.96,3.49,5.71,32.62
2.38,1.33,3.81,62.8,15.84
1.56,9.46,4.26,74.15,28.0
17.5,6.05,3.17,26.19,46.02
15.51,3.16,4.8,17.08,31.31
19.25,1.38,3.99,141.59,40.86
26.47,4.1,3.03,141.26,57.25
5.01,6.11,3.44,76.13,21.87
26.98,5.64,4.83,14.48,53.55
7.08,3.84,4.68,135.66,24.95
27.76,6.54,4.88,36.78,59.52
5.6,7.95,4.02,15.84,25.62
12.59,4.64,4.43,32.08,27.59
22.36,7.53,3.42,30.39,79.99
6.81,9.45,3.7,27.75,38.14
4.4,1.89,4.22,61.73,14.19
8.79,2.9,4.83,58.04,24.42
10.76,6.73,3.63,42.5,39.01
26.69,7.53,3.18,25.5,83.45
8.27,8.89,3.56,59.32,35.26
20.77,3.85,3.18,42.35,46.95
25.21,8.38,4.39,68.26,85.76
1.39,9.84,3.12,115.97,28.55
8.94,2.27,4.09,76.82,23.65
27.18,9.46,3.94,104.89,91.08
17.87,8.87,4.55,127.64,70.04
5.91,3.74,3.59,54.83,20.15
15.3,6.53,3.86,112.35,47.39
12.61,6.54,4.33,38.82,37.04
25.23,2.11,4.65,28.1,43.66
23.99,4.37,3.49,40.81,48.96
10.4,4.05,4.92,149.0,31.62
29.51,8.02,3.94,149.02,93.71
2.39,9.67,4.48,84.76,27.64
27.38,1.45,4.0,113.67,52.01
3.82,8.48,3.64,64.43,27.81
17.07,6.39,4.13,84.71,46.88
13.15,7.65,4.25,6.37,66.28
24.88,7.42,4.93,95.27,56.09
14.93,8.02,3.97,25.83,72.47
9.16,7.65,4.69,70.76,30.73
21.67,4.67,4.98,81.29,48.73
12.08,9.3,4.58,109.34,71.67
13.33,3.51,3.66,75.04,31.7
24.67,8.61,3.78,57.86,82.01
11.33,6.5,4.76,136.02,31.32
16.37,1.67,3.05,77.2,31.54
24.45,5.93,3.91,92.81,53.07
24.97,2.36,4.83,126.05,44.5
20.83,8.35,3.08,80.95,78.0
21.58,6.95,4.26,10.34,54.58
3.76,7.28,3.97,111.8,24.01
16.81,9.15,3.86,101.5,75.38
18.34,9.38,4.49,21.29,77.73
5.09,7.82,4.61,16.57,26.02
26.76,9.25,4.33,120.33,87.91
20.59,9.66,3.16,87.59,84.73
3.99,8.51,4.67,122.07,32.21
4.53,1.75,4.67,124.87,13.69
4.0,3.14,4.0,47.91,14.7
5.2,8.16,4.67,136.23,35.86
18.1,3.7,3.39,80.94,41.6
3.83,7.38,3.88,49.96,30.91
12.85,4.3,3.99,141.42,33.28
9.37,6.55,3.76,11.35,32.12
19.95,9.97,4.43,108.03,77.52
21.66,8.16,4.94,10.96,73.84
19.51,4.37,3.3,134.57,45.03
18.27,1.53,3.97,59.28,32.62
17.13,7.25,4.23,5.54,47.26
23.26,5.4,3.13,84.26,58.37
15.54,9.52,4.68,45.29,71.17
7.21,8.12,3.22,61.1,33.14
4.17,6.52,3.25,80.37,27.63
18.4,6.19,3.23,83.05,43.9
24.35,7.11,3.42,68.13,54.9
21.81,6.65,4.8,102.94,53.7
21.53,3.0,3.6,16.8,39.95
23.54,8.55,3.8,47.46,87.21
3.34,3.76,4.01,6.95,17.7
25.67,2.66,4.68,142.14,44.73
1.91,4.21,4.89,49.13,19.86
17.23,6.03,3.76,68.96,44.66
13.05,4.51,3.6,50.95,30.23
4.82,1.69,3.36,88.04,15.31
17.62,6.25,3.45,25.08,42.35
4.33,7.7,4.28,125.07,18.54
2.47,9.21,3.8,65.23,32.68
21.62,1.2,4.66,131.22,39.6
26.85,3.66,3.85,18.69,56.07
13.78,2.88,4.81,145.9,30.73
24.39,5.11,4.28,81.04,51.41
28.66,2.18,4.34,42.78,50.68
22.19,4.9,3.71,109.64,49.98
13.23,6.92,4.67,148.7,42.43
28.36,2.67,4.65,92.92,50.79
8.17,7.93,4.99,43.39,30.59
7.92,1.62,4.89,115.76,14.39
20.43,5.25,4.24,147.5,41.73
24.93,6.68,4.37,122.19,60.22
8.57,9.21,3.17,70.28,37.08
10.1,4.2,3.43,103.06,25.0
1.81,1.58,4.75,122.37,12.64
3.75,8.32,4.6,38.19,27.23
10.56,8.91,4.58,92.71,63.72
3.75,4.94,3.19,37.78,19.46
1.65,8.21,4.06,118.0,23.1
23.35,9.11,4.93,87.35,81.56
26.62,2.15,4.75,36.7,56.72
4.96,8.93,4.99,117.11,28.18
10.95,1.09,4.29,97.71,21.63
1.46,4.61,4.48,52.67,18.19
13.2,4.89,3.24,91.42,40.65
4.46,8.05,3.82,140.87,30.97
17.47,9.11,4.57,67.65,72.52
20.64,9.48,3.5,75.15,80.6
21.77,6.9,3.85,132.49,51.54
4.02,9.17,3.17,105.23,29.25
24.18,8.2,3.86,41.92,84.35
25.31,1.72,3.52,49.78,50.3
8.86,8.74,4.34,33.88,34.17
29.23,3.9,4.85,25.81,57.2
10.79,5.54,4.54,143.74,34.98
8.47,1.7,4.02,82.91,21.34
5.59,7.39,4.27,126.93,33.15
28.9,6.19,3.99,81.91,64.43
29.55,6.22,3.9,81.7,59.66
23.72,7.11,4.87,35.01,56.03
9.7,5.23,4.03,103.02,32.08
6.4,2.78,3.87,15.82,21.56
24.67,4.16,3.1,48.21,46.92
24.77,3.43,3.47,101.07,46.95
21.06,2.91,4.69,48.91,39.08
1.41,2.18,3.13,103.1,16.37
3.6,3.49,3.41,121.42,22.51
17.57,3.89,4.75,139.51,35.38
2.15,7.38,4.77,119.76,25.86
24.72,9.2,3.92,19.71,87.01
29.36,3.22,4.33,84.62,55.3
29.35,6.11,3.43,39.68,70.31
25.06,7.54,4.09,38.22,78.51
2.12,3.28,3.95,138.5,14.01
4.29,5.39,4.42,124.69,21.85
29.39,9.06,4.59,16.87,91.75
16.72,7.72,3.42,118.17,67.48
4.25,4.4,4.9,48.36,15.08
1.14,5.04,4.57,73.91,17.21
