machine_temp,vibration,humidity,operator_score,defect_rate
116.0,9.94,82.7,78.2,0.2542
85.8,8.89,82.2,72.2,0.2238
118.3,5.32,70.5,68.0,0.1185
55.7,7.38,47.8,71.6,0.0349
92.5,8.46,88.8,69.6,0.2322
76.4,6.45,40.5,93.7,0.0726
106.1,8.47,77.1,96.3,0.2329
62.2,2.16,39.1,81.1,0.002
111.0,9.68,92.6,85.9,0.269
88.1,7.74,56.8,85.5,0.0864
113.2,6.14,59.2,74.5,0.1241
83.4,8.88,56.1,88.5,0.0827
80.1,5.24,33.9,66.1,0.1083
105.2,6.14,92.1,68.6,0.1311
118.9,6.07,63.0,65.2,0.1732
75.9,7.26,82.4,79.7,0.2098
117.8,2.14,31.4,78.1,0.078
115.0,7.96,84.3,89.4,0.2578
62.4,8.58,66.0,99.6,0.042
92.6,1.37,60.4,82.6,0.0579
99.3,4.39,32.2,74.0,0.0537
116.0,7.0,72.1,81.1,0.1063
96.6,1.42,54.0,62.4,0.0893
59.3,6.32,67.5,73.2,0.0681
84.9,8.73,36.9,94.2,0.0959
84.6,8.32,68.3,66.0,0.128
85.0,3.86,31.0,98.7,0.0092
117.1,2.26,92.0,69.5,0.1379
74.5,1.54,52.1,92.1,0.0303
65.7,3.11,93.6,85.6,0.0719
86.5,4.71,78.7,62.8,0.1186
94.9,2.4,80.0,92.9,0.0646
115.7,3.88,34.8,92.1,0.1156
90.7,5.41,35.7,87.8,0.0834
68.7,6.2,53.2,82.3,0.0774
115.1,3.36,71.1,87.1,0.0784
84.4,3.66,88.3,75.7,0.1009
97.3,9.49,64.3,86.2,0.1006
83.3,6.72,46.0,92.0,0.0755
65.2,3.3,81.4,96.1,0.0433
98.5,8.32,80.4,83.0,0.2242
103.9,9.16,31.3,76.8,0.1225
63.4,5.87,89.9,84.3,0.0786
82.2,6.49,58.7,83.3,0.0724
75.3,9.37,43.3,79.0,0.0843
62.0,9.6,40.8,68.6,0.0925
65.5,3.89,55.6,63.0,0.0876
117.4,2.66,66.2,80.9,0.112
111.9,2.83,68.7,61.5,0.1414
76.8,5.15,52.4,82.5,0.046
101.8,1.24,89.0,91.3,0.089
52.9,7.62,42.0,69.4,0.0614
114.1,6.96,54.5,95.7,0.0919
87.6,7.23,79.5,63.6,0.256
107.4,8.06,30.2,77.3,0.0989
69.3,8.89,93.0,82.5,0.2257
76.3,8.56,72.8,98.2,0.0793
74.4,9.11,92.2,70.7,0.2446
118.1,4.86,57.2,97.8,0.1212
80.1,6.69,33.7,82.7,0.0876
85.0,2.88,93.9,63.8,0.1257
116.9,3.05,73.7,82.0,0.1241
113.2,5.75,62.9,83.3,0.1206
77.7,5.48,56.8,77.9,0.0648
71.5,1.71,73.4,85.8,0.0559
106.5,9.94,81.4,80.4,0.275
57.5,8.87,81.5,84.8,0.1939
77.5,9.13,52.9,81.0,0.1039
111.4,9.45,92.4,63.7,0.2919
114.2,4.82,58.3,80.3,0.1156
66.3,4.41,51.5,76.4,0.0563
55.5,1.37,54.1,97.5,0.0
105.1,6.3,67.6,75.9,0.0957
93.5,8.07,88.1,66.3,0.2599
66.6,6.23,30.8,64.7,0.0691
85.4,1.12,51.2,93.8,0.0526
55.0,4.67,69.5,68.8,0.0508
99.0,3.29,83.7,78.3,0.0952
86.9,3.81,43.3,96.8,0.0609
99.3,6.95,68.2,63.1,0.1365
56.2,4.78,50.7,77.6,0.0701
95.1,6.84,72.2,85.3,0.0715
75.9,1.6,74.6,94.2,0.0545
85.0,1.45,81.5,81.5,0.0408
73.5,7.45,64.2,91.4,0.0557
94.4,9.22,83.4,76.3,0.269
89.8,8.53,38.3,80.3,0.0772
93.2,1.97,93.9,98.0,0.0626
54.4,5.28,59.6,68.9,0.0422
65.8,4.0,48.9,64.2,0.0534
55.0,5.03,52.0,90.5,0.0401
76.8,9.12,51.7,98.4,0.0698
83.7,3.35,32.1,90.4,0.0479
57.9,9.11,61.0,66.2,0.0866
96.7,8.55,56.5,90.7,0.0587
84.1,2.91,33.3,69.0,0.0767
85.0,8.29,85.8,95.8,0.2201
91.8,9.88,78.7,72.9,0.244
115.4,8.58,67.4,75.0,0.1356
91.2,1.78,39.0,91.9,0.062
56.5,2.49,45.2,72.3,0.0333
60.3,5.03,76.8,79.0,0.0762
98.6,3.58,40.8,86.9,0.0808
72.6,9.34,92.2,81.5,0.2461
102.9,1.45,90.2,89.1,0.1134
85.7,8.09,55.6,68.3,0.1273
76.6,8.92,80.6,60.1,0.2516
101.8,7.21,44.3,97.8,0.0795
62.8,1.73,49.2,65.0,0.0607
69.9,9.79,55.1,79.7,0.0722
70.4,2.67,76.0,64.8,0.0804
79.1,2.52,69.4,88.4,0.0464
113.5,2.28,74.2,96.5,0.0831
106.9,9.14,85.1,95.7,0.2317
107.5,3.5,93.3,80.1,0.0933
94.2,6.67,43.6,73.1,0.1035
50.6,1.94,90.8,98.7,0.0037
70.0,6.92,92.3,64.0,0.0937
85.1,2.69,71.4,63.6,0.0926
112.9,2.31,37.6,85.6,0.0719
75.5,4.98,68.0,92.5,0.0477
88.5,4.73,30.7,62.9,0.0717
109.4,8.05,58.7,60.1,0.1169
73.9,4.98,78.2,93.7,0.0455
102.4,1.95,43.5,92.3,0.0709
91.7,7.47,58.2,75.2,0.0852
86.8,7.0,56.2,73.3,0.1041
94.1,6.52,35.2,78.9,0.0778
83.9,9.45,69.9,60.2,0.1444
57.9,3.72,64.3,99.4,0.0487
112.8,9.96,51.6,63.8,0.1388
117.9,8.67,41.8,84.8,0.1014
108.3,8.67,75.4,82.5,0.2421
74.8,9.0,45.4,97.5,0.0646
94.4,7.54,66.0,78.1,0.0776
104.0,4.02,31.0,93.5,0.0882
54.4,6.24,89.3,70.5,0.0951
105.3,7.75,91.9,77.0,0.2429
55.9,1.63,66.0,75.1,0.0438
115.8,1.56,84.1,83.5,0.0962
66.9,5.2,32.9,71.5,0.0622
117.4,4.52,31.9,62.8,0.1151
66.2,9.79,87.4,71.6,0.2378
87.5,8.39,54.0,100.0,0.0809
108.2,3.34,33.4,87.3,0.0719
119.1,8.66,57.9,81.2,0.1014
99.4,1.53,73.3,98.2,0.0723
108.4,2.05,59.3,73.5,0.0697
77.4,5.46,81.2,74.1,0.1049
102.6,8.16,65.6,76.4,0.1274
76.9,3.7,34.3,99.8,0.0336
115.1,3.92,72.3,97.7,0.0988
104.1,4.56,67.3,80.2,0.0881
76.6,3.29,67.4,91.8,0.0495
104.9,1.37,46.9,83.2,0.0691
54.7,7.12,44.2,89.9,0.0598
114.8,6.4,69.6,88.1,0.139
98.5,9.33,84.9,95.1,0.2335
72.9,2.04,81.4,69.6,0.0754
95.3,1.99,50.0,81.8,0.0836
104.9,9.98,30.0,88.1,0.1323
94.0,8.39,58.7,88.6,0.0759
112.1,4.53,68.6,88.7,0.0753
79.1,2.42,43.8,95.5,0.0385
72.4,2.32,78.6,88.6,0.0572
76.0,8.73,88.4,74.3,0.2208
69.7,1.99,51.6,90.6,0.0305
83.5,7.16,69.4,99.2,0.0815
103.0,8.02,58.1,91.9,0.0766
111.2,2.82,30.5,98.1,0.0519
94.3,2.48,78.9,96.2,0.0861
105.0,6.94,72.9,94.2,0.1008
117.9,2.71,36.3,99.5,0.084
96.2,5.24,81.3,71.3,0.1305
55.9,4.46,89.4,99.3,0.053
93.8,5.38,77.8,94.0,0.0902
51.4,9.42,51.1,87.7,0.0538
97.4,1.08,45.9,91.8,0.0312
119.9,5.36,50.4,78.6,0.1324
84.2,4.18,53.9,86.5,0.047
115.3,7.5,94.2,69.0,0.2667
51.4,7.39,39.0,95.0,0.0594
117.6,8.39,34.6,98.1,0.1118
61.8,6.65,57.6,91.6,0.0514
108.8,4.59,66.4,65.0,0.1151
70.9,9.59,41.3,84.9,0.0712
77.5,8.39,77.9,97.4,0.2201
59.3,4.99,91.4,98.8,0.0556
52.6,5.43,71.2,87.9,0.0576
102.7,4.3,77.3,74.7,0.0988
102.2,7.91,70.1,86.0,0.0957
58.6,9.61,35.2,60.0,0.1114
93.6,3.61,72.5,67.1,0.1101
68.0,4.53,88.8,89.5,0.047
112.8,4.51,33.0,63.7,0.1031
59.4,6.15,66.3,80.5,0.0678
91.1,3.19,38.4,87.5,0.0552
112.3,2.61,42.8,70.4,0.1075
87.7,9.08,56.6,94.6,0.0836
97.0,1.37,91.1,83.7,0.0566
106.7,1.34,67.3,70.5,0.0999
99.5,9.36,65.8,72.8,0.1341
107.7,3.54,57.6,91.0,0.1238
65.7,3.32,87.7,72.4,0.046
113.7,1.74,68.6,75.6,0.1214
85.3,2.79,65.0,75.9,0.0952
114.1,4.9,46.1,84.8,0.1054
98.9,9.9,75.4,90.7,0.2314
101.4,2.15,40.7,91.1,0.043
116.6,9.6,87.4,81.0,0.2555
57.4,4.96,87.9,75.1,0.0298
110.9,2.7,82.9,69.2,0.116
70.5,2.25,46.0,77.2,0.0201
107.5,8.04,78.3,78.8,0.2669
65.7,9.78,51.7,89.2,0.0869
82.8,2.76,74.6,63.8,0.0888
59.7,4.74,48.6,79.5,0.0477
106.4,7.94,39.3,83.4,0.1388
70.5,1.79,52.0,65.5,0.0768
83.1,5.97,44.2,98.7,0.0393
105.7,7.52,78.2,61.0,0.2226
76.0,8.79,81.6,60.6,0.2417
112.0,7.27,83.4,80.2,0.2635
85.7,3.68,30.4,76.0,0.0613
116.0,1.58,42.7,69.3,0.0618
104.0,3.39,74.2,61.6,0.0801
119.6,1.29,54.5,65.6,0.1358
99.9,5.81,87.6,67.9,0.1276
71.9,8.2,76.2,78.1,0.2216
87.1,7.07,63.9,74.7,0.101
115.8,6.47,33.0,70.3,0.1221
114.7,5.34,64.1,89.7,0.1401
67.5,9.59,59.9,63.0,0.1103
67.9,1.85,92.9,98.1,0.0487
67.7,8.49,92.9,85.6,0.1861
93.8,1.68,83.2,78.3,0.0964
63.6,4.69,35.0,84.7,0.037
99.4,9.16,83.6,79.7,0.2455
72.4,1.94,73.2,65.8,0.0526
108.6,2.68,55.4,79.1,0.0897
67.2,6.37,71.4,83.0,0.0695
114.9,7.76,58.9,83.8,0.1184
73.2,8.83,32.9,66.5,0.1015
52.4,5.23,54.2,77.8,0.069
61.3,9.81,94.4,96.8,0.2027
107.1,6.82,70.7,62.3,0.1309
61.9,2.29,79.3,82.8,0.0668
67.6,7.86,79.6,83.9,0.191
119.7,9.59,61.0,76.3,0.1404
79.2,1.95,35.1,65.5,0.0642
95.0,7.73,44.5,62.7,0.1168
88.1,8.91,77.1,94.6,0.206
82.8,5.94,44.4,65.2,0.0856
112.8,2.74,44.5,67.4,0.099
52.6,9.79,89.4,64.0,0.2179
76.7,4.64,80.3,94.1,0.0449
81.6,4.23,84.2,74.6,0.0902
97.9,3.45,90.0,87.9,0.0615
101.0,6.37,80.3,94.0,0.0929
50.2,4.18,38.4,84.2,0.049
56.9,5.78,48.0,61.7,0.076
66.7,1.87,86.4,84.1,0.0569
73.4,2.28,71.9,87.2,0.0352
103.7,8.16,88.3,78.5,0.2896
102.0,7.46,75.1,61.7,0.2648
114.9,9.01,52.9,62.0,0.1266
78.1,8.33,53.8,86.9,0.0516
79.3,7.73,53.9,79.3,0.0967
59.9,1.94,63.8,64.6,0.0358
112.6,5.23,72.6,76.4,0.1151
112.9,9.04,72.4,74.5,0.1398
116.9,4.89,79.4,68.6,0.1441
101.4,6.49,47.0,93.5,0.0884
111.7,9.98,86.6,77.9,0.2833
89.7,5.44,35.3,69.6,0.0718
108.8,6.48,63.6,80.4,0.1242
72.8,7.61,81.2,70.2,0.2339
103.0,1.53,39.2,71.0,0.081
103.1,9.21,61.9,70.1,0.129
93.3,8.14,68.7,74.7,0.1526
108.8,9.89,40.6,79.4,0.1199
97.3,8.81,34.1,86.9,0.1084
67.4,9.56,69.2,61.6,0.1132
53.6,9.37,37.7,94.9,0.0289
72.8,2.52,70.4,71.9,0.0443
63.7,2.62,88.4,76.4,0.0569
113.4,3.85,75.5,80.4,0.108
87.3,4.61,44.5,61.1,0.1158
101.1,1.54,83.1,87.7,0.0705
114.8,9.38,81.0,97.2,0.2477
105.3,6.24,74.1,76.1,0.0934
110.6,7.92,84.1,84.8,0.2646
89.2,5.48,92.3,94.1,0.1223
103.1,2.45,74.7,72.2,0.0816
116.9,4.69,66.2,65.5,0.0886
80.8,1.32,88.8,84.1,0.0706
99.1,3.9,33.6,63.7,0.0884
116.7,7.83,42.9,68.5,0.1318
66.9,1.92,88.4,65.1,0.0743
55.0,7.64,66.8,78.9,0.0642
83.7,1.77,74.1,80.5,0.077
112.3,6.65,85.6,70.1,0.1361
86.6,2.46,45.6,69.0,0.0954
64.4,6.77,51.3,97.3,0.0261
119.0,9.73,44.1,60.7,0.1696
83.0,3.3,59.2,74.8,0.078
80.6,5.85,82.8,85.0,0.0807
55.1,7.44,30.7,76.5,0.0209
80.1,3.16,62.7,84.3,0.0815
118.5,4.64,71.3,84.8,0.0967
80.4,4.67,30.3,93.5,0.0423
104.4,8.32,70.3,73.3,0.1291
115.0,5.42,57.3,64.7,0.1263
50.2,2.48,45.8,83.7,0.0208
98.4,1.59,78.4,64.4,0.1054
60.0,5.68,80.7,92.1,0.0539
85.6,1.65,48.6,90.0,0.0479
109.7,3.85,32.6,85.5,0.0769
75.1,2.94,72.3,92.3,0.0391
100.4,4.88,88.5,65.0,0.1065
70.0,1.24,47.0,60.0,0.0474
91.8,8.75,49.5,91.8,0.0655
101.3,1.33,69.8,99.1,0.0603
87.8,8.61,51.8,74.7,0.1055
72.7,7.11,76.2,67.5,0.2273
101.8,7.6,77.0,96.2,0.2468
59.7,2.18,43.9,97.7,0.007
73.1,2.02,38.4,99.1,0.0329
105.1,8.66,77.2,62.3,0.2557
85.1,1.21,68.1,84.2,0.0507
56.6,2.61,33.4,84.0,0.0054
97.5,9.83,41.5,81.8,0.1073
114.1,4.14,60.2,97.1,0.0951
62.0,5.2,72.5,86.0,0.0479
114.3,5.61,66.5,73.1,0.1093
50.3,8.86,48.3,73.2,0.0713
116.8,2.31,84.7,81.0,0.0949
92.6,4.63,40.4,81.2,0.0888
68.1,6.78,31.7,98.1,0.0305
61.5,9.7,58.2,80.3,0.0981
80.6,3.01,37.4,95.4,0.0595
80.2,4.38,52.6,97.5,0.0385
85.4,9.55,40.4,64.1,0.138
86.2,2.47,70.7,83.2,0.0712
56.1,4.68,61.6,87.5,0.0432
67.4,3.65,65.5,76.3,0.0744
60.2,5.93,64.1,89.6,0.0542
107.4,5.79,51.6,79.1,0.1236
60.6,3.6,70.5,96.8,0.0462
96.7,7.2,49.9,62.5,0.1267
56.2,9.84,75.2,84.7,0.1987
95.7,5.23,94.0,89.4,0.087
80.4,9.86,42.8,78.5,0.096
85.2,8.37,84.8,75.8,0.2189
102.4,7.63,66.2,63.9,0.1201
71.7,6.8,49.2,96.1,0.0674
98.7,4.79,37.2,85.8,0.0995
114.0,5.75,33.8,71.0,0.1227
101.6,8.24,93.0,61.3,0.2801
92.0,1.72,52.7,66.5,0.0779
98.3,9.68,73.4,71.4,0.1485
112.5,5.67,66.2,68.4,0.1516
51.8,1.08,93.9,89.0,0.0457
119.6,5.12,54.4,94.2,0.0938
82.7,5.26,51.6,88.3,0.0721
112.6,3.02,69.9,76.3,0.1342
54.0,2.23,90.4,65.1,0.0635
69.9,1.32,79.5,90.7,0.0148
89.0,6.6,40.7,94.1,0.0625
89.8,8.2,64.7,73.5,0.1082
115.8,4.53,60.7,71.7,0.126
72.1,6.08,52.6,94.5,0.0745
66.7,7.43,38.8,97.2,0.0551
94.4,1.54,62.6,76.8,0.0778
61.4,7.77,51.1,75.0,0.0494
113.9,6.98,56.8,65.6,0.1666
66.3,7.74,80.6,91.4,0.1392
50.2,4.62,48.8,82.4,0.0185
93.9,4.54,61.4,97.7,0.08
65.9,8.79,80.6,71.5,0.2156
114.0,8.2,52.0,86.5,0.1057
57.3,1.56,55.8,94.4,0.0149
85.1,6.87,88.3,98.6,0.0998
92.0,8.92,55.4,86.8,0.0966
84.8,9.48,66.5,96.0,0.1098
54.2,1.38,79.3,84.9,0.0427
86.4,3.94,91.7,80.8,0.0819
59.1,7.28,33.2,62.8,0.0817
53.1,3.08,50.8,62.6,0.0535
113.5,1.31,86.8,75.8,0.1095
68.2,8.88,64.3,90.2,0.061
54.9,1.98,37.5,94.4,0.004
50.9,5.29,39.2,77.3,0.0152
110.5,7.74,39.8,93.0,0.0696
110.0,3.45,54.8,86.9,0.1043
102.1,5.96,50.4,67.4,0.1088
105.5,1.06,57.5,98.3,0.0476
69.5,2.48,56.7,97.3,0.0226
90.8,1.29,61.2,91.5,0.0741
101.5,1.75,42.0,89.9,0.0567
67.5,5.24,73.8,98.0,0.061
101.2,6.65,71.9,81.5,0.1211
105.8,5.71,50.6,62.5,0.1454
86.5,8.87,47.3,71.0,0.0873
95.1,5.21,59.7,82.2,0.0934
51.8,7.49,83.5,95.3,0.1861
76.4,5.35,32.1,77.8,0.0777
72.5,1.55,47.6,91.7,0.036
75.1,1.83,63.0,93.9,0.0349
114.7,7.57,85.3,71.3,0.273
115.9,9.23,88.2,97.6,0.2401
54.2,7.34,37.5,75.9,0.0482
90.9,9.31,42.9,70.8,0.0993
63.9,5.53,66.8,96.5,0.0609
95.6,7.87,88.8,97.3,0.2183
118.2,4.54,65.4,64.7,0.1307
60.0,5.65,57.7,69.0,0.0631
77.0,9.33,53.5,93.4,0.1095
73.9,7.22,84.1,99.1,0.2167
99.7,1.02,46.0,82.0,0.0554
107.0,2.32,53.1,82.3,0.0779
53.2,7.35,83.9,72.1,0.1853
64.5,7.05,76.2,78.5,0.211
76.0,8.23,41.4,72.6,0.0858
117.2,8.73,51.9,69.4,0.127
103.3,5.87,73.7,72.2,0.139
93.9,3.43,34.1,85.7,0.0583
117.7,1.12,57.4,73.0,0.1023
77.7,1.48,71.2,71.8,0.0653
106.1,4.77,68.4,93.0,0.0838
67.4,3.51,85.7,90.0,0.0592
68.2,8.37,83.2,67.4,0.2012
114.1,1.21,43.1,77.8,0.084
107.3,9.24,77.7,67.9,0.2798
93.7,1.5,77.4,68.2,0.1035
61.2,4.47,46.4,64.9,0.0701
72.0,4.85,42.4,78.0,0.0558
114.8,3.08,53.8,83.9,0.102
81.9,8.61,63.8,92.7,0.1013
53.1,2.4,42.6,60.3,0.0478
66.3,4.11,49.3,75.9,0.0564
91.3,5.44,61.1,71.7,0.0767
110.3,6.6,31.8,67.9,0.1494
81.9,3.61,39.9,65.6,0.0611
67.3,1.23,72.2,63.1,0.089
105.6,8.8,76.5,99.8,0.2235
71.7,5.97,40.0,76.7,0.0503
68.7,8.72,80.1,83.0,0.1979
90.5,7.48,90.0,73.4,0.2471
86.1,3.96,89.4,62.9,0.1094
110.4,2.63,57.1,76.4,0.0803
81.7,6.14,39.7,62.5,0.098
95.2,8.21,57.3,77.0,0.1151
82.0,4.23,41.4,68.5,0.0804
97.3,9.68,65.4,60.5,0.155
113.1,3.48,64.9,93.4,0.0907
56.8,8.92,51.7,75.2,0.0507
112.6,5.22,88.6,78.0,0.1232
113.2,1.21,68.1,94.4,0.0821
75.3,8.58,82.4,65.8,0.2575
50.2,9.82,30.9,85.2,0.024
82.1,6.45,33.2,94.4,0.0906
97.3,4.83,79.8,79.2,0.1136
64.0,2.03,39.1,78.3,0.0594
62.8,5.35,78.8,98.6,0.0715
75.5,7.05,56.9,88.0,0.0681
112.9,7.5,88.5,88.4,0.2486
92.0,7.01,68.4,63.2,0.1415
98.9,7.87,80.0,76.5,0.2337
91.1,3.19,87.6,77.2,0.1187
97.3,9.71,91.8,81.1,0.2835
80.6,4.15,41.8,63.0,0.0751
84.9,5.24,37.4,62.3,0.0886
57.5,1.9,59.4,63.5,0.0353
119.8,9.63,48.2,63.9,0.165
61.8,5.21,36.4,60.1,0.0842
107.2,4.85,69.2,70.5,0.1223
94.4,2.31,46.3,62.1,0.088
102.6,9.11,62.6,97.8,0.1052
87.1,7.54,41.7,88.9,0.0905
88.6,3.67,49.5,81.7,0.074
74.0,5.33,85.5,91.8,0.0832
55.5,6.11,81.8,84.7,0.0506
94.0,9.95,56.6,98.7,0.1088
93.0,5.25,42.8,98.1,0.0469
73.2,3.54,36.0,99.7,0.0707
114.4,8.52,89.4,93.7,0.2377
114.9,3.97,45.5,76.5,0.0864
75.7,6.05,67.6,94.3,0.0458
82.4,8.24,54.3,61.0,0.129
65.0,6.08,49.5,71.2,0.0824
100.5,1.85,41.7,91.6,0.0506
63.6,8.35,93.2,81.6,0.2192
72.2,2.03,73.3,65.6,0.0908
117.0,6.69,62.2,63.8,0.1616
60.7,2.6,63.4,86.5,0.0295
112.7,9.08,42.9,71.6,0.1353
89.2,5.14,31.3,98.2,0.0775
63.9,4.52,64.0,75.1,0.0435
106.7,2.55,44.9,72.5,0.0905
90.9,2.5,48.9,75.4,0.0599
104.4,5.88,61.9,80.5,0.0865
76.4,9.48,46.3,96.1,0.0802
71.9,4.25,69.2,98.8,0.0531
57.7,7.81,54.0,70.7,0.0719
58.9,6.64,89.2,61.2,0.0919
86.2,4.1,82.7,67.7,0.0838
77.7,6.65,93.5,78.8,0.1017
54.1,8.85,52.0,73.2,0.0439
63.2,7.1,45.4,77.1,0.0771
84.0,1.94,67.2,86.0,0.0464
53.4,9.19,81.0,84.8,0.2049
50.7,6.54,53.5,93.9,0.0013
96.6,1.46,34.8,63.3,0.0804
56.3,6.45,30.1,70.0,0.0484
79.1,8.73,34.2,95.6,0.0512
115.4,7.77,73.8,87.8,0.1267
56.3,9.66,43.6,78.0,0.0509
77.5,1.42,85.8,85.1,0.0784
63.8,3.36,78.4,60.9,0.0829
105.4,6.15,89.4,88.0,0.1073
86.2,6.1,40.0,70.3,0.0938
55.9,8.12,88.2,91.6,0.1549
103.1,9.03,66.7,64.9,0.1444
114.5,9.22,89.8,74.2,0.268
105.2,2.15,53.1,64.7,0.0984
65.5,4.76,50.5,91.3,0.069
119.2,2.57,73.7,80.8,0.1419
97.4,3.82,66.3,64.5,0.0941
76.5,9.52,74.4,91.9,0.0918
56.2,1.56,70.9,88.5,0.0131
87.1,7.93,46.3,97.1,0.0859
55.5,6.23,78.2,60.2,0.0901
59.1,3.14,91.4,72.2,0.0563
95.7,2.96,67.2,94.3,0.0736
102.5,7.0,82.7,77.8,0.2615
93.2,3.16,52.2,97.5,0.0755
81.5,8.42,62.5,73.3,0.0831
108.6,2.05,50.5,89.1,0.081
110.0,1.48,74.3,73.8,0.0862
52.6,4.36,36.3,69.6,0.0414
101.6,2.4,93.7,99.0,0.0838
106.6,9.0,49.5,65.5,0.1572
92.4,3.42,49.7,77.8,0.0806
80.0,6.17,92.3,74.8,0.0985
104.2,6.08,44.6,74.0,0.0934
52.0,2.01,94.8,98.2,0.0279
113.1,2.64,34.2,87.1,0.0554
87.6,6.7,89.7,66.3,0.1014
91.0,7.55,38.4,85.5,0.1106
96.5,9.49,51.7,74.9,0.0999
82.8,3.97,46.2,91.2,0.0264
70.8,4.35,32.5,77.0,0.0638
67.4,8.62,75.0,79.8,0.0712
61.6,8.99,47.9,89.9,0.0659
51.0,9.1,83.5,85.5,0.1861
109.9,1.99,93.5,75.2,0.1218
118.1,6.31,93.1,81.6,0.1189
98.2,7.13,93.7,90.9,0.2444
71.4,4.11,51.6,96.5,0.0322
78.1,4.34,41.6,93.1,0.0443
106.8,2.06,89.5,83.3,0.1159
83.4,7.25,49.3,71.6,0.0786
77.4,6.43,31.8,73.1,0.0632
104.6,7.77,88.8,83.7,0.2265
69.1,5.63,64.8,64.9,0.0902
57.6,3.94,66.7,75.3,0.0788
77.7,8.88,57.9,60.5,0.0798
111.8,5.96,51.8,72.5,0.1063
119.7,5.25,69.6,98.8,0.0957
65.5,7.42,48.5,83.8,0.0433
104.6,1.14,41.5,70.8,0.0688
57.3,5.95,80.2,84.3,0.0937
96.2,7.72,53.0,88.5,0.094
58.5,9.75,77.8,88.5,0.2268
65.2,7.97,64.9,64.2,0.1035
104.7,3.35,68.3,93.5,0.0681
57.8,9.52,76.5,87.2,0.1931
86.1,5.86,76.5,82.8,0.0837
73.9,8.98,78.3,66.5,0.2239
119.4,9.74,48.9,67.8,0.1333
103.5,3.59,60.7,68.2,0.1027
69.9,5.09,43.6,71.7,0.0615
118.8,4.32,31.0,64.4,0.0825
94.5,7.57,72.3,90.7,0.1049
61.0,8.47,80.7,73.9,0.207
70.0,5.27,41.4,64.5,0.072
106.8,4.56,33.0,80.1,0.0878
117.1,1.15,51.0,65.0,0.1249
52.6,8.76,37.1,99.0,0.0435
90.0,5.79,48.0,85.7,0.0823
63.9,6.1,39.5,70.7,0.0852
99.5,5.27,63.7,61.8,0.1359
50.3,2.05,80.3,76.2,0.0513
101.8,6.89,59.1,89.8,0.1034
87.6,1.02,50.2,92.0,0.0523
94.5,9.36,64.8,91.8,0.0818
83.8,1.42,52.9,67.6,0.0751
97.2,1.05,80.9,66.0,0.0743
108.4,4.4,91.7,75.3,0.105
55.2,6.81,76.2,83.1,0.0494
73.8,4.03,64.7,84.3,0.0521
63.9,8.04,58.5,88.7,0.0741
82.1,4.45,76.5,85.6,0.077
92.3,8.5,86.5,90.7,0.2128
78.4,4.65,49.5,86.6,0.0842
105.0,5.01,58.9,78.8,0.0851
50.8,4.94,90.7,94.1,0.0303
61.4,2.57,80.1,61.9,0.0889
59.6,4.12,71.0,65.8,0.0861
56.3,6.09,85.2,99.1,0.023
92.3,7.35,46.2,71.8,0.0949
98.0,4.48,81.5,96.2,0.0929
75.2,3.76,65.0,64.1,0.083
99.4,8.2,73.3,80.9,0.0963
75.3,5.45,36.7,92.7,0.0378
91.1,7.4,80.2,89.6,0.2385
52.8,3.18,94.1,76.2,0.0713
74.1,8.76,87.1,61.4,0.2297
54.0,9.38,71.9,74.8,0.1033
102.8,1.42,46.0,63.5,0.0746
96.5,9.26,91.9,68.1,0.2729
109.9,6.34,36.9,72.1,0.1127
111.5,1.17,81.2,98.5,0.0717
88.4,1.43,59.9,81.9,0.0574
60.0,7.24,52.6,74.6,0.09
71.1,3.19,84.8,83.7,0.0561
94.7,4.65,45.2,87.9,0.0627
98.1,5.85,86.5,63.1,0.1217
99.3,5.22,50.5,79.0,0.092
57.1,2.36,52.2,79.2,0.0339
58.7,4.54,52.6,99.4,0.0217
100.7,9.98,55.7,80.5,0.1121
55.8,9.96,60.6,62.7,0.1267
85.7,4.61,84.0,68.7,0.1047
80.7,9.62,79.2,83.4,0.2445
107.4,6.14,88.9,80.4,0.116
56.2,6.95,81.3,75.8,0.0695
101.8,7.42,56.8,99.9,0.0876
73.4,9.59,80.1,86.5,0.2187
97.6,3.82,85.5,89.5,0.1001
61.4,8.91,63.9,88.5,0.0823
93.4,8.31,32.8,89.7,0.0921
102.6,8.92,92.2,77.3,0.2705
98.4,7.2,48.2,65.3,0.1318
103.8,8.58,57.5,98.1,0.098
92.9,8.19,55.6,67.7,0.1214
86.2,8.56,48.0,91.5,0.0921
96.9,7.38,85.6,90.7,0.2248
58.4,7.62,64.9,96.7,0.0577
96.7,2.65,80.1,78.5,0.0778
60.4,5.68,71.4,67.4,0.0765
82.8,3.31,61.7,89.4,0.0804
82.5,9.8,32.6,61.9,0.1132
58.1,1.31,51.5,61.1,0.042
65.2,2.37,92.4,94.0,0.0524
100.7,1.54,76.5,76.1,0.0875
94.7,4.06,37.8,96.9,0.0549
83.8,5.2,37.2,60.2,0.0846
97.8,3.96,83.9,80.1,0.0751
77.3,7.29,56.3,93.3,0.0975
83.3,9.76,92.6,71.7,0.2511
79.5,4.34,73.6,74.9,0.0816
102.9,1.35,54.5,75.6,0.0883
54.6,3.57,45.6,62.7,0.0443
106.9,9.53,52.1,93.1,0.1095
50.7,1.29,57.3,84.6,0.0429
72.7,3.74,57.2,85.7,0.0579
118.1,4.11,35.0,65.1,0.1109
65.8,7.31,66.8,95.2,0.0412
75.2,6.83,92.7,82.6,0.088
61.7,3.61,64.8,90.6,0.0614
108.9,7.44,47.7,86.9,0.1067
62.4,1.54,79.0,80.9,0.0531
77.5,7.83,50.9,81.9,0.0899
74.1,5.01,73.4,63.8,0.0727
64.9,7.13,45.7,82.1,0.061
88.8,4.11,56.5,83.4,0.0738
75.2,7.3,83.1,67.3,0.2285
115.9,1.29,35.3,73.5,0.0729
82.1,9.4,90.5,79.0,0.2391
100.2,5.33,88.7,66.9,0.1269
51.9,4.48,35.1,73.2,0.0576
108.7,5.49,92.7,76.0,0.1348
91.5,7.8,73.5,90.9,0.1133
71.0,6.86,89.7,84.6,0.1093
88.7,7.02,89.6,70.7,0.2422
50.8,6.01,34.5,80.3,0.0274
60.8,8.22,67.6,61.2,0.1131
99.7,2.49,72.5,89.8,0.0803
82.7,8.17,45.6,90.8,0.0785
112.8,3.59,45.8,99.5,0.1031
99.7,1.16,36.7,84.3,0.0676
115.7,3.42,39.2,95.9,0.0917
109.6,7.15,68.0,73.8,0.1024
58.4,5.39,65.9,99.8,0.0502
109.2,5.85,92.4,95.5,0.0963
98.7,9.21,90.0,95.9,0.2163
62.9,4.12,42.2,69.5,0.0686
60.0,5.05,39.0,94.7,0.0279
71.4,9.29,30.9,71.3,0.0971
106.6,6.44,82.8,86.9,0.1225
77.2,2.17,33.1,96.2,0.0373
87.9,1.28,71.8,94.5,0.0607
85.1,5.13,41.7,68.1,0.1064
94.2,9.71,91.5,85.9,0.2783
80.4,7.28,45.9,72.5,0.0835
54.8,6.12,87.7,69.2,0.0937
117.2,2.08,69.1,83.2,0.102
90.1,1.78,90.3,70.4,0.1057
52.6,4.9,42.7,82.8,0.0413
63.7,3.88,49.7,83.4,0.0472
115.9,9.36,43.0,87.0,0.1109
117.1,8.57,66.7,85.6,0.1169
85.8,9.72,55.6,61.7,0.1264
75.4,3.83,86.8,95.0,0.0466
80.7,9.62,87.2,96.3,0.2142
73.5,8.19,36.4,66.0,0.0825
85.0,2.95,59.6,68.7,0.092
93.5,7.91,85.5,86.3,0.2078
59.9,1.44,87.4,89.8,0.0472
117.9,1.05,75.0,79.8,0.093
65.0,7.94,91.8,94.9,0.2105
56.2,3.89,65.4,82.6,0.0358
93.7,4.71,77.2,71.1,0.1113
75.2,2.13,43.2,66.9,0.0425
102.8,2.2,42.2,97.2,0.0805
62.9,9.9,67.7,89.5,0.0465
88.7,1.38,79.8,98.0,0.0353
59.3,4.81,74.0,95.0,0.039
108.3,8.34,82.3,95.0,0.2137
66.8,7.1,69.7,91.0,0.1021
117.3,5.07,41.9,66.6,0.1406
66.0,9.69,40.0,74.2,0.0573
91.3,9.27,47.0,73.1,0.1045
80.3,1.43,52.1,71.0,0.0662
117.5,5.27,39.8,90.8,0.0997
75.5,7.52,34.8,97.3,0.043
91.4,3.42,78.8,82.3,0.0952
112.7,6.95,91.9,82.4,0.1265
57.0,2.5,84.5,82.1,0.0613
85.3,2.31,66.0,77.9,0.0545
111.4,2.07,77.2,85.3,0.095
69.1,9.55,73.7,65.0,0.1284
59.4,2.69,40.3,80.3,0.0384
91.8,8.93,59.4,73.6,0.1106
107.8,7.67,69.7,75.9,0.0946
112.6,2.1,81.0,69.5,0.1215
84.9,6.47,66.2,81.2,0.0835
64.4,5.5,37.5,87.9,0.0463
50.9,6.58,80.6,85.5,0.0497
77.9,4.68,88.3,86.1,0.0716
60.0,8.73,92.1,78.9,0.2155
92.1,8.95,61.2,68.2,0.1423
99.1,6.02,56.3,61.0,0.1333
98.5,6.34,49.5,60.1,0.1368
65.2,2.08,43.8,69.9,0.0657
119.4,1.23,50.5,84.5,0.0899
105.2,4.35,89.7,87.4,0.106
95.8,7.05,77.1,91.4,0.2232
107.1,4.17,92.2,87.0,0.1346
117.0,7.0,66.5,96.5,0.1134
75.1,2.27,42.7,78.0,0.0476
106.0,5.66,53.1,79.0,0.0829
80.3,6.82,39.0,98.4,0.0403
78.9,9.74,46.5,77.4,0.0771
119.5,3.0,55.2,86.6,0.0892
61.0,1.6,57.8,91.2,0.0195
86.0,1.41,66.6,89.3,0.0716
106.9,1.03,82.2,95.7,0.0735
96.0,7.53,49.5,88.6,0.0902
78.5,3.43,81.7,98.2,0.055
105.4,4.45,33.1,91.1,0.0711
67.6,9.22,38.9,61.5,0.097
87.2,3.25,48.7,96.8,0.0299
86.4,8.09,45.6,72.6,0.1285
62.0,2.83,94.4,79.2,0.0831
63.7,1.2,56.3,81.8,0.0462
111.0,2.34,47.5,71.7,0.1098
58.7,2.11,64.1,89.2,0.0193
118.9,4.5,63.6,74.6,0.134
74.5,9.18,67.7,87.1,0.1055
118.5,9.01,56.5,60.0,0.1393
101.2,9.25,44.7,75.6,0.1109
85.4,2.19,92.6,95.1,0.0845
112.2,8.46,67.4,65.0,0.1535
58.6,7.35,40.9,62.5,0.0846
90.3,7.65,54.8,77.0,0.0853
102.0,3.92,39.8,91.5,0.0467
101.9,3.44,55.9,67.8,0.0797
72.5,2.3,73.8,77.7,0.0657
55.0,4.33,43.7,65.8,0.0447
117.6,4.83,53.0,72.2,0.1311
114.9,2.36,89.5,67.7,0.1569
73.1,5.89,56.5,71.1,0.0834
109.5,8.37,45.6,82.6,0.1247
61.3,7.37,37.5,61.4,0.0672
70.7,3.37,84.9,90.5,0.0259
119.3,5.44,86.6,72.1,0.1303
58.6,2.76,73.9,92.0,0.03
92.3,1.95,66.0,67.2,0.0619
102.4,1.88,58.0,64.5,0.0728
107.7,9.1,69.9,87.5,0.0998
116.0,7.2,35.1,98.1,0.0916
55.9,2.98,52.7,93.0,0.0321
101.6,9.06,31.2,74.8,0.1249
97.3,4.87,33.1,83.0,0.0681
86.4,8.6,66.7,88.0,0.1045
69.5,3.26,43.1,90.5,0.0419
110.3,6.4,41.0,80.7,0.1209
76.2,6.93,59.2,79.4,0.1034
97.5,8.81,88.7,89.2,0.2069
74.0,7.65,40.6,61.4,0.0894
81.9,7.39,41.3,92.6,0.0608
118.9,1.53,85.3,94.6,0.0837
65.7,6.71,71.5,61.3,0.1202
109.7,1.97,94.7,79.9,0.1079
55.6,3.68,69.0,88.0,0.0419
117.7,4.34,85.4,95.3,0.0945
95.3,3.78,45.3,89.8,0.0739
74.8,7.19,69.2,93.8,0.114
106.6,6.05,81.9,64.8,0.116
103.1,6.28,46.0,79.3,0.0754
118.0,1.85,76.1,91.7,0.1027
100.0,8.08,70.2,96.9,0.096
105.1,6.4,83.0,89.6,0.1065
77.8,5.62,94.2,88.9,0.0822
108.2,2.25,94.2,68.5,0.1208
105.0,6.17,51.6,88.3,0.1092
85.5,3.77,42.9,92.2,0.0429
68.6,8.81,40.5,81.9,0.082
119.0,5.17,51.0,96.3,0.0917
84.0,3.08,86.2,83.1,0.0466
107.4,7.35,44.8,89.6,0.0969
55.4,5.12,59.7,87.7,0.0459
73.0,7.99,93.3,77.7,0.2402
65.0,1.19,76.2,88.3,0.0425
102.9,7.9,46.1,69.6,0.1263
78.3,4.69,82.8,72.1,0.0846
107.4,9.16,34.5,83.4,0.1005
75.4,5.54,78.6,63.8,0.1266
73.8,4.48,83.1,61.4,0.0854
74.1,9.25,76.8,93.2,0.1971
68.3,9.9,31.4,96.7,0.0472
91.4,3.4,77.9,77.4,0.0785
87.1,1.21,33.3,89.9,0.056
114.3,6.25,34.5,74.1,0.0882
75.7,5.91,59.2,60.9,0.086
60.2,1.55,63.1,63.0,0.0863
112.0,6.97,77.5,71.1,0.1373
117.4,5.13,35.4,76.3,0.1374
89.6,9.82,42.7,67.3,0.1369
55.9,9.35,77.4,96.8,0.1687
86.3,4.84,50.9,95.1,0.024
64.6,8.26,51.9,93.9,0.0625
75.3,6.01,78.2,85.2,0.0861
80.6,2.25,89.8,97.2,0.0676
54.6,7.97,86.4,72.6,0.2169
86.8,7.36,67.7,64.0,0.1191
86.8,9.41,33.7,62.4,0.1
68.8,5.37,48.8,69.4,0.0663
57.9,1.29,73.9,89.3,0.0191
92.7,6.79,30.8,72.6,0.0946
97.4,9.09,58.6,81.8,0.1029
119.1,8.13,45.3,70.3,0.1531
93.7,4.75,89.2,94.8,0.0514
64.9,8.59,38.4,68.0,0.0837
64.7,9.76,76.7,91.6,0.2178
51.1,4.81,36.3,73.3,0.0503
56.7,9.96,44.9,83.8,0.0856
107.9,7.28,80.5,91.1,0.2456
52.6,7.71,56.0,76.5,0.0671
82.8,3.05,81.7,73.3,0.1073
64.4,8.67,72.2,65.2,0.0754
95.4,6.4,38.4,77.4,0.0727
105.4,2.09,75.4,71.3,0.1071
89.6,2.3,44.1,94.5,0.0365
99.5,5.98,77.8,90.2,0.0818
53.0,4.53,42.2,75.6,0.0381
57.1,9.47,77.6,65.7,0.233
54.3,4.0,63.9,66.6,0.0306
68.5,7.11,35.8,81.1,0.051
51.6,7.43,45.4,90.3,0.0252
102.7,5.35,80.7,66.8,0.1075
109.8,9.11,57.5,81.7,0.1347
103.7,5.04,56.6,64.4,0.1145
68.8,6.77,63.2,72.2,0.0894
79.4,5.92,42.1,62.0,0.0607
96.0,1.3,83.7,88.2,0.0891
62.3,4.14,67.7,89.0,0.0318
72.7,6.71,75.7,76.7,0.0729
98.9,9.03,86.9,96.6,0.246
84.9,6.16,79.1,70.8,0.0773
77.4,2.74,33.6,63.9,0.0815
66.0,3.06,40.2,72.1,0.0583
105.6,8.74,67.1,98.0,0.1031
72.3,1.26,33.7,82.2,0.0415
79.6,5.67,39.4,62.7,0.0861
89.2,9.11,81.4,79.8,0.2034
63.6,6.7,77.0,94.6,0.055
113.3,6.65,63.7,62.0,0.115
72.3,2.45,58.9,88.6,0.053
103.3,2.2,92.1,84.1,0.0914
95.5,9.01,37.8,71.0,0.0925
61.6,6.48,85.3,89.1,0.0692
50.7,1.54,82.2,84.5,0.0463
82.7,2.7,89.2,97.1,0.0767
102.7,8.14,49.9,75.1,0.1263
59.3,6.15,71.7,85.1,0.0495
106.2,1.54,76.9,70.9,0.1013
63.7,2.74,44.7,86.1,0.0304
76.2,1.08,77.2,76.3,0.0864
58.6,7.32,88.7,74.5,0.2151
61.0,1.54,59.1,95.8,0.0259
93.2,7.72,68.4,76.3,0.1025
101.9,4.48,47.6,94.5,0.0809
53.8,9.95,57.7,72.1,0.0812
108.5,9.26,54.4,98.5,0.1023
88.6,3.16,79.9,62.4,0.1031
89.4,3.65,37.4,66.3,0.1143
85.8,2.35,76.6,96.1,0.0711
58.9,2.02,93.0,75.0,0.0675
116.6,2.13,83.9,68.8,0.1182
111.2,4.13,36.1,76.6,0.0758
57.9,4.12,75.7,69.7,0.0657
71.1,4.17,90.2,69.7,0.1009
63.0,1.63,49.4,87.0,0.0209
80.2,7.36,48.1,82.0,0.0734
80.8,1.08,73.1,85.1,0.0365
116.3,3.74,93.0,81.8,0.1064
96.9,6.4,61.6,69.4,0.1138
116.1,2.13,54.1,78.3,0.0712
109.5,7.14,31.4,94.4,0.1067
61.6,6.15,77.2,66.7,0.0904
103.3,1.62,50.0,96.5,0.072
92.0,1.99,35.4,92.8,0.0614
60.1,6.86,44.0,97.8,0.0163
89.3,8.16,39.3,78.6,0.0945
99.8,2.78,68.4,91.3,0.0553
60.5,9.2,81.6,84.5,0.2085
112.5,7.47,70.9,62.0,0.1641
116.6,9.46,63.3,82.5,0.1246
119.8,9.56,87.5,77.1,0.2727
51.1,4.46,75.5,60.0,0.0921
75.6,7.49,49.7,73.6,0.0964
62.0,5.27,64.4,61.2,0.0461
59.5,1.17,69.3,79.0,0.038
92.1,2.12,52.2,74.0,0.0452
81.7,3.52,88.6,90.0,0.0874
95.3,8.38,94.1,78.6,0.2265
104.2,2.81,38.8,90.8,0.0647
79.4,5.04,59.7,86.1,0.0827
108.4,3.57,67.6,76.6,0.1191
110.5,9.84,69.6,82.3,0.1534
119.9,8.13,91.9,68.3,0.2378
50.2,2.66,36.4,60.5,0.042
73.6,1.11,72.6,93.4,0.0663
116.1,7.98,80.0,91.8,0.2476
110.8,9.74,91.5,92.1,0.2338
65.6,3.81,67.3,78.6,0.0586
109.5,5.42,61.2,78.2,0.1209
115.0,5.59,70.6,87.5,0.1083
106.2,3.3,59.2,60.6,0.1094
58.3,6.66,59.1,65.4,0.0911
101.5,5.3,60.6,68.1,0.1282
50.0,1.41,34.8,65.4,0.0314
90.3,8.36,61.4,65.5,0.129
90.6,9.49,47.1,60.2,0.1332
104.3,1.76,39.7,95.2,0.0448
71.1,1.71,87.8,81.8,0.0647
83.4,4.77,32.8,60.8,0.0742
77.4,9.33,43.5,93.5,0.0726
56.6,7.91,45.1,81.7,0.0441
76.3,2.56,42.9,91.9,0.0272
98.8,2.92,40.0,96.4,0.0609
97.9,4.23,61.4,62.1,0.1056
62.2,3.89,75.0,94.5,0.0287
51.8,9.45,31.5,95.1,0.0547
111.4,3.57,66.8,68.8,0.1204
96.1,1.1,47.6,79.3,0.0733
56.8,9.31,92.5,80.4,0.2054
91.2,3.5,79.7,89.8,0.0756
66.4,1.51,81.2,62.3,0.0876
99.0,8.06,89.6,77.4,0.2559
109.8,5.25,76.8,70.4,0.1387
75.0,5.5,68.9,92.7,0.083
106.6,4.07,48.7,87.4,0.1015
53.0,4.9,63.3,83.2,0.0515
66.1,6.72,31.2,94.0,0.0466
76.6,5.77,37.7,93.1,0.04
82.7,4.41,49.5,74.7,0.0962
80.8,6.17,86.8,77.7,0.0985
112.9,9.3,51.8,91.0,0.1145
68.0,7.98,52.1,66.5,0.075
62.5,9.49,89.0,69.7,0.2461
110.5,3.89,48.0,69.9,0.082
91.2,4.13,46.2,97.6,0.0477
94.5,8.98,87.9,92.5,0.2061
79.7,3.17,69.1,90.6,0.0683
90.6,1.33,36.7,84.0,0.0579
109.0,4.58,46.4,94.1,0.0587
65.3,1.28,94.8,91.8,0.0433
83.2,2.05,81.8,91.8,0.0707
69.9,8.36,79.7,70.3,0.2342
90.1,2.26,73.4,70.8,0.097
73.9,4.77,89.2,93.4,0.0574
74.2,4.22,72.5,82.2,0.0699
74.6,3.5,42.2,93.8,0.0511
74.1,8.18,32.3,62.1,0.0995
92.5,1.07,68.5,70.6,0.1093
58.0,2.72,54.0,73.6,0.0496
73.9,7.29,45.2,85.7,0.0726
51.0,2.35,81.3,75.4,0.0195
78.2,3.07,58.4,89.3,0.0154
59.9,6.21,70.0,96.3,0.0293
91.0,9.17,39.8,98.8,0.0841
63.5,5.62,81.3,74.6,0.0613
119.3,7.17,60.0,92.4,0.1395
100.6,1.88,81.6,95.6,0.0587
66.0,7.11,92.7,84.2,0.2174
118.0,3.18,47.0,99.7,0.0766
108.9,7.64,64.5,88.5,0.109
58.6,8.54,71.7,71.7,0.079
96.6,5.98,71.9,74.6,0.1064
111.1,4.96,43.0,74.3,0.0989
50.3,4.28,75.5,77.6,0.0273
58.6,1.41,91.5,71.6,0.0587
63.3,7.05,64.4,62.4,0.0773
93.8,8.1,38.0,63.9,0.0979
91.3,7.25,69.2,97.3,0.0592
57.0,5.11,90.2,83.8,0.0592
58.5,4.73,63.1,66.7,0.0537
56.5,9.21,55.8,68.4,0.0919
79.8,7.74,33.5,97.4,0.0296
69.8,5.47,86.9,61.9,0.0981
81.0,9.41,41.6,64.1,0.11
115.3,5.87,84.3,64.7,0.118
85.7,2.79,38.6,88.5,0.0332
75.7,1.03,91.4,73.5,0.0693
78.3,7.83,52.8,85.5,0.0514
93.9,8.21,71.6,99.4,0.0926
115.0,7.21,72.4,82.6,0.1212
82.2,8.87,40.9,79.5,0.1017
106.8,8.86,59.0,88.1,0.1179
102.0,6.14,58.4,74.8,0.085
97.1,4.03,84.1,90.6,0.1005
92.5,9.04,74.0,98.3,0.109
93.3,2.64,43.6,72.8,0.0789
84.9,7.63,92.3,70.7,0.2397
59.0,1.9,92.6,93.1,0.0506
95.4,5.45,66.6,68.6,0.1137
57.8,2.86,40.4,80.8,0.0242
103.5,8.64,91.5,67.4,0.2647
67.7,2.55,77.6,67.9,0.0789
99.6,9.31,59.2,85.7,0.1209
91.7,2.97,89.8,64.2,0.1309
76.6,7.94,30.9,68.9,0.088
99.4,6.68,74.6,70.1,0.1344
119.9,8.49,67.9,92.7,0.1671
89.2,4.4,30.9,84.7,0.0389
89.1,1.7,77.3,70.3,0.059
89.8,4.37,52.6,79.5,0.0494
51.9,9.49,40.3,77.2,0.0369
66.8,1.62,85.5,68.8,0.0732
105.4,2.68,34.3,87.4,0.0761
58.4,1.15,85.9,60.2,0.0527
69.0,9.26,91.5,61.2,0.2319
117.6,8.39,61.4,66.8,0.1556
119.9,7.42,33.3,83.6,0.1379
81.4,1.62,31.0,82.5,0.0549
59.7,8.42,46.7,79.9,0.0254
105.2,7.66,37.7,96.9,0.0451
118.3,7.93,43.5,78.6,0.1356
85.0,5.02,91.9,67.6,0.0854
105.5,4.26,85.6,92.8,0.1017
67.8,2.57,87.9,65.3,0.0813
106.5,6.92,92.0,60.5,0.1423
50.7,4.11,91.2,60.1,0.0917
116.7,7.88,56.5,90.4,0.1024
82.4,7.86,55.9,63.1,0.0953
90.5,9.26,89.0,72.9,0.2388
96.5,3.48,51.8,80.1,0.0718
81.7,7.02,32.9,76.0,0.0737
76.7,8.89,66.9,90.9,0.062
68.2,3.78,58.4,78.7,0.0537
90.6,6.37,58.7,78.8,0.1016
114.9,3.94,61.7,86.5,0.099
108.8,3.66,56.2,70.2,0.1033
63.8,2.07,68.9,97.2,0.0434
97.3,4.97,45.5,91.2,0.0624
110.0,1.07,71.6,62.7,0.0912
63.0,1.23,63.4,71.6,0.0697
83.7,1.6,87.3,76.1,0.1023
84.0,5.13,49.4,97.1,0.0292
93.0,2.38,50.3,77.2,0.0882
58.0,5.04,68.3,85.2,0.0563
85.7,4.02,32.9,80.0,0.0606
84.6,2.64,53.3,62.4,0.0602
106.0,1.95,62.7,87.1,0.082
96.1,5.91,56.6,85.6,0.083
107.5,4.65,70.7,79.0,0.1142
79.3,2.16,51.5,89.4,0.0273
92.4,1.68,62.8,73.5,0.0993
60.8,8.16,33.1,85.4,0.081
102.0,8.89,33.0,73.3,0.1073
117.2,3.35,44.8,61.2,0.1065
102.6,5.88,35.0,75.4,0.0917
101.5,3.52,66.3,69.0,0.1031
85.2,4.97,36.7,71.3,0.0859
114.8,9.71,55.8,73.2,0.1446
99.5,6.42,80.2,72.0,0.1369
115.2,9.61,74.3,80.5,0.1216
56.4,5.22,83.1,70.1,0.084
97.0,9.67,45.6,64.9,0.1421
71.7,2.12,70.6,79.6,0.0531
60.0,8.54,59.7,96.5,0.0428
74.0,9.61,72.2,75.7,0.1279
95.7,3.19,54.4,98.9,0.0743
56.0,1.53,35.3,75.2,0.0356
54.1,4.8,91.1,73.0,0.0794
102.0,7.49,80.5,99.7,0.2379
82.0,6.96,88.7,66.7,0.1357
83.8,3.76,32.0,91.8,0.038
56.3,3.89,91.4,76.3,0.0861
51.4,9.06,64.6,60.2,0.0987
75.8,1.68,73.9,84.9,0.0379
103.9,8.74,37.6,83.3,0.0977
70.2,4.52,87.4,90.5,0.056
89.4,9.99,65.9,96.2,0.0928
74.6,2.0,64.5,61.4,0.0817
64.1,9.87,42.9,98.3,0.0599
91.2,3.05,73.5,64.1,0.0964
65.6,2.62,40.6,85.4,0.0371
85.7,6.37,55.3,73.5,0.083
67.7,6.85,48.5,75.3,0.0841
66.8,7.66,73.7,69.6,0.0972
54.3,7.12,59.4,91.4,0.0487
67.4,1.1,47.9,97.8,0.0186
97.8,4.98,43.4,95.7,0.0551
90.5,2.01,32.7,81.9,0.0562
96.7,5.87,41.4,77.3,0.083
102.2,8.38,45.4,68.7,0.119
118.3,2.49,83.4,64.1,0.1386
83.2,8.65,35.0,70.8,0.0932
83.9,1.58,48.3,85.6,0.0448
104.0,7.34,50.5,79.2,0.1049
50.7,3.69,88.2,88.4,0.0477
80.5,7.64,61.7,75.0,0.1111
73.0,8.97,36.2,99.6,0.0433
97.4,5.59,57.6,76.9,0.1319
50.3,1.34,60.7,69.2,0.0337
74.2,2.6,92.1,66.4,0.0785
115.6,8.3,61.6,62.1,0.1724
61.5,2.67,41.1,81.9,0.0308
104.5,5.04,52.2,65.1,0.09
103.6,7.09,59.7,78.1,0.1106
63.2,1.99,88.7,91.6,0.034
55.6,3.62,51.6,63.8,0.0542
101.1,4.29,72.5,68.9,0.1226
55.2,4.86,34.2,98.2,0.0082
53.1,5.84,45.3,90.0,0.0558
109.8,6.27,69.7,71.7,0.1408
69.1,3.28,84.4,90.5,0.0439
84.2,2.37,51.7,69.0,0.0471
63.9,2.17,65.1,87.4,0.0313
70.8,6.24,49.2,76.6,0.0383
117.8,4.68,79.2,98.5,0.1226
82.4,7.78,54.2,88.4,0.0916
86.0,3.9,73.1,96.5,0.064
71.0,3.07,86.7,68.4,0.0713
50.6,8.77,73.0,67.7,0.0966
100.0,2.96,72.5,81.1,0.0679
118.9,3.3,35.3,61.0,0.1086
63.6,9.29,41.2,78.7,0.0367
94.7,5.4,51.1,76.7,0.0877
89.3,6.38,82.3,78.2,0.1015
95.1,5.98,42.3,82.8,0.0874
89.0,7.98,71.5,65.3,0.1218
98.0,5.69,78.7,93.2,0.0855
88.7,6.21,67.4,67.7,0.1353
94.6,6.51,81.2,71.2,0.1497
71.4,5.86,78.4,73.7,0.0858
109.4,4.45,66.8,70.5,0.1068
116.6,6.38,43.1,68.8,0.0953
88.4,6.06,39.1,70.2,0.1016
68.2,5.63,30.6,75.8,0.0542
57.2,3.69,58.1,96.6,0.0349
102.5,1.58,54.5,64.1,0.1003
111.5,7.24,69.8,94.5,0.1057
52.9,1.64,35.5,93.2,0.0
80.0,6.76,79.0,67.4,0.1015
66.8,6.75,79.7,99.0,0.0356
80.9,2.51,43.3,71.2,0.0823
65.4,3.14,70.1,80.5,0.0486
58.2,2.44,80.2,61.5,0.0544
97.8,8.55,85.0,68.4,0.2534
56.3,1.61,42.5,83.4,0.0048
59.5,7.76,42.9,68.8,0.062
85.6,7.0,92.5,61.5,0.2396
98.0,1.12,53.6,70.3,0.0819
107.6,5.56,92.5,70.3,0.1465
94.7,3.87,82.5,98.0,0.0782
89.1,8.47,54.5,78.8,0.1064
112.5,8.6,39.9,83.9,0.1284
119.8,2.4,56.7,66.7,0.1051
112.1,6.96,68.2,73.2,0.1027
111.0,5.73,68.9,90.9,0.0844
77.2,1.78,94.3,63.9,0.0795
79.2,2.66,92.0,71.2,0.0657
73.4,1.63,39.8,61.8,0.0787
69.1,7.29,61.8,62.2,0.0882
70.0,7.1,79.7,83.8,0.1858
53.1,9.65,52.0,86.2,0.0616
86.6,1.06,59.5,62.0,0.0756
91.4,1.88,84.7,93.7,0.0884
104.9,1.59,48.3,77.2,0.0758
89.8,9.39,73.0,62.7,0.1053
62.8,2.6,94.9,64.9,0.0586
83.5,7.15,88.7,83.2,0.2287
85.6,4.41,42.0,70.6,0.0832
64.5,2.97,61.4,84.9,0.0377
107.1,8.87,68.6,60.1,0.1357
63.3,8.07,81.2,78.7,0.2049
72.5,4.33,57.8,65.9,0.0902
115.5,3.84,45.5,80.4,0.0954
102.4,6.28,48.9,70.6,0.1068
109.3,1.08,77.4,92.8,0.0963
76.2,2.69,57.6,82.5,0.0677
102.0,2.25,69.7,83.3,0.0954
69.8,1.7,46.9,61.7,0.0338
80.7,3.34,48.8,78.2,0.068
86.3,9.23,61.3,83.9,0.1014
106.4,8.36,36.2,92.7,0.0763
58.5,5.93,89.1,96.5,0.0749
118.0,5.54,79.3,95.1,0.1054
55.7,8.81,75.6,72.6,0.2122
106.0,1.79,54.5,96.7,0.0327
66.8,8.24,48.6,69.5,0.0719
59.1,3.41,84.6,76.0,0.03
113.6,5.93,32.2,66.7,0.1087
80.1,6.75,34.9,91.0,0.0638
109.5,1.2,44.5,75.3,0.0929
76.0,8.93,51.0,61.4,0.1188
63.8,8.28,35.2,94.1,0.0461
68.2,3.7,49.2,64.2,0.0595
88.9,5.62,85.4,68.3,0.0875
116.1,3.01,91.1,80.2,0.1179
78.2,5.87,68.8,97.3,0.066
83.1,4.32,81.7,93.1,0.0776
52.5,9.77,81.5,88.8,0.1892
84.7,6.53,83.5,89.2,0.0802
76.9,1.96,42.5,78.3,0.0409
76.6,7.38,86.1,61.9,0.2304
92.6,6.32,32.8,66.9,0.085
106.4,1.92,79.5,73.2,0.1005
65.8,1.04,32.5,81.7,0.0233
73.9,2.06,62.1,78.4,0.0736
87.3,4.09,76.3,89.3,0.0645
109.8,8.16,47.6,93.5,0.107
89.3,3.05,44.1,90.6,0.056
56.9,8.36,88.9,78.7,0.2112
117.5,2.34,73.1,91.9,0.1015
67.5,5.67,52.2,99.9,0.0603
96.4,3.03,61.9,74.5,0.1033
108.9,7.86,30.6,78.1,0.1089
52.2,4.14,85.7,68.5,0.0706
100.6,4.76,37.6,95.9,0.0751
109.2,6.59,55.1,79.0,0.11
96.6,3.23,80.0,94.0,0.0774
91.6,9.28,67.9,93.3,0.0794
63.9,1.66,63.3,87.0,0.0308
118.7,4.77,70.3,75.6,0.1176
50.2,5.0,61.7,64.4,0.0583
116.5,9.79,62.0,60.4,0.1273
106.9,8.04,63.7,80.9,0.13
113.3,8.48,59.7,96.6,0.1202
53.4,2.46,73.5,77.9,0.0747
113.4,3.69,77.2,83.9,0.0939
106.9,3.07,44.2,64.6,0.0918
104.3,1.15,82.0,79.4,0.0641
70.6,6.17,62.7,93.4,0.0699
65.9,3.31,40.6,60.9,0.0751
55.8,4.01,37.9,68.0,0.0557
106.9,8.64,36.8,76.8,0.0929
108.1,2.48,87.8,98.1,0.0716
57.6,7.43,94.6,80.1,0.2116
58.8,5.38,45.4,80.4,0.0607
72.5,8.91,59.9,67.1,0.0944
64.4,5.22,58.8,70.1,0.0588
81.7,3.65,85.8,84.4,0.0628
98.9,3.32,55.3,92.9,0.0725
106.4,2.15,63.8,69.2,0.1119
60.6,9.4,63.8,74.5,0.0839
77.9,7.77,70.4,77.5,0.1097
54.0,5.69,49.6,62.8,0.044
75.6,9.71,46.8,90.4,0.0585
57.9,3.39,59.6,66.6,0.0722
55.1,3.37,31.9,82.7,0.0445
71.6,3.42,53.8,61.2,0.055
60.7,8.05,32.2,97.9,0.0237
57.2,8.49,81.6,70.5,0.1921
58.4,1.43,82.1,99.2,0.0045
94.6,2.56,31.9,82.9,0.0694
57.1,3.28,67.6,99.2,0.038
63.4,3.13,49.5,82.8,0.0575
106.7,7.32,75.5,87.1,0.2272
75.8,1.0,80.2,60.4,0.0769
66.0,1.87,59.5,64.6,0.0592
117.7,3.09,36.2,87.9,0.0676
118.3,1.88,77.9,96.3,0.08
83.8,9.33,48.9,93.9,0.0734
72.7,1.88,75.0,76.8,0.0571
102.9,2.82,46.5,75.1,0.113
111.1,2.38,70.2,69.3,0.0718
79.8,2.39,67.3,70.0,0.0855
108.3,6.9,58.7,60.0,0.1018
111.6,4.08,30.4,60.6,0.1027
50.4,8.75,71.1,85.7,0.057
117.6,7.0,68.4,83.5,0.122
55.4,9.7,49.2,99.1,0.0653
74.1,9.02,79.0,79.0,0.2225
113.2,3.01,59.8,85.0,0.1041
115.4,6.08,58.3,93.1,0.1041
64.7,8.08,94.9,74.7,0.2511
77.8,2.66,36.4,93.1,0.0304
102.9,9.11,57.3,71.0,0.1305
115.9,2.36,82.7,81.3,0.0776
106.1,3.75,59.1,63.5,0.1015
79.9,3.15,86.2,68.7,0.0904
117.6,1.1,61.3,89.9,0.0828
77.4,1.68,62.8,76.3,0.0871
80.1,7.99,93.4,63.7,0.2579
117.2,4.96,93.4,61.3,0.1592
69.8,2.64,80.3,66.9,0.1107
51.5,7.33,33.3,77.9,0.0584
70.5,7.6,63.7,78.7,0.0482
101.9,5.57,65.7,87.8,0.0917
90.6,2.88,62.1,73.4,0.0844
51.4,4.45,91.7,75.3,0.0516
65.3,1.09,32.3,81.3,0.0
110.7,9.87,83.7,95.8,0.2413
106.7,9.31,56.0,74.3,0.1114
80.9,3.56,71.0,63.3,0.1144
69.3,4.67,52.9,89.0,0.0489
93.4,9.59,87.9,89.1,0.2296
52.3,1.21,61.9,72.3,0.0404
81.8,2.61,53.9,94.8,0.0519
99.2,4.39,34.9,92.7,0.0735
104.0,5.08,56.2,99.8,0.0497
69.2,6.79,31.4,97.4,0.0434
50.2,8.61,93.1,60.8,0.21
79.0,8.88,88.4,80.0,0.2183
88.2,3.59,90.0,88.8,0.0843
88.0,6.18,86.6,74.0,0.0979
61.2,5.27,69.7,84.6,0.0671
70.2,2.77,90.8,93.5,0.0694
84.1,4.18,82.7,70.4,0.0966
62.3,3.31,91.3,71.3,0.0723
78.0,9.91,92.3,81.3,0.2316
50.9,7.75,47.7,83.0,0.0701
85.2,4.21,33.2,85.2,0.0503
76.9,2.11,77.0,60.8,0.0935
112.8,9.22,49.6,94.0,0.1254
110.4,7.35,91.3,74.1,0.2278
50.3,9.56,37.2,97.7,0.0451
70.6,7.21,54.6,91.5,0.0862
57.7,9.41,55.8,94.2,0.0671
72.7,5.04,74.9,82.8,0.0955
71.5,8.49,70.4,77.0,0.0785
51.9,4.4,35.4,81.2,0.0465
66.0,6.73,54.5,91.2,0.0696
70.0,2.34,38.6,96.8,0.0222
112.3,1.69,53.4,71.3,0.0804
96.2,5.96,61.4,67.4,0.1243
85.7,7.36,65.9,63.0,0.1209
60.1,8.98,49.1,66.2,0.087
110.3,6.83,51.3,89.1,0.1083
51.0,4.1,54.2,62.1,0.0543
115.4,4.89,93.3,78.3,0.1147
111.9,1.29,34.8,87.5,0.0777
58.4,4.98,57.8,99.8,0.0258
52.4,8.88,90.7,93.4,0.1798
88.9,1.82,34.9,87.4,0.0201
94.2,6.25,70.3,69.0,0.1137
83.8,1.87,45.8,81.6,0.0363
101.2,6.9,41.5,79.1,0.0691
107.2,2.87,76.7,91.3,0.0737
53.9,8.08,69.9,60.6,0.0969
91.6,7.75,49.5,93.2,0.0917
59.1,3.44,62.3,80.6,0.0363
116.0,6.95,45.8,71.5,0.1475
107.1,5.89,91.1,86.0,0.0987
93.9,7.54,90.4,94.1,0.2207
76.6,7.65,42.6,91.7,0.0658
98.6,9.78,56.1,80.8,0.1249
50.5,7.99,88.4,72.2,0.1945
95.3,5.11,65.3,98.9,0.0841
58.6,5.96,50.6,89.5,0.071
78.1,1.86,65.0,77.5,0.0464
78.1,2.46,74.8,69.6,0.0595
103.2,6.28,85.7,97.0,0.1033
68.5,4.84,74.7,67.6,0.1022
73.9,7.19,91.5,71.2,0.2282
71.3,5.69,85.7,88.5,0.0973
87.0,4.73,43.0,90.2,0.0622
55.2,4.1,44.6,64.9,0.0342
95.3,8.92,72.6,94.1,0.1126
64.2,9.74,74.4,97.5,0.0615
92.5,8.51,94.0,98.4,0.2119
105.6,3.24,67.3,84.0,0.1155
107.9,5.43,88.8,85.4,0.1292
60.9,1.95,38.1,81.5,0.0739
100.4,7.32,86.2,68.5,0.2511
86.9,8.41,42.0,60.5,0.0849
52.6,7.75,30.9,98.1,0.0072
59.4,1.87,56.2,77.2,0.0435
58.0,7.22,35.3,86.6,0.0281
68.7,4.26,81.3,85.1,0.074
72.5,6.36,76.4,99.2,0.0651
83.9,9.09,58.2,87.4,0.0835
87.9,8.61,39.2,99.9,0.0866
72.6,3.9,72.0,82.2,0.0524
112.3,7.8,82.5,61.7,0.2669
100.2,3.12,47.1,87.3,0.0724
115.0,2.14,75.6,73.1,0.0935
93.9,8.88,60.7,93.3,0.1249
84.3,5.8,40.5,74.2,0.0585
89.2,7.89,57.0,94.3,0.0736
54.9,1.71,88.1,81.9,0.0443
84.5,3.82,74.1,77.5,0.0643
62.4,9.2,91.5,69.9,0.2266
118.6,6.91,66.5,68.1,0.1439
111.2,9.5,69.8,98.0,0.1244
67.7,3.3,47.8,87.9,0.0587
90.4,3.12,92.8,78.2,0.1106
99.6,4.6,33.3,74.9,0.0888
100.5,5.25,43.5,64.2,0.1121
91.8,5.98,60.4,83.6,0.0829
84.8,5.76,44.0,89.6,0.0694
113.9,5.26,73.4,97.5,0.0891
75.7,7.21,61.9,64.2,0.1135
51.3,5.53,33.0,91.8,0.0
106.2,4.46,93.0,74.1,0.1049
107.9,3.88,45.2,93.0,0.064
52.0,5.87,53.3,79.8,0.0401
77.0,2.09,81.9,71.2,0.0844
91.4,3.17,69.8,86.6,0.0671
65.1,5.41,81.5,66.5,0.1094
107.4,9.03,52.2,96.0,0.107
60.2,5.12,91.1,67.3,0.0964
88.6,9.0,72.4,79.3,0.1197
112.4,3.06,61.4,75.3,0.1032
108.3,3.37,37.8,94.2,0.0741
58.8,2.34,80.8,81.9,0.063
67.8,8.03,91.9,97.9,0.2031
54.9,9.43,56.3,84.7,0.0541
74.4,5.95,55.6,62.6,0.0549
118.2,1.24,57.3,76.5,0.109
51.6,6.56,48.3,82.9,0.029
73.9,8.98,54.2,75.5,0.1018
77.7,9.89,64.7,62.7,0.1219
82.3,2.33,53.2,74.8,0.064
70.3,8.36,84.5,82.8,0.2412
94.9,8.5,64.4,99.0,0.0736
59.7,8.58,62.4,95.9,0.0548
101.2,2.66,61.1,93.1,0.0544
82.2,4.7,90.3,63.5,0.1132
95.7,1.34,74.2,84.5,0.0718
100.7,8.67,46.1,75.2,0.0995
75.7,8.78,61.5,67.5,0.0992
73.1,6.82,34.7,96.8,0.0228
105.4,1.24,88.6,78.7,0.0996
79.0,8.02,59.7,93.3,0.0589
85.8,8.19,36.6,61.6,0.1363
92.9,4.28,50.7,74.0,0.0736
65.0,5.97,75.2,93.1,0.0354
108.6,4.54,49.7,74.3,0.1122
55.7,2.59,72.8,93.5,0.0328
116.7,1.93,52.3,69.0,0.1007
95.5,4.76,32.8,95.1,0.067
64.9,4.88,40.0,94.3,0.0155
105.0,3.78,90.1,70.1,0.1034
107.3,8.75,90.4,94.1,0.2744
81.2,6.56,62.1,72.5,0.0825
95.2,5.17,59.7,86.6,0.0877
52.9,9.15,32.3,71.1,0.0595
83.6,2.29,93.1,82.3,0.0791
117.9,3.74,43.5,89.0,0.105
51.5,4.83,89.1,88.4,0.0462
77.3,6.32,69.6,96.1,0.06
102.9,9.55,75.9,97.8,0.2099
69.2,2.85,60.7,64.1,0.0659
52.0,3.0,62.7,69.4,0.0584
79.4,3.54,54.9,95.2,0.0299
114.5,8.37,79.6,85.4,0.234
107.5,7.59,44.2,98.9,0.0616
117.0,5.81,87.6,84.4,0.1013
54.5,1.42,80.5,87.5,0.0416
66.4,6.92,53.5,76.6,0.0682
115.2,1.83,87.7,79.2,0.1276
117.2,1.22,57.8,96.7,0.0815
82.5,4.33,30.9,72.8,0.0758
50.5,9.28,90.2,88.7,0.1826
90.2,5.13,75.9,63.0,0.1242
111.8,9.49,49.9,63.7,0.1575
75.8,5.46,41.8,97.1,0.0532
114.3,1.95,66.6,72.8,0.1294
50.8,8.18,43.3,92.2,0.033
103.4,9.58,86.3,96.2,0.2284
55.5,6.45,50.3,96.8,0.0514
113.1,9.84,59.4,68.7,0.1483
83.2,6.41,35.2,93.5,0.0583
102.2,6.14,60.3,62.9,0.0981
52.4,4.28,62.3,99.3,0.0444
97.3,4.26,46.4,61.8,0.0954
57.2,8.77,79.0,91.9,0.1754
81.3,1.48,79.8,90.1,0.0484
86.5,8.21,87.6,92.0,0.2357
105.7,7.92,51.5,77.5,0.1008
79.1,8.2,94.4,79.4,0.2065
57.3,2.97,35.4,94.5,0.0162
95.8,8.5,54.4,82.5,0.0704
52.0,3.04,39.1,85.3,0.0221
57.5,9.91,61.7,100.0,0.0745
85.2,3.4,44.8,99.3,0.037
84.1,7.47,78.8,64.3,0.2885
55.0,6.56,46.0,64.8,0.0619
56.8,9.74,36.9,89.8,0.0519
104.0,7.15,33.8,69.1,0.1124
96.0,4.87,87.6,65.2,0.126
74.6,3.73,86.3,84.0,0.0751
109.5,3.7,82.7,76.9,0.0957
61.8,4.32,73.6,89.3,0.0594
105.6,4.76,51.3,70.8,0.1283
57.3,4.2,90.2,65.3,0.0639
112.1,4.05,75.3,73.0,0.1139
89.1,2.98,79.3,68.7,0.0914
75.3,3.02,81.8,80.8,0.063
64.0,3.87,73.4,89.1,0.0454
56.8,2.12,79.9,87.8,0.051
75.9,5.49,38.0,61.1,0.0604
100.4,3.75,60.7,74.4,0.0929
94.0,8.61,32.3,96.5,0.0729
82.8,6.49,39.1,95.3,0.0778
64.4,2.65,35.9,80.7,0.0265
112.9,5.88,59.1,67.6,0.1321
67.2,1.45,36.1,86.0,0.0282
67.7,9.73,37.2,85.3,0.0773
100.2,4.8,59.9,80.9,0.0894
90.5,3.59,62.3,81.1,0.0759
75.9,1.23,43.4,98.5,0.0458
71.6,7.49,77.7,79.3,0.2183
115.9,6.63,45.4,94.9,0.1056
84.2,8.25,30.6,65.9,0.0779
56.1,5.21,75.3,95.1,0.0448
71.6,8.64,35.6,85.4,0.0349
116.9,1.52,39.0,71.6,0.1261
57.1,2.4,82.1,87.0,0.0312
89.4,4.2,36.4,72.5,0.0791
50.5,8.87,41.5,65.5,0.0537
104.8,1.22,54.5,63.9,0.0848
76.8,4.05,93.8,97.4,0.0689
103.0,3.69,44.0,82.1,0.0896
109.0,3.77,83.4,80.7,0.1372
92.1,6.82,58.4,79.4,0.0702
54.2,9.05,54.9,66.4,0.0878
69.8,7.49,30.9,66.9,0.0866
79.3,7.46,81.6,66.0,0.226
103.7,4.59,69.9,97.9,0.0829
68.3,6.05,84.8,74.1,0.084
62.4,4.11,63.7,94.8,0.0732
63.9,6.19,78.2,74.5,0.087
84.7,2.15,43.9,96.7,0.0383
103.1,6.92,91.7,72.4,0.1167
116.5,3.01,33.3,77.6,0.0985
89.7,5.84,46.7,78.6,0.0891
107.9,7.02,51.9,60.6,0.1274
115.6,2.67,42.2,80.9,0.0792
91.9,3.36,57.0,85.6,0.0727
115.0,2.74,52.7,96.1,0.0693
85.5,2.98,74.6,79.9,0.0626
86.5,9.96,56.6,73.1,0.1283
86.5,6.83,71.3,61.1,0.1378
61.0,2.17,60.6,66.4,0.0844
55.9,8.4,81.0,68.9,0.2032
100.0,7.52,86.5,60.5,0.2795
52.2,1.55,90.5,68.2,0.0683
85.7,4.66,67.9,60.7,0.12
119.1,3.57,32.2,88.4,0.0727
76.6,3.15,84.4,86.5,0.0728
99.9,2.52,92.8,93.8,0.0777
77.2,5.25,43.8,77.8,0.0715
73.8,6.82,91.3,89.8,0.0755
97.4,6.41,82.9,88.3,0.1013
106.1,5.96,48.7,96.7,0.1053
64.3,3.4,75.8,88.4,0.0577
97.7,6.4,32.4,69.4,0.1086
71.7,3.68,92.8,93.4,0.0626
51.4,8.31,94.2,71.0,0.2315
81.0,3.0,51.4,72.8,0.0824
98.2,3.09,89.2,64.9,0.1077
80.2,2.7,48.8,79.1,0.0711
96.5,5.81,85.0,81.0,0.1192
98.5,5.56,74.2,79.5,0.0891
81.8,5.45,56.9,94.2,0.0797
95.2,9.0,89.4,74.2,0.2681
75.7,1.1,87.8,80.5,0.0807
118.3,2.83,88.0,68.9,0.1072
100.7,9.96,37.0,60.7,0.1272
50.9,3.86,49.3,63.3,0.0698
111.0,5.23,72.6,69.5,0.1265
108.8,3.22,46.2,98.0,0.097
110.9,4.8,30.1,85.7,0.0887
83.2,3.32,91.6,61.9,0.0777
55.1,7.57,44.4,65.4,0.0644
100.8,5.97,32.8,93.2,0.049
78.5,6.84,75.2,63.0,0.1007
80.0,5.04,50.9,84.5,0.0787
62.9,8.56,52.3,73.2,0.0813
119.6,5.29,53.3,68.9,0.1257
82.2,8.62,76.8,60.8,0.2388
63.8,9.99,41.2,62.4,0.0832
85.9,6.51,81.5,79.8,0.0913
110.7,7.8,86.4,69.4,0.2787
97.6,6.44,66.8,73.2,0.1231
111.3,3.38,39.4,82.0,0.0709
113.5,9.82,56.5,73.3,0.1436
114.1,2.68,39.4,65.6,0.0828
109.5,4.0,91.7,68.0,0.1594
104.5,5.02,92.6,76.7,0.093
89.9,9.45,94.9,69.5,0.2511
94.9,9.42,48.2,65.1,0.1112
87.2,6.75,50.5,65.5,0.1094
74.9,8.67,55.8,91.0,0.0853
105.2,3.86,51.2,76.8,0.1084
55.6,7.66,37.0,90.9,0.0447
111.8,7.91,83.7,98.8,0.2264
53.1,3.93,93.0,73.6,0.0712
78.7,4.45,63.7,81.3,0.0606
82.5,4.94,30.9,76.5,0.0559
103.8,5.77,47.1,88.0,0.0943
96.4,6.15,77.0,93.5,0.1191
69.8,1.14,33.0,64.5,0.0477
112.2,6.29,81.1,93.6,0.0933
113.5,1.34,41.9,71.4,0.0785
82.1,7.39,70.9,88.6,0.0923
94.0,1.18,44.4,94.5,0.0535
116.4,1.97,86.6,99.8,0.0839
90.2,1.42,45.2,62.5,0.0548
110.6,9.77,43.4,64.8,0.121
52.4,3.42,72.1,93.5,0.0
57.6,1.87,81.9,92.6,0.0319
112.6,4.15,71.7,85.8,0.1021
80.4,2.12,70.3,87.8,0.067
84.4,6.62,35.6,68.7,0.0939
80.8,8.95,83.6,84.1,0.2448
70.5,8.7,49.2,72.0,0.1012
82.8,7.81,52.8,96.3,0.0781
117.8,7.74,32.5,78.3,0.1147
119.1,2.6,89.3,88.8,0.1003
58.9,8.35,89.3,65.0,0.2153
88.1,2.62,30.1,70.3,0.0656
85.7,9.45,31.0,70.7,0.0891
60.0,4.51,57.7,97.4,0.0156
67.8,8.53,59.7,74.1,0.1122
70.2,4.27,52.8,69.2,0.0838
61.8,3.55,51.9,63.7,0.0507
105.2,6.82,74.6,98.3,0.1314
110.7,3.8,81.0,90.9,0.098
94.7,4.52,88.5,63.0,0.0858
118.9,1.33,89.0,79.0,0.112
118.3,6.32,82.4,91.1,0.1093
66.0,5.7,89.8,79.7,0.0757
93.7,2.12,81.5,84.9,0.0872
68.5,6.72,66.3,91.9,0.0691
89.3,3.78,49.7,95.7,0.0835
82.9,7.69,46.5,68.1,0.1279
89.7,1.1,91.7,96.7,0.0513
117.1,2.81,71.1,97.1,0.0929
109.4,9.29,51.1,81.9,0.1334
72.4,6.76,42.4,98.4,0.0414
52.9,2.99,47.2,79.9,0.0349
96.2,3.48,66.0,65.8,0.1018
77.7,6.27,63.0,66.4,0.0973
93.9,7.48,69.6,87.0,0.1095
79.3,6.5,72.7,87.3,0.0392
60.2,3.91,89.1,90.8,0.0674
62.4,8.36,37.2,96.1,0.0528
70.3,1.46,39.6,98.5,0.0352
105.0,2.39,51.8,81.1,0.0892
72.6,1.68,46.6,84.4,0.0623
119.5,6.07,32.1,81.9,0.1046
104.9,8.41,79.3,97.1,0.2047
113.3,3.31,43.1,87.4,0.0748
83.0,2.0,71.2,77.3,0.0778
83.0,4.49,68.0,98.1,0.0547
52.6,6.11,92.5,67.6,0.0942
93.2,2.44,37.1,76.5,0.0271
112.3,3.78,44.5,86.6,0.0586
56.5,1.4,52.9,97.5,0.0098
86.0,5.04,87.4,90.4,0.0573
108.3,4.29,58.1,88.1,0.0888
107.0,1.73,61.1,83.5,0.092
99.4,9.01,37.3,85.4,0.0994
77.6,8.28,33.6,98.4,0.0534
68.0,6.44,92.8,75.6,0.0822
68.1,8.0,74.6,62.3,0.1111
57.6,5.56,30.4,83.6,0.0266
97.2,5.22,87.6,97.5,0.0952
76.8,5.17,68.1,64.2,0.0991
102.2,9.19,86.0,68.5,0.266
112.4,5.12,70.5,75.9,0.1158
50.9,9.72,55.5,98.7,0.0322
70.7,1.36,54.9,73.6,0.0509
91.6,6.45,48.0,93.3,0.1033
86.0,6.67,34.4,60.5,0.1042
95.3,2.26,58.1,79.1,0.0517
114.5,1.02,33.5,72.8,0.068
64.6,4.1,91.4,96.4,0.0505
85.6,9.3,41.2,62.0,0.1025
56.1,2.21,42.3,65.7,0.0295
82.6,2.23,61.7,72.6,0.0602
80.9,9.75,51.3,68.6,0.0937
51.0,1.21,68.0,65.5,0.0387
70.7,3.18,39.4,87.8,0.0
107.8,7.45,34.6,99.5,0.0717
86.3,5.54,52.4,88.4,0.075
81.4,7.38,34.3,84.1,0.0535
82.4,8.71,32.0,63.4,0.0879
104.0,8.39,64.7,100.0,0.1039
56.6,1.6,30.8,68.5,0.0705
87.8,5.84,50.8,71.0,0.0828
54.9,8.01,61.5,80.4,0.0538
105.5,1.46,43.6,93.0,0.0679
77.7,2.39,54.8,63.4,0.0713
68.0,3.99,39.2,64.6,0.0799
75.9,9.71,87.6,82.8,0.2245
96.3,6.22,86.3,85.8,0.123
111.0,7.94,69.4,94.3,0.1368
104.2,6.83,56.0,68.2,0.1121
118.9,9.13,37.7,81.8,0.0924
69.6,1.82,82.6,85.6,0.0245
63.3,1.19,69.8,65.8,0.081
89.6,2.04,64.1,93.7,0.0447
57.9,9.69,45.1,65.5,0.0879
62.7,4.17,44.2,82.5,0.0542
95.0,3.99,34.4,78.7,0.072
111.0,9.42,73.4,93.5,0.1314
100.9,2.43,32.8,79.8,0.0749
53.0,8.67,92.5,91.7,0.1856
117.3,4.37,41.5,98.1,0.0812
105.9,7.87,39.4,79.6,0.1051
92.7,2.1,77.7,65.3,0.0877
93.7,7.9,44.2,67.2,0.1205
75.1,9.99,52.5,80.3,0.1118
70.6,2.69,82.5,98.2,0.059
100.4,2.52,32.2,75.0,0.106
59.9,7.61,75.5,93.1,0.2002
108.9,7.66,53.3,90.9,0.1035
87.5,3.66,44.2,84.3,0.0626
93.9,2.39,83.7,84.8,0.0872
96.4,9.46,71.0,95.9,0.0882
113.3,8.13,74.9,99.9,0.0971
50.9,8.91,89.6,69.2,0.2086
86.7,1.67,90.4,69.2,0.0994
56.5,9.05,75.1,72.7,0.2139
58.2,4.39,70.7,60.7,0.069
117.8,1.59,55.0,61.7,0.129
51.5,7.08,90.2,90.5,0.1757
56.3,7.93,47.4,76.0,0.0726
109.8,2.52,38.8,70.3,0.1108
93.2,2.72,40.6,68.3,0.0885
56.3,3.58,77.1,73.0,0.0365
116.1,2.37,65.0,66.0,0.0823
87.0,9.46,36.7,76.2,0.0882
118.0,1.56,65.8,86.5,0.0858
55.7,4.48,53.7,91.3,0.039
96.7,4.0,67.9,69.5,0.0923
57.7,9.48,91.6,76.7,0.218
60.1,1.53,61.7,67.2,0.0622
67.3,4.34,65.2,60.2,0.11
73.6,7.97,38.8,69.5,0.0684
73.3,7.01,75.3,83.7,0.2115
68.8,5.93,62.0,80.5,0.0566
63.9,5.96,41.3,92.9,0.0456
61.2,6.56,64.8,95.8,0.0451
78.4,5.46,67.0,78.5,0.0981
71.1,3.4,59.4,77.8,0.0515
54.7,8.95,55.9,72.1,0.0612
57.2,4.19,81.4,79.7,0.0705
83.8,5.47,80.9,61.8,0.0953
67.2,4.5,84.3,89.2,0.0634
58.5,1.4,53.7,66.3,0.043
107.5,7.46,60.0,66.8,0.1402
65.6,3.74,51.3,61.3,0.0883
106.6,6.13,60.5,67.7,0.1201
71.3,3.68,64.4,68.6,0.065
53.5,8.5,75.2,79.2,0.1943
80.5,7.46,48.5,82.5,0.1027
68.7,3.88,91.1,62.0,0.0938
52.3,1.04,82.1,87.6,0.0
53.1,2.23,83.4,63.8,0.0685
64.8,3.53,82.1,65.4,0.073
104.9,4.12,69.3,75.0,0.0965
73.8,8.06,75.7,90.2,0.2261
96.5,2.65,39.1,84.6,0.0733
71.7,5.46,84.1,72.6,0.1035
67.1,8.49,44.1,83.0,0.0485
112.2,5.33,33.0,85.9,0.0816
117.1,1.98,70.4,88.5,0.0833
68.4,5.17,32.0,88.9,0.0545
105.2,9.78,79.8,73.7,0.2479
72.1,3.37,48.0,64.8,0.0918
71.1,3.28,83.2,77.3,0.0754
98.9,9.73,74.3,79.6,0.1357
93.2,4.08,80.2,86.2,0.0999
91.8,8.69,82.5,74.4,0.249
106.3,2.93,63.1,64.2,0.0961
50.3,5.24,48.2,91.0,0.0234
113.4,4.09,54.9,64.1,0.099
84.8,7.07,89.4,94.4,0.2164
114.2,7.62,90.8,74.7,0.2958
108.3,8.08,78.6,71.8,0.2225
84.7,6.46,87.1,87.8,0.0732
80.1,8.8,52.1,92.1,0.0874
107.5,2.92,48.5,97.9,0.0628
105.6,8.4,71.4,65.3,0.1195
59.4,6.33,94.4,88.1,0.084
50.7,1.57,57.1,94.5,0.0037
73.8,1.53,36.7,61.3,0.0533
76.0,3.0,75.9,72.2,0.1012
53.0,3.76,70.1,85.9,0.0554
105.5,4.01,58.9,64.8,0.1105
114.9,2.04,63.8,67.4,0.1416
88.2,2.0,46.5,70.6,0.0783
74.5,5.6,64.2,83.9,0.0827
60.3,6.98,55.7,61.5,0.1063
54.7,4.28,83.2,83.1,0.0492
83.8,4.66,84.5,96.9,0.0711
51.1,9.43,60.2,94.2,0.0897
90.4,2.06,91.2,77.2,0.0954
51.0,6.82,47.2,69.7,0.04
108.0,3.31,48.7,97.4,0.0726
71.2,4.86,68.4,82.7,0.0863
84.8,2.72,70.5,91.5,0.0498
102.8,4.5,62.5,94.7,0.0872
111.3,9.23,63.9,78.5,0.1254
54.2,8.24,65.0,84.8,0.0799
60.0,1.05,67.7,67.7,0.0546
105.9,4.11,50.7,72.2,0.109
59.6,5.0,70.4,70.7,0.0654
69.2,4.67,31.7,84.5,0.0661
79.0,8.77,79.2,98.7,0.2139
96.2,7.47,82.7,75.3,0.2554
84.3,5.63,35.1,75.1,0.0595
85.0,3.81,60.3,92.3,0.0909
59.7,5.5,87.0,91.9,0.0467
105.4,7.31,73.7,63.3,0.1065
91.2,2.68,57.2,87.7,0.0371
116.6,2.57,85.7,84.8,0.0897
88.5,4.99,47.6,62.1,0.0916
101.8,2.55,31.7,97.6,0.047
64.8,6.51,44.1,82.1,0.0493
89.3,5.23,61.5,84.8,0.1012
71.4,9.73,46.4,80.1,0.0787
57.8,3.42,80.6,89.9,0.0575
119.2,8.22,37.4,96.8,0.1142
116.6,1.78,76.2,94.5,0.0735
68.9,6.65,55.8,68.9,0.0862
95.1,6.66,52.0,60.6,0.1301
105.7,1.08,66.9,98.4,0.0851
64.4,2.22,43.7,83.6,0.0329
69.1,1.51,89.2,84.9,0.054
111.5,2.87,93.5,82.8,0.1119
80.6,4.01,88.0,99.6,0.0768
87.4,5.06,79.6,76.7,0.0913
104.1,8.82,63.9,97.8,0.1302
86.1,8.05,30.9,65.5,0.0875
92.4,6.77,42.5,92.7,0.0576
75.0,7.55,55.9,62.9,0.1212
114.5,4.71,78.9,69.9,0.1063
110.5,1.3,53.9,92.2,0.0652
82.9,7.25,93.4,75.5,0.2146
106.3,3.84,56.9,99.8,0.0381
115.2,1.77,44.7,61.6,0.109
115.2,6.14,66.1,79.5,0.0908
56.3,5.91,43.8,75.3,0.0439
89.0,4.53,39.4,84.8,0.0696
94.5,2.28,34.6,85.6,0.0451
74.3,2.56,32.9,86.8,0.0344
79.8,8.9,84.0,74.4,0.2414
83.1,3.54,87.8,80.9,0.058
89.4,8.7,75.6,66.8,0.2561
99.3,1.16,78.6,65.0,0.0877
110.1,9.83,91.8,92.7,0.2546
111.4,2.12,73.0,85.7,0.0808
106.8,9.3,68.9,66.1,0.1653
99.3,9.03,61.3,83.2,0.1062
66.7,1.17,46.7,77.5,0.0559
86.5,3.28,70.5,71.8,0.0642
52.1,9.49,38.5,67.2,0.0614
50.5,1.17,94.6,73.9,0.0349
68.3,5.3,47.5,64.7,0.1027
87.8,7.17,75.5,97.4,0.2131
87.2,7.23,49.0,94.4,0.0677
90.6,5.3,78.8,82.2,0.099
118.5,1.54,58.5,98.5,0.0717
105.9,6.98,60.5,97.1,0.0953
78.0,7.86,88.4,74.3,0.2278
74.0,1.48,74.1,86.0,0.055
87.6,8.15,58.1,64.3,0.0778
83.7,7.07,48.6,83.5,0.0935
78.8,6.23,73.6,78.8,0.0975
106.0,7.47,65.4,66.4,0.1124
101.0,1.18,33.1,82.5,0.0517
72.5,3.95,46.6,92.6,0.0541
63.4,2.87,78.5,63.5,0.0626
98.0,4.48,46.4,91.8,0.0692
104.1,6.89,64.6,63.1,0.1208
88.6,6.03,86.5,72.5,0.1069
107.1,3.36,63.6,97.9,0.0911
95.9,1.53,50.2,80.0,0.0631
89.7,7.93,40.6,66.8,0.1235
72.1,8.16,94.5,71.0,0.2353
82.7,7.05,41.7,82.0,0.0775
95.7,6.56,40.2,91.3,0.0621
113.4,8.87,69.1,66.5,0.1351
85.9,6.48,34.6,62.2,0.1114
55.0,1.2,84.2,70.3,0.0667
73.4,4.56,53.4,99.7,0.0339
101.9,9.32,74.5,67.8,0.1383
96.0,9.64,35.9,86.0,0.0912
72.3,8.13,36.8,74.5,0.0878
90.5,3.28,30.1,73.4,0.0717
112.7,5.85,87.3,77.3,0.1197
71.0,5.29,34.8,74.6,0.0586
104.7,9.46,84.4,93.7,0.2365
82.0,3.79,91.8,77.4,0.0957
73.0,1.9,44.0,82.2,0.056
115.6,4.33,38.8,61.3,0.129
78.6,8.92,83.9,63.7,0.2353
75.4,5.39,94.7,63.2,0.107
118.4,8.79,54.4,72.5,0.1383
76.1,3.43,65.5,93.4,0.0641
64.7,6.12,38.7,75.2,0.0545
56.2,4.91,58.5,68.0,0.0592
103.6,9.82,80.0,68.8,0.2606
102.7,1.35,36.8,79.3,0.0766
72.2,4.35,88.6,65.8,0.1137
92.2,2.89,43.7,82.5,0.1
92.6,3.27,90.7,67.1,0.1133
108.5,7.96,40.0,96.3,0.0884
51.7,9.02,37.0,98.5,0.0364
74.4,2.09,64.4,88.5,0.0468
52.0,4.1,93.3,81.1,0.0634
61.6,5.64,90.9,95.5,0.0797
87.9,4.74,57.1,90.6,0.0466
90.0,7.9,39.6,91.7,0.0714
70.9,3.0,38.3,81.4,0.0259
58.3,9.4,33.8,76.5,0.083
116.9,8.98,31.7,97.0,0.0923
67.9,4.43,31.9,89.7,0.0147
117.0,5.03,91.2,93.2,0.0918
117.7,8.08,79.9,93.0,0.2372
101.5,1.41,80.2,68.9,0.117
70.4,3.32,49.5,91.3,0.0095
71.0,6.36,64.1,95.1,0.0855
58.8,6.2,35.0,91.5,0.0209
96.2,1.69,41.1,79.7,0.0636
102.5,7.74,39.7,85.2,0.0784
96.3,7.68,43.8,75.9,0.0778
91.2,3.16,85.5,68.2,0.0871
81.9,1.98,57.5,74.1,0.0711
89.1,5.06,87.7,98.1,0.0619
66.6,1.07,50.5,81.5,0.0263
89.8,6.16,40.4,90.5,0.0803
62.4,10.0,57.6,75.3,0.0961
103.7,2.41,69.1,90.9,0.0959
68.8,6.1,73.0,84.4,0.0604
117.0,4.41,34.9,64.5,0.0959
77.8,9.63,50.9,89.7,0.0901
107.1,3.68,72.6,89.2,0.0928
97.3,7.68,37.5,77.4,0.0793
76.9,3.02,85.9,95.1,0.0701
113.3,2.49,32.2,77.0,0.0833
104.5,6.93,39.0,64.3,0.1201
114.0,1.76,37.4,76.0,0.0687
82.6,8.43,32.2,69.4,0.1093
64.0,8.89,75.5,71.1,0.2299
56.3,4.39,81.5,92.2,0.0427
90.6,3.64,92.6,97.3,0.0916
59.0,1.64,58.7,89.4,0.0389
118.0,3.42,40.8,77.2,0.1062
54.7,1.3,73.4,88.5,0.0295
108.5,3.41,34.9,67.7,0.0837
107.9,8.89,69.3,89.1,0.1169
85.6,3.27,85.5,76.4,0.0968
117.4,5.97,31.5,63.1,0.1098
50.9,3.39,70.9,62.1,0.0457
93.5,2.17,88.6,89.7,0.06
95.9,3.33,60.0,65.9,0.1133
90.3,1.12,88.1,81.3,0.0528
95.4,3.18,80.2,67.9,0.1067
75.5,4.73,58.0,65.4,0.0951
82.8,7.97,73.6,75.1,0.1036
113.5,2.63,77.3,82.3,0.0963
117.1,6.73,57.4,81.7,0.1261
51.8,9.24,93.5,89.7,0.2036
67.6,5.49,54.4,99.4,0.0442
81.0,9.67,80.8,80.1,0.2285
74.3,3.78,87.1,74.3,0.0941
51.1,3.43,48.6,99.8,0.0038
91.4,3.48,93.0,99.3,0.0623
63.6,7.11,62.7,76.2,0.076
111.5,6.38,87.0,76.0,0.1519
108.5,8.09,87.2,73.8,0.2755
74.3,3.39,60.3,64.4,0.0755
101.1,8.69,40.1,70.0,0.0878
91.0,6.52,69.2,92.9,0.0884
80.6,3.85,70.8,61.5,0.0924
97.2,1.8,73.5,94.6,0.0636
68.7,7.15,36.8,67.2,0.065
72.7,9.33,55.4,69.6,0.1004
102.4,1.41,40.7,82.7,0.0773
82.0,9.77,49.0,85.2,0.0692
69.8,5.25,64.0,60.8,0.0981
91.1,8.24,42.1,66.3,0.0978
55.9,2.27,59.9,89.7,0.016
65.9,9.45,69.4,71.2,0.1123
77.0,8.38,53.3,82.2,0.0941
117.4,2.67,59.1,78.7,0.0994
101.3,2.59,66.6,83.0,0.0937
100.3,4.1,56.4,98.2,0.0544
108.2,3.64,92.8,98.0,0.0963
88.6,6.43,59.7,86.9,0.0842
116.5,7.38,51.8,82.9,0.1415
64.5,8.6,62.2,96.1,0.049
117.1,7.14,55.3,72.3,0.124
56.2,1.2,68.9,71.8,0.036
71.8,7.76,76.7,94.6,0.1895
119.2,8.57,91.8,88.2,0.2457
61.6,8.12,71.8,61.1,0.09
51.5,2.44,62.3,93.7,0.0238
89.2,3.35,37.1,78.6,0.0679
66.1,9.62,88.7,96.9,0.1928
56.7,9.96,85.6,83.5,0.1755
56.7,4.83,58.5,98.2,0.0078
71.3,4.06,60.2,84.4,0.0634
72.8,2.54,90.6,80.2,0.0691
117.0,2.33,69.9,71.0,0.1028
61.3,4.01,69.7,61.3,0.0662
106.6,9.7,33.0,93.9,0.0906
74.2,6.46,40.3,99.9,0.0447
59.6,7.3,67.5,92.8,0.0208
52.8,7.08,78.8,66.3,0.2003
110.0,6.48,51.1,70.2,0.115
63.2,7.48,52.9,63.3,0.066
66.0,2.83,58.6,66.5,0.1012
83.3,9.21,69.7,66.1,0.1349
119.1,6.82,45.2,70.5,0.1136
79.6,4.67,39.0,83.5,0.0544
64.3,9.1,57.9,72.1,0.107
93.2,8.1,73.9,69.2,0.1011
89.6,9.95,32.6,97.5,0.0754
95.4,8.65,51.4,99.0,0.1161
67.1,5.76,52.8,78.2,0.0565
90.3,9.59,65.2,94.7,0.0933
107.4,6.64,30.7,97.9,0.0461
82.7,8.47,59.7,78.5,0.1007
64.3,3.62,85.3,95.4,0.0633
108.6,8.32,74.0,93.8,0.091
88.5,9.14,86.6,89.9,0.2336
88.5,8.1,49.5,76.0,0.0955
69.0,1.9,41.9,72.4,0.0329
111.7,5.11,57.7,97.4,0.0628
101.3,7.78,80.7,60.3,0.2656
109.8,2.32,51.6,76.8,0.134
119.2,8.33,41.2,82.1,0.1246
72.1,1.27,68.6,91.2,0.0502
68.0,1.18,47.4,60.4,0.0591
73.1,8.96,51.3,68.8,0.1041
61.6,8.58,51.2,77.6,0.0669
78.8,7.8,77.5,89.4,0.1835
83.6,9.89,47.6,92.7,0.1076
97.2,4.44,72.3,82.4,0.1061
55.4,7.2,77.3,92.7,0.1504
104.9,5.75,43.7,87.6,0.0665
75.1,4.66,71.0,82.1,0.099
87.2,9.3,36.6,60.6,0.1408
106.0,7.39,57.0,76.7,0.0986
89.3,7.16,82.6,78.0,0.2254
63.3,1.04,94.5,82.6,0.0271
92.2,5.51,92.5,85.8,0.1142
65.6,5.24,88.5,98.0,0.0634
55.6,5.69,78.4,73.9,0.0866
116.0,9.14,48.6,84.3,0.1243
76.5,1.42,79.1,95.3,0.0605
88.7,9.57,82.1,93.9,0.2131
73.9,9.12,51.5,69.7,0.0619
92.7,8.07,57.5,77.0,0.1185
73.2,8.29,94.8,60.5,0.2536
107.7,9.94,33.9,65.9,0.1311
65.9,6.84,82.9,65.1,0.0949
112.4,5.05,33.3,95.3,0.0783
73.7,2.94,72.8,81.9,0.0547
59.9,1.92,79.2,64.1,0.0934
59.3,9.48,60.5,65.2,0.0846
92.9,7.7,67.3,64.4,0.1047
87.7,1.36,37.3,90.2,0.0514
105.1,4.53,84.6,83.2,0.1129
62.9,7.15,77.3,90.0,0.1925
114.4,1.03,65.7,91.7,0.0766
103.0,6.63,77.4,95.5,0.1076
118.3,2.9,88.2,89.5,0.1014
80.1,5.42,65.3,60.4,0.0816
67.4,3.57,81.9,77.6,0.0417
101.7,5.01,49.3,79.2,0.0995
113.3,1.08,88.5,62.5,0.1416
71.0,6.05,65.7,61.7,0.0922
66.7,1.56,30.5,87.2,0.0094
60.3,7.82,66.8,93.7,0.0555
100.2,3.23,55.6,62.5,0.1231
70.6,7.69,30.1,88.8,0.0295
90.4,5.13,60.5,91.3,0.0566
81.1,2.5,31.1,82.7,0.0443
56.5,2.23,37.1,93.8,0.0214
76.8,1.35,42.9,61.1,0.0785
75.9,4.27,76.7,99.1,0.0773
77.1,6.6,70.6,83.6,0.0957
115.7,6.34,76.7,60.9,0.1376
112.0,6.97,89.4,98.7,0.1082
96.4,2.11,76.5,75.2,0.0817
114.3,9.83,46.9,84.4,0.1216
114.9,2.55,50.0,96.2,0.0559
116.1,9.61,66.5,67.6,0.1579
103.1,9.5,80.7,89.4,0.2486
89.1,9.7,36.3,74.0,0.1256
62.8,3.26,89.3,74.2,0.0655
62.7,7.1,91.2,70.1,0.1922
93.9,7.48,68.7,85.1,0.1298
50.9,3.85,58.5,99.8,0.0233
55.9,3.48,31.2,84.2,0.0287
67.8,5.49,94.2,74.5,0.0968
90.9,6.37,31.9,67.4,0.0754
117.3,4.01,88.5,71.6,0.1507
82.8,3.28,86.0,93.6,0.0854
64.8,6.93,39.9,77.3,0.0597
72.7,1.91,84.4,76.4,0.06
59.0,7.86,54.8,83.0,0.0549
65.7,6.31,30.8,78.7,0.0336
102.4,2.19,36.5,88.0,0.0727
56.6,7.55,54.9,83.0,0.0505
60.9,4.72,49.2,67.4,0.0873
91.8,4.64,33.8,90.7,0.0604
58.6,2.13,69.1,86.6,0.0402
94.4,1.62,49.3,66.3,0.0887
118.0,5.57,38.4,73.7,0.1235
117.3,6.9,81.1,79.3,0.136
51.8,9.88,69.5,64.1,0.1088
99.8,5.77,94.8,66.7,0.1259
96.5,7.59,92.3,65.5,0.2577
81.3,1.84,66.3,77.5,0.083
69.4,8.09,63.7,96.6,0.0922
81.6,6.09,49.1,71.1,0.0976
69.3,5.57,82.3,86.5,0.0685
50.4,2.19,85.4,78.5,0.056
102.0,5.02,70.1,93.8,0.0853
106.3,5.61,70.9,96.6,0.0934
115.6,7.12,89.8,68.5,0.2741
54.8,7.59,36.5,82.0,0.0532
91.1,8.34,82.7,82.3,0.2077
106.9,5.27,69.8,72.4,0.1108
77.0,6.65,73.1,87.2,0.0933
116.0,9.79,71.4,69.3,0.135
66.2,9.22,50.0,96.8,0.0727
68.3,2.37,68.2,60.8,0.068
103.7,9.07,50.4,84.0,0.1101
56.5,2.53,43.5,73.9,0.0441
62.6,1.02,66.3,81.4,0.0523
88.9,8.69,54.6,66.4,0.0889
88.3,3.45,84.4,65.2,0.1224
97.3,4.42,74.5,82.0,0.0936
62.9,2.66,61.4,73.0,0.0531
84.2,3.86,92.8,84.6,0.081
97.2,4.16,36.3,82.2,0.0415
80.0,5.96,83.7,89.5,0.0986
70.0,8.78,72.1,68.9,0.073
87.1,7.53,31.5,90.9,0.0804
106.6,5.99,38.8,89.0,0.0844
61.5,2.69,78.2,74.5,0.0491
109.1,4.09,49.1,97.9,0.0572
82.3,9.92,80.6,82.1,0.2558
95.8,8.18,67.4,60.2,0.1287
92.5,7.04,61.4,63.9,0.1051
112.8,3.46,67.3,77.0,0.1008
102.0,6.93,78.3,90.0,0.1152
82.1,5.16,86.3,73.4,0.1022
57.1,5.36,55.3,90.9,0.0479
111.4,7.01,55.9,92.4,0.1199
112.3,1.22,40.2,69.6,0.0748
88.5,3.09,35.4,96.6,0.0505
93.5,9.83,69.3,64.8,0.1479
68.8,2.23,92.8,87.5,0.0605
101.6,1.22,54.6,77.7,0.0832
77.1,8.18,36.0,67.4,0.0752
93.8,9.98,47.1,74.5,0.1249
118.1,8.09,94.2,74.9,0.2681
118.1,8.05,90.7,95.0,0.2607
56.9,2.8,79.9,63.5,0.0662
75.1,4.3,81.5,76.0,0.0763
99.0,7.59,52.8,93.8,0.1009
83.9,2.19,51.7,93.8,0.0508
95.7,6.14,94.7,77.3,0.1302
61.4,6.79,51.9,75.9,0.0846
87.4,3.86,35.9,77.6,0.0895
117.8,2.35,94.5,90.6,0.0943
62.5,4.14,52.3,68.2,0.0799
78.4,9.95,55.8,71.1,0.0794
110.1,9.86,46.7,81.1,0.1058
82.9,7.43,76.0,60.7,0.2658
56.4,7.87,92.1,81.8,0.1694
68.4,8.09,69.7,74.6,0.0854
107.5,3.07,38.0,75.9,0.0787
81.8,4.05,82.0,97.7,0.0604
77.5,2.15,39.6,97.9,0.0463
64.8,8.75,87.2,62.5,0.2331
51.7,8.87,91.4,86.1,0.1823
55.1,2.39,36.9,97.0,0.0096
101.3,7.17,41.2,94.7,0.0954
74.7,3.18,94.4,71.2,0.0827
59.8,7.39,58.9,79.8,0.043
119.5,9.05,90.4,66.2,0.2674
70.7,3.5,48.0,84.2,0.0339
62.3,8.5,49.9,60.8,0.0877
80.6,9.96,67.1,78.6,0.1027
55.4,2.58,81.6,95.1,0.0163
59.7,3.86,57.1,68.5,0.0592
99.8,3.53,30.2,61.1,0.1037
113.8,6.45,51.2,76.3,0.1326
113.4,5.34,64.2,87.2,0.1005
86.8,6.61,92.6,69.9,0.0922
60.5,9.82,48.7,90.4,0.0641
116.6,9.95,85.1,89.0,0.2765
85.1,7.71,66.8,62.5,0.1324
83.8,1.18,45.6,90.1,0.0467
98.5,8.59,30.0,75.2,0.0798
94.6,1.35,51.8,64.8,0.0887
101.6,1.61,88.9,73.3,0.0995
68.1,8.14,88.3,70.0,0.22
95.5,4.0,88.1,67.9,0.1008
74.0,6.83,31.5,89.7,0.0534
73.5,9.63,69.7,80.9,0.1155
110.6,1.57,75.8,72.9,0.0979
54.2,7.29,50.0,97.7,0.0511
55.6,3.98,79.7,84.1,0.0496
101.2,1.67,46.5,85.2,0.0812
53.9,7.48,37.5,66.8,0.0628
108.1,6.7,36.9,60.2,0.1128
102.4,8.8,45.8,97.3,0.0611
64.2,7.69,42.4,65.5,0.0519
74.5,1.25,55.5,91.2,0.0508
93.4,2.47,35.2,62.5,0.1006
99.9,2.16,53.9,79.2,0.092
75.4,5.76,49.7,89.8,0.0662
107.6,8.88,52.9,78.4,0.1147
104.1,6.68,60.5,66.7,0.0989
57.8,2.39,50.8,79.8,0.0153
101.9,9.4,66.9,80.4,0.1221
113.8,6.01,86.5,65.7,0.1072
93.7,8.22,70.1,72.5,0.1137
112.4,9.7,63.7,86.2,0.1346
103.8,2.91,83.6,60.8,0.1425
60.8,6.84,49.0,84.2,0.0685
113.2,7.92,70.3,78.2,0.1294
57.8,8.64,52.9,92.1,0.0796
65.2,6.76,57.9,64.6,0.0888
117.4,3.46,46.9,98.9,0.0759
105.4,3.57,63.5,67.8,0.1089
75.3,5.79,67.9,67.4,0.1157
104.7,8.16,32.9,82.4,0.1053
80.8,2.64,88.1,87.7,0.0776
68.6,5.88,39.9,63.1,0.0776
75.5,4.48,79.1,64.1,0.0685
76.2,4.02,65.8,62.4,0.0728
112.8,4.26,35.2,94.4,0.0767
94.1,7.15,88.8,67.1,0.239
100.1,3.81,63.6,65.1,0.1008
119.7,5.41,60.8,85.1,0.1354
67.9,5.03,71.7,94.9,0.0534
110.7,9.18,30.9,84.1,0.1392
60.1,8.77,75.2,97.4,0.1891
85.5,1.65,72.6,65.6,0.0686
87.7,6.36,89.7,87.6,0.1087
61.4,4.43,77.6,80.5,0.0867
65.0,3.18,80.7,65.6,0.0814
96.5,9.96,39.0,66.7,0.1192
86.5,3.41,58.8,60.6,0.103
70.2,7.01,77.1,89.9,0.1813
70.4,2.74,41.5,74.7,0.0811
95.4,4.6,72.0,80.3,0.0815
101.6,8.12,39.0,80.9,0.0801
90.7,6.84,35.6,80.4,0.0842
103.0,8.87,63.1,82.1,0.1209
69.3,7.05,90.4,85.9,0.2214
88.2,9.16,44.3,82.0,0.0681
66.1,5.89,45.1,70.8,0.0612
86.0,6.75,70.7,66.7,0.1061
78.9,1.74,53.1,89.5,0.0333
94.5,1.79,56.8,87.2,0.0508
69.3,4.84,81.3,81.4,0.0736
58.4,5.86,47.9,68.2,0.0644
53.7,2.33,80.3,83.3,0.0302
93.2,4.53,86.4,72.4,0.1251
103.3,5.28,85.6,94.9,0.1
71.9,4.5,86.5,66.6,0.0886
59.5,2.88,49.8,62.8,0.0425
86.9,8.15,70.6,92.7,0.0886
96.3,5.24,58.6,63.0,0.0845
114.3,6.03,61.8,65.7,0.1289
107.0,1.76,90.8,91.4,0.0991
81.7,1.81,31.3,87.0,0.026
73.0,3.91,31.0,74.0,0.0462
82.8,2.9,30.5,79.0,0.0521
62.5,3.48,38.0,73.0,0.0259
67.3,2.21,36.2,77.6,0.0523
53.8,3.95,88.6,62.9,0.0551
57.1,8.75,52.5,75.8,0.0728
75.5,2.62,82.3,87.7,0.0818
118.0,5.28,68.8,87.9,0.1123
87.7,3.78,93.9,74.3,0.1047
55.3,8.37,86.1,95.8,0.1901
117.6,4.3,58.4,64.1,0.1255
82.5,6.24,57.0,78.7,0.0795
77.0,1.4,44.1,83.7,0.0488
109.1,7.05,56.8,93.4,0.0834
81.8,3.53,56.2,98.7,0.0497
76.4,7.6,91.0,84.6,0.2092
55.4,1.78,67.7,90.4,0.0393
113.4,5.07,66.3,71.2,0.1339
110.7,6.49,54.4,88.8,0.0764
104.9,2.78,77.4,80.8,0.1207
79.1,9.98,83.0,61.2,0.2465
113.8,6.97,42.4,79.9,0.1258
86.0,6.18,92.9,94.1,0.1252
87.2,1.92,65.4,70.8,0.0885
117.0,1.07,66.5,91.0,0.071
98.9,1.08,72.5,70.7,0.1063
60.4,4.72,39.8,91.5,0.0269
103.7,9.44,72.5,69.5,0.1408
61.9,9.58,83.7,63.6,0.1989
64.8,4.93,55.9,84.2,0.0504
91.4,7.84,80.6,68.5,0.2392
98.3,3.72,86.2,83.5,0.0907
119.9,9.72,70.5,95.7,0.1053
79.5,7.53,79.9,62.1,0.2401
86.1,2.0,46.4,95.9,0.0671
72.9,6.89,90.0,68.9,0.1002
109.4,7.9,77.9,84.4,0.2702
106.3,5.77,53.2,87.6,0.1011
117.0,4.27,58.3,90.2,0.0856
96.1,7.16,84.5,95.4,0.203
72.4,3.97,48.2,82.0,0.0626
57.0,5.74,61.4,65.0,0.0632
107.6,8.4,41.2,84.7,0.0986
50.1,2.38,49.4,78.0,0.024
50.5,9.76,92.7,80.2,0.2099
81.0,9.62,81.3,67.1,0.2606
107.6,2.15,57.0,76.7,0.0699
60.7,1.31,57.0,92.3,0.021
111.4,3.94,49.1,61.9,0.1367
97.0,4.65,48.8,77.1,0.0762
107.3,4.86,82.3,99.8,0.0775
57.5,5.44,81.9,92.4,0.0351
91.4,9.36,65.3,73.8,0.1359
81.4,6.67,64.3,96.4,0.0628
90.8,5.98,63.2,92.7,0.0667
73.9,8.13,77.9,62.8,0.2282
71.3,2.93,87.5,95.8,0.0541
59.3,1.73,41.8,86.7,0.0132
98.2,5.64,91.9,72.2,0.1312
55.7,5.27,57.0,69.5,0.0711
53.8,5.47,32.0,86.2,0.04
61.4,1.4,81.9,79.6,0.0593
78.7,1.79,67.1,83.4,0.0783
78.7,6.05,78.5,82.7,0.0772
81.2,3.93,80.1,61.5,0.1038
68.1,4.15,86.7,85.3,0.0668
87.7,7.4,70.9,72.2,0.1226
105.8,1.96,53.8,85.4,0.1054
58.9,2.36,91.6,79.6,0.0237
95.3,5.45,65.1,98.0,0.0522
91.5,4.95,71.0,71.3,0.1203
83.8,3.65,52.0,71.8,0.069
50.3,2.63,36.2,95.4,0.0
81.3,2.79,38.5,61.4,0.0795
91.5,7.1,64.7,93.1,0.0812
74.6,5.33,70.6,62.0,0.1246
75.5,4.07,93.6,95.9,0.0485
65.7,4.67,71.6,90.5,0.0539
89.7,7.59,78.8,100.0,0.1853
96.9,5.38,93.5,81.1,0.0959
88.6,6.2,43.2,84.2,0.0495
83.3,1.48,94.5,86.1,0.0418
75.1,6.24,64.9,71.7,0.0887
93.7,6.51,75.6,94.1,0.0829
98.5,9.44,39.2,97.4,0.0889
116.2,8.74,87.4,99.2,0.2527
119.8,7.85,42.2,72.8,0.1121
112.5,5.06,86.3,96.2,0.1104
101.0,4.06,58.0,75.3,0.0948
119.6,6.47,92.6,66.5,0.1637
58.3,4.43,61.8,73.4,0.0282
93.9,4.15,79.0,79.1,0.1048
57.4,8.53,86.6,72.3,0.2095
74.5,2.66,54.2,97.1,0.0505
53.7,4.61,84.9,71.1,0.0636
88.3,2.35,74.9,81.5,0.042
64.3,8.51,37.6,84.5,0.1028
101.9,2.1,84.4,83.3,0.0676
51.7,3.22,43.2,72.2,0.031
102.6,3.14,56.5,61.1,0.1135
95.8,4.51,78.3,88.5,0.0911
102.5,1.16,57.1,73.8,0.0841
103.2,7.75,46.1,69.0,0.1386
117.7,1.39,54.6,96.1,0.0731
112.7,4.19,34.6,94.5,0.0569
102.7,1.24,81.6,97.3,0.0694
103.5,6.83,80.0,88.5,0.1008
61.3,8.66,69.7,64.2,0.1091
92.0,6.76,56.8,71.7,0.0978
95.4,4.65,46.2,76.6,0.107
86.8,3.04,39.8,60.1,0.0818
67.2,7.78,68.0,77.3,0.0659
110.2,5.38,80.5,79.7,0.1444
109.2,6.79,47.4,64.4,0.1244
109.9,1.86,74.9,91.2,0.066
106.0,6.39,81.8,92.9,0.0944
79.5,1.87,35.3,99.3,0.036
68.9,3.72,88.1,86.2,0.0775
92.3,3.04,30.9,61.3,0.0919
106.7,1.27,91.9,70.8,0.1018
69.7,8.09,94.0,78.3,0.2244
117.0,1.46,36.6,77.0,0.0811
108.8,4.69,74.1,78.0,0.1154
99.4,5.23,63.6,87.1,0.078
93.2,5.61,55.0,84.7,0.1093
52.3,3.87,36.8,81.4,0.0436
56.9,5.62,73.4,94.3,0.0529
102.0,1.34,92.2,87.5,0.1022
96.7,2.07,68.3,89.4,0.0698
77.4,5.68,43.4,92.6,0.0419
101.8,5.22,75.5,72.4,0.1101
77.3,5.27,30.4,62.8,0.0787
76.0,6.86,79.2,67.9,0.1022
55.3,3.57,84.2,90.9,0.0608
111.7,9.63,66.0,100.0,0.0956
51.9,7.3,56.0,75.5,0.0494
104.7,4.48,61.1,91.4,0.0882
108.4,5.52,69.1,62.2,0.1404
66.5,5.42,89.4,71.2,0.0588
107.1,1.06,83.9,91.2,0.0563
118.8,6.48,70.8,97.9,0.0863
92.2,9.1,46.9,78.7,0.0746
76.1,3.79,44.8,87.8,0.0651
77.3,4.29,62.5,67.0,0.0928
102.9,8.42,52.3,84.3,0.1146
54.7,1.75,71.6,62.1,0.061
66.4,6.01,77.9,82.5,0.0755
50.4,9.29,73.8,68.0,0.0484
100.1,1.32,86.0,73.2,0.1134
116.2,2.46,38.6,72.8,0.09
106.7,7.59,36.7,81.6,0.0998
116.8,2.03,74.0,99.9,0.0959
53.9,7.03,39.4,88.1,0.0347
103.0,7.44,66.1,75.9,0.084
113.9,1.37,53.7,85.4,0.0943
93.1,6.75,35.0,92.3,0.0651
74.0,6.83,85.6,85.8,0.0754
106.6,3.32,80.5,84.0,0.1152
90.4,2.3,78.9,68.1,0.0923
85.4,6.66,59.5,79.2,0.0713
116.2,1.8,69.4,93.2,0.0588
111.0,5.11,52.3,94.4,0.0843
79.8,1.84,85.6,65.5,0.0701
97.6,9.86,63.1,62.0,0.1473
88.9,5.29,48.9,76.0,0.0728
100.0,2.8,50.0,95.9,0.0883
101.1,3.09,42.6,84.1,0.0701
113.6,7.2,93.6,79.1,0.2624
106.1,2.33,73.5,66.4,0.1016
116.0,6.58,83.7,73.8,0.1329
60.7,7.37,44.5,85.1,0.0557
95.5,3.88,56.0,83.0,0.0758
67.7,6.32,87.8,89.1,0.1046
117.5,7.12,89.7,91.2,0.2759
70.0,8.38,52.4,99.0,0.0436
80.6,4.79,54.8,97.5,0.0532
85.1,5.65,40.7,77.7,0.0826
64.9,1.02,63.6,97.3,0.0179
97.2,2.73,57.9,97.0,0.0714
109.5,6.26,50.8,63.1,0.1444
70.9,6.24,67.8,85.3,0.0655
115.9,7.68,83.3,77.0,0.2669
113.1,1.03,37.9,86.2,0.0697
55.2,9.88,66.0,71.1,0.0831
80.4,1.78,67.6,70.1,0.0696
93.2,1.93,55.0,77.5,0.0893
96.2,6.7,79.3,60.0,0.1187
116.5,2.0,61.3,87.0,0.0934
66.1,9.9,74.5,81.9,0.0911
78.4,2.19,31.1,93.9,0.0279
79.8,4.31,58.7,95.3,0.0573
84.2,9.57,76.8,99.7,0.2224
112.5,6.66,83.2,77.6,0.1499
64.4,4.14,88.0,81.1,0.0841
86.5,8.54,87.9,80.4,0.2681
117.7,9.71,36.3,62.3,0.1399
63.7,9.8,91.9,66.6,0.208
84.2,2.77,57.7,77.7,0.0912
117.4,3.0,51.6,79.3,0.0943
92.3,5.17,37.6,98.0,0.0646
91.2,2.17,83.9,66.0,0.1188
78.9,3.58,50.2,96.0,0.0422
93.8,8.74,79.0,90.2,0.2235
52.6,4.57,39.2,68.5,0.0193
111.8,9.35,43.5,86.2,0.1129
52.1,6.23,62.5,78.1,0.0481
105.2,7.72,65.7,86.7,0.1158
92.2,3.63,77.6,84.1,0.0897
90.1,5.41,72.8,69.9,0.115
70.6,2.81,45.9,69.3,0.0778
101.1,5.69,41.5,79.9,0.0774
72.9,4.69,49.8,99.2,0.0532
103.7,8.52,68.3,83.9,0.1171
119.7,6.45,57.4,99.4,0.1048
77.4,8.3,86.8,96.0,0.183
104.7,7.67,57.8,88.0,0.0903
59.8,6.22,90.0,65.7,0.0945
96.2,9.35,30.5,94.4,0.0708
68.2,8.45,81.8,96.6,0.2154
86.6,4.57,51.9,87.5,0.0715
54.3,2.05,93.8,72.0,0.0427
63.1,1.13,59.8,69.9,0.068
92.7,6.89,43.3,77.0,0.1045
115.1,9.45,66.9,72.7,0.1538
102.0,6.7,49.5,89.1,0.112
59.3,2.49,83.6,63.4,0.0901
79.1,9.05,81.8,97.2,0.203
105.4,7.38,57.6,99.3,0.0847
54.1,5.18,36.1,93.7,0.031
104.0,1.93,52.9,92.8,0.0626
51.5,6.24,90.7,72.9,0.0697
106.1,9.83,65.4,74.2,0.1263
81.3,2.16,78.1,80.0,0.0595
101.2,3.82,35.8,71.4,0.089
115.3,5.88,47.6,64.2,0.14
73.3,8.26,85.4,87.1,0.2242
81.6,2.74,94.7,80.6,0.0709
76.3,2.55,57.4,80.6,0.0534
55.7,6.54,67.7,89.8,0.0595
83.9,4.92,52.1,67.9,0.0969
81.5,7.45,69.9,82.7,0.1154
81.0,2.06,32.9,98.7,0.0145
99.4,5.67,43.2,61.4,0.1185
112.7,9.17,83.7,86.8,0.2583
109.3,5.7,87.2,63.2,0.1292
110.4,1.55,60.9,87.8,0.0762
108.8,4.98,31.9,63.2,0.1218
83.2,7.9,86.7,84.5,0.2047
64.5,4.77,62.8,88.5,0.0452
63.5,6.62,34.7,76.7,0.0433
100.5,8.9,60.9,80.4,0.1043
116.1,4.62,79.5,97.1,0.0785
94.8,3.58,85.8,67.9,0.1405
95.8,8.09,69.6,62.3,0.1594
78.1,4.55,90.2,62.6,0.0689
69.5,3.14,88.9,62.9,0.0602
106.9,4.6,66.9,81.5,0.0893
56.5,2.1,80.3,80.8,0.0341
116.7,4.89,30.9,76.8,0.1
88.8,6.89,52.0,83.3,0.07
115.4,7.81,70.7,90.7,0.1107
83.8,7.02,55.8,79.0,0.0771
53.9,7.9,47.3,95.9,0.0587
73.4,8.97,39.6,67.0,0.1012
74.3,7.09,32.9,88.1,0.0718
94.0,2.44,51.5,90.6,0.0569
63.4,4.67,37.1,95.9,0.0424
55.7,6.38,54.2,63.0,0.0882
99.4,8.38,51.3,69.5,0.1127
114.5,4.08,57.7,88.3,0.0883
110.2,2.4,47.3,64.8,0.0892
79.0,9.92,89.7,73.2,0.2541
50.1,4.54,66.8,90.8,0.0428
72.2,6.32,57.4,98.5,0.0501
109.0,9.4,37.1,98.0,0.1012
84.5,4.37,89.7,96.7,0.0655
85.8,4.69,74.9,76.2,0.0833
79.5,3.39,48.2,78.4,0.0737
66.5,9.41,42.3,72.0,0.0625
108.1,5.31,76.8,96.0,0.118
80.4,6.86,91.2,78.9,0.079
81.1,7.74,68.9,81.0,0.0965
53.8,5.79,56.4,76.3,0.0581
64.9,7.34,75.4,73.7,0.1881
66.5,1.92,53.8,85.3,0.0554
55.5,3.95,84.4,67.0,0.0647
88.2,1.98,94.2,85.5,0.0911
74.8,1.12,37.9,92.2,0.0208
63.0,4.36,89.9,66.8,0.0891
106.5,9.53,34.2,99.8,0.1039
76.9,6.31,90.3,87.8,0.0939
70.8,8.99,36.4,95.9,0.0194
105.8,8.53,82.4,88.1,0.2449
88.3,9.69,64.5,63.9,0.1143
113.4,6.45,86.2,80.7,0.1419
114.4,1.47,56.6,75.4,0.1114
51.9,8.4,67.1,82.5,0.077
73.9,7.66,51.6,69.0,0.0829
88.9,7.63,62.1,76.9,0.1154
55.8,4.06,42.8,71.8,0.0252
116.0,9.56,37.9,85.0,0.109
69.4,7.76,53.9,98.5,0.0488
97.3,5.31,79.7,96.6,0.0944
116.9,6.37,30.8,89.8,0.0906
87.4,6.92,89.9,65.4,0.1132
100.7,6.96,53.7,86.5,0.0911
89.4,2.73,62.9,83.0,0.0849
73.7,6.04,47.9,94.7,0.0545
64.6,3.63,31.8,96.8,0.015
62.0,9.0,30.1,89.7,0.0579
99.9,2.97,69.8,68.2,0.09
66.6,1.48,39.6,90.0,0.0085
115.3,5.26,62.5,64.1,0.1331
89.0,8.97,79.4,64.5,0.304
82.2,8.22,74.0,76.4,0.0901
51.2,5.4,90.9,64.0,0.0777
114.1,8.38,43.3,93.9,0.1053
94.0,7.67,83.7,73.4,0.2048
114.2,6.32,36.9,61.0,0.1351
86.1,5.06,77.8,66.5,0.0862
70.4,9.68,79.9,65.8,0.222
77.7,7.46,37.7,66.9,0.0714
51.3,2.69,47.4,96.1,0.0097
101.4,4.82,84.1,62.4,0.1202
114.7,8.19,76.3,74.9,0.2451
110.6,3.49,64.7,61.9,0.1139
72.7,6.76,50.8,94.1,0.0754
60.7,9.31,66.8,68.2,0.1139
99.4,5.08,65.7,70.8,0.1052
116.5,8.24,72.2,97.1,0.1073
105.7,9.48,43.0,99.1,0.0869
89.9,8.07,88.7,62.5,0.2207
116.3,5.24,58.4,77.4,0.1283
54.7,2.72,55.4,93.3,0.0323
63.5,9.84,45.7,88.8,0.0721
111.5,3.95,40.6,77.5,0.0844
111.1,1.35,73.5,87.1,0.0556
72.6,9.64,30.5,98.1,0.049
95.6,8.69,45.2,82.3,0.1068
82.0,4.66,44.2,86.9,0.0516
83.8,4.61,46.4,78.6,0.0841
99.6,6.38,48.6,73.8,0.1026
57.9,3.69,72.3,78.2,0.0445
56.3,1.56,31.0,97.4,0.0265
99.6,6.22,63.2,80.2,0.1155
89.8,2.27,43.1,86.5,0.076
53.1,3.61,53.9,96.1,0.0145
117.0,2.32,69.8,85.9,0.1044
113.0,1.75,93.0,84.5,0.1061
52.9,9.74,41.3,67.1,0.081
53.6,9.17,67.6,83.9,0.0538
98.7,3.09,89.6,88.0,0.0804
53.5,1.46,49.6,96.7,0.0365
74.8,7.66,84.3,99.8,0.1752
54.8,6.26,51.7,64.5,0.0862
99.8,8.77,80.0,91.5,0.2273
83.8,8.3,45.9,83.5,0.085
73.7,6.97,43.9,90.6,0.0618
79.0,9.92,65.5,82.8,0.0831
108.3,5.32,30.2,73.4,0.0903
77.4,7.94,39.2,91.9,0.0446
66.1,6.63,57.9,78.4,0.0728
108.4,1.83,65.3,96.1,0.091
60.3,8.75,33.5,92.2,0.0161
91.6,6.36,53.2,100.0,0.0858
108.9,3.01,90.6,79.8,0.1239
80.9,1.13,58.4,98.6,0.0432
93.9,2.4,32.9,94.5,0.0589
69.7,7.75,49.6,64.5,0.0998
89.1,1.15,74.1,73.7,0.0546
64.4,8.09,65.8,83.1,0.0565
87.9,9.89,32.0,61.6,0.1028
61.7,9.1,71.7,65.5,0.0922
78.0,3.81,72.5,85.1,0.0904
97.2,6.97,57.5,86.8,0.1203
68.8,1.06,37.5,76.2,0.0589
94.0,7.39,47.9,72.9,0.0871
99.2,2.02,83.4,73.9,0.082
63.1,8.65,57.1,87.0,0.0727
85.6,1.82,48.5,88.1,0.0377
107.0,2.77,65.9,95.3,0.0811
89.5,1.1,36.4,86.7,0.0596
83.0,2.29,57.0,97.8,0.0514
51.0,8.01,59.7,80.0,0.0696
71.2,4.48,88.1,64.0,0.1071
103.4,1.95,34.8,97.3,0.0661
116.8,7.64,90.3,89.0,0.2478
57.2,5.88,52.0,69.1,0.0858
61.6,8.31,84.0,90.8,0.2147
72.4,9.19,69.9,63.2,0.116
63.8,2.46,39.7,84.8,0.048
70.3,8.65,92.2,64.4,0.2351
57.6,4.96,49.1,87.5,0.0404
67.8,2.53,89.5,88.9,0.0935
88.3,4.89,42.8,62.4,0.0865
79.2,8.64,83.6,73.2,0.2253
68.8,9.6,84.9,73.1,0.2003
67.5,6.16,51.9,84.9,0.0644
95.2,8.57,40.9,95.9,0.0972
79.9,4.16,57.6,65.5,0.0811
62.9,8.11,69.1,68.2,0.0879
99.4,4.4,40.1,97.1,0.0653
91.9,5.83,54.7,61.6,0.0759
86.2,7.05,83.2,89.7,0.1971
54.7,4.01,74.3,83.7,0.0519
119.7,3.93,89.5,99.3,0.106
91.4,9.43,59.5,67.5,0.1328
70.6,5.78,77.3,86.8,0.072
110.7,5.47,71.9,80.3,0.11
77.0,5.0,54.8,91.4,0.0428
81.3,6.63,59.4,76.8,0.1217
93.7,9.18,49.1,67.4,0.1275
111.2,4.26,62.4,99.2,0.0922
102.1,8.92,35.8,82.4,0.1156
118.5,2.95,75.2,84.1,0.1144
110.4,3.19,67.3,67.6,0.1309
84.7,4.19,40.5,63.8,0.1024
101.1,4.4,73.8,67.5,0.1046
117.1,2.43,61.9,98.0,0.0902
66.4,1.06,71.1,70.4,0.0826
90.7,1.24,88.3,74.7,0.0621
79.6,5.16,57.4,61.2,0.0843
87.7,5.97,91.7,70.8,0.1049
114.9,8.42,45.1,78.6,0.1264
90.5,8.9,92.9,90.5,0.2335
83.4,4.27,88.0,95.4,0.077
55.4,7.24,89.1,73.9,0.2043
64.0,6.66,90.8,91.1,0.055
93.4,4.68,68.1,95.4,0.0776
74.9,7.56,77.7,86.4,0.2307
112.1,9.49,56.2,74.4,0.1308
85.2,3.3,64.2,70.6,0.06
113.2,2.15,91.8,93.4,0.1044
91.8,7.2,38.5,97.2,0.0551
66.3,8.8,52.4,71.1,0.0889
79.1,7.35,65.3,60.9,0.1056
70.0,1.07,73.9,80.2,0.0531
64.7,1.24,52.4,86.2,0.0297
81.0,6.84,52.6,63.9,0.1029
101.2,3.36,36.1,85.9,0.1095
62.8,8.73,85.4,63.0,0.225
54.9,5.29,32.1,72.6,0.0389
119.3,7.75,75.8,65.6,0.2453
116.5,8.95,45.9,84.2,0.122
96.3,7.98,36.3,63.4,0.1081
66.5,9.62,45.7,74.6,0.0634
87.0,5.53,71.8,93.0,0.0647
52.4,1.72,41.5,78.1,0.0547
85.3,7.87,50.9,89.3,0.0909
73.8,7.54,55.6,96.3,0.0565
100.7,4.58,54.8,64.3,0.0908
87.5,4.53,42.8,71.9,0.0777
87.5,5.87,93.8,70.2,0.12
50.3,5.76,59.8,98.6,0.0319
55.5,5.15,81.2,72.0,0.0702
70.2,8.0,88.2,67.0,0.2285
103.6,6.39,46.0,75.8,0.0995
99.2,4.47,58.6,68.1,0.1069
57.4,8.87,32.3,64.1,0.0822
71.8,5.85,82.1,60.1,0.1069
82.9,1.43,48.5,94.5,0.0591
62.1,2.31,91.6,83.8,0.0472
100.4,2.33,73.7,80.4,0.0917
65.6,7.59,91.7,82.6,0.1852
68.7,8.04,78.7,87.9,0.1985
77.9,1.22,68.2,70.9,0.1044
104.0,4.44,46.2,61.1,0.1231
90.0,8.78,49.8,85.9,0.0836
78.3,7.82,51.0,99.8,0.0642
98.4,2.65,66.0,82.8,0.0731
64.3,3.93,37.0,94.1,0.0282
114.5,4.72,46.0,64.4,0.122
79.9,4.6,87.1,93.8,0.0905
76.1,3.77,75.6,74.8,0.1047
118.7,3.67,51.8,72.4,0.0666
67.6,8.96,47.1,80.8,0.0495
89.9,2.84,92.8,68.0,0.1024
59.5,5.42,56.1,85.1,0.0729
55.0,6.5,38.0,62.4,0.056
74.8,2.56,55.4,62.7,0.0815
51.3,2.75,43.8,71.6,0.0378
87.4,9.82,75.8,78.7,0.2147
95.5,4.89,67.9,84.1,0.1028
58.1,5.9,42.4,81.0,0.0533
80.9,8.12,78.1,89.7,0.2275
71.1,6.22,73.1,69.4,0.084
86.4,1.68,68.2,69.8,0.0857
62.7,8.87,33.4,64.1,0.071
65.3,2.97,33.3,87.4,0.0263
106.0,5.25,55.8,82.0,0.0809
118.6,9.66,76.7,64.8,0.2759
118.6,7.56,62.3,71.9,0.1429
118.3,4.36,42.2,91.8,0.0718
116.5,2.23,50.4,70.4,0.1176
115.0,5.17,42.6,70.4,0.1052
90.1,4.73,88.9,86.8,0.0987
107.5,2.97,75.7,71.9,0.104
56.5,8.49,62.8,73.3,0.0695
54.7,5.47,30.9,86.8,0.0263
59.2,6.21,74.8,88.8,0.0483
82.6,1.44,42.7,66.5,0.025
104.6,5.51,68.2,78.9,0.1041
111.4,9.3,40.3,87.0,0.1233
55.1,8.09,81.0,97.7,0.1779
82.3,3.02,92.0,92.9,0.0585
73.2,6.79,91.4,83.2,0.0833
54.3,2.11,62.5,97.7,0.0006
60.5,1.65,60.9,60.7,0.0551
118.4,8.62,33.5,96.8,0.1018
100.9,1.08,32.8,62.8,0.0681
57.0,7.01,94.6,87.0,0.1889
55.7,9.42,59.2,64.1,0.0941
86.3,5.73,91.6,83.9,0.1277
108.5,5.57,65.1,86.9,0.0817
105.3,7.59,81.5,93.8,0.2412
107.5,4.85,48.9,88.9,0.0739
103.0,4.73,77.8,67.8,0.0989
55.0,5.87,30.5,63.3,0.091
61.8,4.84,41.1,70.4,0.0505
85.7,9.3,67.1,73.3,0.1033
62.4,6.52,61.0,96.1,0.0206
111.4,8.16,44.2,94.3,0.1029
85.7,4.75,73.7,60.7,0.1261
115.5,7.99,43.3,82.1,0.1057
52.6,6.92,48.0,70.1,0.0626
96.3,6.4,55.2,81.6,0.089
111.3,8.25,54.7,98.5,0.1051
51.8,1.02,34.4,86.7,0.0075
51.7,7.05,54.7,68.2,0.095
84.9,1.28,76.7,66.3,0.0867
97.6,6.98,57.0,73.7,0.119
91.7,4.31,60.0,77.8,0.0705
95.2,6.22,57.8,76.8,0.0694
62.2,2.97,81.1,79.7,0.085
98.9,4.37,38.6,99.0,0.0522
51.6,5.78,35.8,86.6,0.0287
109.1,3.59,87.5,86.0,0.0683
104.9,7.38,64.7,98.3,0.1017
90.8,1.03,85.3,75.5,0.0913
63.5,7.57,71.5,60.8,0.0977
89.6,3.54,32.8,72.5,0.0945
59.8,3.97,54.1,80.3,0.0442
77.0,7.97,72.1,97.5,0.0975
115.5,7.07,51.8,85.0,0.1214
94.0,6.09,53.6,81.2,0.0935
75.3,3.69,35.3,86.9,0.0307
65.8,9.7,34.1,81.7,0.0543
80.7,2.35,80.1,75.6,0.0789
52.9,8.39,46.7,68.2,0.105
54.1,2.87,57.9,72.8,0.0507
69.9,3.34,53.9,63.3,0.0574
84.6,5.8,60.6,72.8,0.1008
84.2,5.11,73.5,70.8,0.1001
59.2,4.89,76.7,60.4,0.0852
50.1,4.58,64.4,98.6,0.0542
60.7,3.87,75.0,80.2,0.0636
115.3,6.98,69.0,94.2,0.0845
52.2,6.67,90.7,96.4,0.052
92.6,4.07,84.4,99.3,0.0812
77.9,5.0,35.2,91.9,0.0503
84.6,4.74,37.8,65.7,0.08
81.7,4.44,81.9,82.5,0.1182
84.1,3.63,35.1,63.5,0.092
67.1,3.51,59.2,94.1,0.0332
116.8,8.62,73.7,75.9,0.1443
114.2,5.44,32.7,75.0,0.0952
75.5,8.07,73.0,63.4,0.1026
102.0,8.65,84.3,81.0,0.2418
78.2,7.74,83.9,84.0,0.2296
97.2,4.77,71.6,75.2,0.1046
115.3,5.73,91.9,62.1,0.173
108.3,7.19,78.2,67.3,0.286
79.6,8.94,80.2,79.4,0.2165
83.4,3.83,34.6,80.7,0.0498
81.9,6.94,47.6,70.7,0.0893
95.5,9.1,43.1,97.9,0.0607
111.2,1.33,93.3,86.6,0.0864
54.4,3.09,35.9,60.1,0.0525
53.0,5.7,45.6,72.3,0.0456
98.0,4.36,67.1,68.3,0.0975
53.9,8.76,48.4,84.6,0.0408
117.4,7.88,94.0,71.4,0.2724
102.6,1.67,92.9,84.4,0.0833
75.7,9.81,94.7,77.3,0.2297
74.9,1.2,75.7,70.8,0.0773
70.7,2.43,93.6,73.5,0.0864
92.9,1.0,80.5,63.7,0.0754
111.8,4.82,42.5,97.9,0.0895
100.5,9.51,45.9,87.2,0.1117
110.4,7.63,81.9,63.3,0.2615
69.9,8.48,65.2,73.5,0.1028
87.0,5.46,74.6,61.9,0.1334
118.0,7.09,42.3,78.2,0.1122
101.7,6.07,85.9,89.3,0.1078
92.7,9.2,30.7,97.8,0.082
100.4,1.13,63.6,61.9,0.0943
117.0,1.18,39.2,84.4,0.0739
60.7,4.27,65.4,91.2,0.0345
102.0,5.87,64.2,63.8,0.0858
59.8,9.19,50.4,79.2,0.0703
72.4,9.8,51.7,60.1,0.1071
111.2,7.29,53.0,93.4,0.1017
87.3,9.42,71.2,92.3,0.1209
62.9,2.02,47.8,82.2,0.0549
58.9,4.38,71.0,87.2,0.0655
83.8,1.61,67.1,97.2,0.0716
76.5,9.86,39.8,66.5,0.112
76.7,3.47,76.5,68.7,0.0559
112.1,2.35,84.5,84.4,0.0871
69.6,6.69,55.9,99.6,0.0375
74.1,4.33,34.2,76.7,0.0806
61.8,3.59,49.5,76.6,0.0218
75.2,9.34,70.3,80.5,0.0956
60.6,2.56,56.1,60.5,0.0515
86.2,3.56,87.1,67.3,0.1246
98.4,3.87,62.7,87.6,0.0787
62.0,3.42,82.7,73.9,0.086
63.0,9.44,72.6,66.4,0.0989
63.9,8.11,69.4,77.7,0.0744
55.2,5.84,33.6,93.8,0.0233
86.7,5.9,55.8,94.9,0.0555
58.7,4.22,75.8,72.7,0.0533
53.3,6.3,84.9,81.8,0.0771
76.2,9.06,43.9,67.2,0.0898
104.4,6.52,88.9,86.7,0.1094
66.3,1.8,39.4,81.9,0.0642
56.5,9.59,63.2,66.5,0.0977
51.3,4.7,73.3,76.9,0.0659
97.4,1.21,55.8,87.8,0.0583
115.2,5.21,45.8,85.6,0.0852
69.2,5.69,33.4,83.8,0.0415
95.7,5.56,63.6,93.3,0.0713
55.3,2.65,38.5,80.0,0.0403
77.6,6.56,49.5,60.1,0.1266
102.5,2.65,81.6,66.3,0.1217
67.5,9.2,80.9,94.1,0.1936
80.2,2.58,74.0,82.5,0.0787
116.2,8.03,70.9,60.9,0.1308
94.2,4.48,58.3,90.5,0.0813
86.5,5.18,92.5,65.0,0.133
51.2,7.04,81.6,99.1,0.1543
58.0,8.41,73.5,86.1,0.0882
68.7,1.28,35.1,64.2,0.0742
85.7,2.48,48.4,85.9,0.0671
75.4,1.59,85.4,87.1,0.0697
91.6,6.39,84.8,82.1,0.1163
118.6,4.25,67.6,97.4,0.0808
74.0,6.6,78.7,86.8,0.0741
78.6,4.93,75.3,64.7,0.0965
87.6,4.93,60.5,94.9,0.0716
68.8,5.86,42.1,71.2,0.0827
84.4,7.72,41.7,60.3,0.0867
67.2,5.27,37.1,85.0,0.0605
53.0,8.06,93.0,71.0,0.211
73.5,4.58,75.9,62.3,0.12
97.5,2.77,34.9,70.6,0.0691
60.6,7.86,76.6,94.1,0.1917
110.4,6.4,46.5,63.5,0.1229
100.7,7.11,71.4,98.6,0.1144
57.7,8.69,56.6,94.6,0.062
78.9,1.1,92.8,66.9,0.086
95.8,4.97,77.6,90.0,0.1147
81.4,8.84,34.3,90.8,0.0334
103.9,2.75,56.1,79.9,0.0798
117.5,5.74,71.8,97.4,0.0934
86.2,4.54,31.5,78.9,0.0488
89.1,8.98,31.6,86.7,0.0816
58.4,6.86,57.4,73.1,0.0635
98.0,4.16,58.5,86.6,0.0749
94.3,4.25,38.7,89.2,0.0466
56.0,7.35,86.5,66.5,0.2014
90.3,2.1,44.3,94.9,0.0702
61.8,2.19,94.5,71.9,0.1086
98.7,5.14,56.2,83.3,0.1074
71.0,5.48,44.1,99.7,0.0487
53.0,9.38,48.5,84.3,0.0438
102.0,2.33,76.2,64.3,0.1288
85.4,2.16,36.6,77.2,0.0586
58.5,6.39,58.8,83.2,0.0507
