feature_a,feature_b,feature_c,feature_d,target_value
80.5,26.63,5.78,2.1,51.53
80.79,49.09,6.83,3.45,73.04
51.53,28.22,9.71,3.71,61.09
28.58,40.73,4.84,4.92,40.68
5.39,3.4,7.96,3.41,26.98
38.34,43.3,8.43,1.98,62.44
40.85,47.45,7.58,3.41,57.68
4.53,42.06,7.48,4.74,55.35
4.88,1.0,2.06,2.44,19.83
99.92,8.12,2.28,1.33,37.93
65.24,2.15,5.25,3.93,39.93
23.45,12.82,4.18,1.51,28.4
43.49,12.32,2.72,4.94,32.18
97.42,39.13,5.06,1.29,73.14
89.77,16.73,4.61,1.98,53.46
84.42,11.19,8.18,3.33,54.38
39.24,15.74,5.86,1.65,34.14
49.3,10.02,2.88,2.69,32.85
67.67,47.37,1.65,2.07,53.61
6.08,33.28,2.6,3.83,30.9
55.56,3.92,0.19,2.37,24.5
27.15,26.03,8.58,2.22,55.12
87.97,14.25,4.92,3.53,54.13
6.42,24.04,7.64,4.88,38.49
67.92,29.27,8.55,2.06,63.87
87.01,6.2,5.78,3.92,55.8
22.73,35.2,4.96,1.88,42.26
89.54,11.54,1.81,3.2,44.79
87.22,26.43,8.39,1.38,61.44
1.85,34.29,6.99,3.42,38.6
70.75,41.84,3.74,1.68,61.49
0.12,14.77,9.29,2.34,45.89
50.34,25.44,4.02,1.1,35.13
43.67,3.28,9.76,2.18,41.49
20.33,7.2,0.78,3.86,25.66
32.49,16.49,1.56,2.34,26.62
80.62,18.16,4.0,1.8,45.37
31.65,15.07,6.71,3.26,33.2
14.9,1.16,9.87,1.54,23.58
69.85,27.09,5.47,2.41,59.29
44.85,27.64,6.06,3.17,53.86
79.89,16.06,5.18,2.88,51.57
23.55,39.49,8.78,1.16,57.85
31.98,43.24,4.28,4.82,52.96
79.99,49.46,9.01,3.39,86.08
50.71,33.01,6.65,3.92,60.63
50.64,22.03,8.09,1.06,45.94
23.62,7.26,2.99,1.95,23.92
1.45,32.04,2.73,3.97,33.88
93.32,23.06,5.89,3.92,70.45
8.58,6.57,4.19,1.96,16.85
84.49,48.63,6.5,4.25,73.28
36.79,13.75,1.68,4.13,28.83
95.1,32.67,3.83,2.11,57.63
39.94,38.55,1.51,3.0,50.99
93.64,25.65,2.91,2.13,65.27
55.62,34.89,4.81,2.45,52.84
24.01,48.69,6.36,2.52,48.78
74.14,38.0,7.38,1.15,56.8
67.44,0.42,3.17,1.64,40.63
68.42,3.62,1.28,2.6,38.82
46.38,47.53,4.96,1.72,53.44
22.19,10.3,1.1,1.8,21.54
64.09,8.9,3.35,1.67,36.44
10.71,17.37,8.06,4.05,45.53
69.22,39.1,2.7,2.36,54.3
63.54,25.99,8.84,4.69,62.84
37.65,14.78,4.74,3.62,37.46
79.85,12.05,3.82,1.9,40.93
19.4,10.16,7.31,4.81,35.2
39.05,26.68,0.44,4.36,36.43
79.79,12.12,4.53,3.28,46.76
38.05,25.17,9.61,1.6,50.59
71.33,10.77,7.45,2.65,45.28
61.25,45.6,7.73,2.2,68.91
94.1,12.11,5.76,3.39,50.35
99.17,30.2,1.6,2.46,56.78
72.37,19.06,2.54,3.76,48.84
80.88,10.71,9.07,3.07,62.92
15.29,29.57,6.11,3.94,34.49
71.29,16.21,7.86,4.94,55.23
84.76,48.08,6.07,1.8,76.97
40.12,46.69,1.47,2.24,49.05
55.33,46.32,9.63,1.6,66.02
47.95,36.14,6.9,2.17,51.6
95.85,46.0,2.31,4.7,71.26
31.73,29.5,6.68,3.94,55.14
40.21,9.19,4.48,3.59,35.7
0.09,10.18,1.94,1.25,12.66
42.02,10.43,5.59,4.86,40.56
63.14,2.65,6.75,3.82,36.32
93.5,18.19,0.55,3.11,44.09
92.37,26.56,0.17,4.77,52.35
32.73,21.77,4.97,1.46,36.57
98.89,5.57,3.03,3.16,50.87
18.77,41.08,8.17,3.51,55.26
82.33,48.73,2.4,4.33,62.43
15.73,35.26,3.2,3.6,45.56
40.51,1.09,0.17,1.06,19.15
7.35,22.35,6.98,4.65,36.31
85.8,31.87,8.68,3.49,69.5
82.88,7.33,9.14,2.9,52.82
13.98,38.6,4.89,1.3,33.71
52.71,19.24,0.95,2.48,31.53
25.81,23.99,7.17,3.05,43.17
49.18,8.29,4.27,4.39,43.33
55.32,23.27,1.95,3.91,34.77
10.63,9.44,4.72,1.67,22.33
86.44,34.75,0.64,4.68,59.27
27.87,22.3,9.26,2.34,43.73
44.71,43.34,8.31,3.69,62.06
5.73,7.35,8.22,4.32,33.86
0.27,34.77,1.76,3.74,35.61
19.52,1.05,2.94,4.01,23.72
34.17,11.23,5.52,1.82,33.92
92.81,6.99,8.88,3.07,67.67
88.97,7.61,2.44,1.93,40.75
48.05,35.92,6.64,1.07,53.35
45.48,7.22,6.73,1.45,24.43
66.7,2.41,9.98,4.41,52.81
85.88,31.29,6.41,3.06,54.26
33.73,13.89,1.34,2.36,26.36
79.37,4.23,8.41,4.18,42.22
39.9,29.85,8.7,4.89,56.02
59.41,31.04,4.96,2.42,55.97
73.75,21.68,5.17,1.85,49.46
50.14,4.34,1.07,1.75,26.31
69.08,25.75,6.37,4.11,62.51
69.73,1.85,5.44,3.91,41.35
0.57,20.48,0.79,4.94,25.72
3.91,13.72,0.01,2.72,11.38
14.9,1.83,4.62,4.06,21.99
21.36,19.55,1.52,4.38,21.37
20.32,22.1,9.93,4.09,49.77
4.9,5.25,6.24,4.71,24.47
21.72,1.95,0.12,2.74,17.28
60.09,45.8,2.64,4.45,59.57
88.61,15.04,0.42,1.18,43.44
34.95,9.16,9.93,3.62,42.62
36.64,26.66,7.21,2.27,48.35
41.67,35.54,6.73,4.09,54.13
68.03,19.85,9.88,1.9,54.07
78.53,27.12,2.49,1.32,42.72
94.1,28.31,1.53,4.02,56.37
37.57,7.31,3.06,4.19,31.43
70.68,39.93,9.03,1.94,67.19
34.16,41.56,0.99,4.83,45.24
82.4,17.83,6.87,1.15,54.59
23.06,49.88,9.85,4.45,66.51
87.1,23.14,1.01,4.1,56.77
50.51,26.69,0.75,3.05,37.93
72.53,27.72,1.36,4.59,47.53
53.5,3.95,4.99,1.92,38.24
31.61,3.03,2.28,4.21,27.21
49.43,43.44,0.73,4.5,48.35
5.05,39.24,6.43,2.79,43.04
4.3,5.51,5.85,3.48,23.09
53.0,34.77,2.85,4.0,53.13
47.72,13.1,0.75,2.37,28.7
83.31,5.55,0.91,2.6,43.42
2.01,47.12,3.42,1.57,34.49
55.69,17.06,3.64,2.7,40.78
49.06,6.85,9.4,2.35,48.7
59.8,42.96,7.87,3.79,69.1
72.96,0.1,3.34,3.23,38.86
52.47,0.2,4.47,4.44,36.59
56.3,23.2,5.42,3.26,54.56
49.18,26.25,1.23,4.68,38.66
61.52,24.12,5.09,3.29,40.4
24.81,20.0,0.57,1.92,31.92
55.26,20.18,9.15,4.31,54.15
67.24,34.32,1.25,4.65,48.54
19.11,6.12,4.85,1.33,25.43
99.04,40.61,1.45,2.81,65.38
74.65,1.5,8.68,3.68,51.13
95.53,2.22,2.51,2.74,43.47
29.39,1.37,2.65,2.87,24.73
44.35,30.21,3.11,3.1,50.56
26.14,28.42,8.42,3.12,48.56
4.67,33.91,4.16,4.42,41.62
1.67,18.1,4.25,1.84,29.14
24.67,12.82,1.49,2.63,28.56
86.13,0.08,2.94,3.82,41.2
16.37,25.44,7.16,1.15,35.2
68.96,12.67,5.69,2.26,53.52
24.94,19.18,1.94,1.36,35.01
6.56,41.96,8.89,4.43,53.76
19.25,0.17,3.59,3.8,18.05
67.79,35.55,7.98,4.18,67.43
50.17,3.01,8.17,1.11,42.07
54.9,14.93,8.57,2.23,49.78
45.32,41.99,5.56,4.49,52.68
27.43,38.87,9.57,2.45,56.29
48.83,5.04,6.88,2.27,35.58
92.24,36.18,4.43,4.2,63.58
20.15,0.97,7.0,2.51,30.8
73.27,25.28,8.85,4.34,62.85
25.11,10.09,9.94,1.7,41.88
19.34,18.04,1.0,3.45,25.11
32.38,6.9,0.43,4.21,26.2
9.28,10.79,5.75,4.77,32.27
93.54,32.75,6.58,3.35,67.96
36.51,27.85,0.54,1.56,39.21
17.58,4.4,9.6,3.44,40.66
0.0,16.38,5.06,1.67,26.95
6.04,26.74,4.04,1.03,33.53
21.47,33.46,4.61,4.39,53.2
41.77,44.84,3.1,4.62,50.0
60.16,4.87,9.81,4.76,58.14
98.1,3.2,8.42,3.21,53.89
89.05,5.08,4.45,1.69,35.59
24.23,16.36,2.9,4.64,30.87
61.15,38.9,3.09,2.87,61.87
92.15,29.25,6.93,4.02,71.51
10.16,34.38,5.69,4.64,47.68
85.4,34.37,3.59,4.46,55.67
39.61,23.61,8.63,1.45,60.71
78.17,10.16,1.9,1.9,38.86
32.26,8.25,6.46,3.06,35.21
62.57,26.64,7.74,3.0,64.01
50.7,43.46,4.74,4.12,58.49
10.44,41.37,6.31,3.22,40.05
75.98,39.03,1.67,4.15,57.56
82.29,17.01,3.58,3.38,48.61
48.3,28.04,7.76,3.8,57.12
38.8,45.53,9.24,1.11,60.28
94.75,27.19,0.58,4.22,56.29
37.43,2.63,6.12,4.09,32.85
87.96,48.12,4.1,1.66,56.65
41.86,22.6,6.4,4.9,45.65
37.35,35.82,1.62,1.78,33.78
36.14,5.49,6.21,3.44,34.84
6.0,24.63,6.49,3.88,37.73
27.73,42.94,1.52,4.0,36.6
22.95,16.39,7.49,1.96,35.76
6.23,48.97,2.79,3.68,49.06
54.16,5.09,6.02,2.55,42.55
44.22,16.19,6.72,2.61,46.59
2.51,47.34,6.47,1.47,46.19
15.59,26.8,2.56,1.52,26.96
91.87,11.1,5.37,3.87,63.11
13.36,38.44,9.29,3.2,47.23
37.33,41.98,8.51,1.17,55.38
95.08,26.3,7.11,1.06,61.14
11.34,26.7,6.71,4.72,43.33
40.98,21.34,3.11,1.55,31.08
80.11,17.09,2.33,1.84,39.1
1.91,15.61,7.7,4.08,26.04
6.78,20.63,4.89,3.36,29.47
92.99,9.84,3.23,3.4,43.0
68.42,4.24,8.88,2.75,45.86
26.1,36.01,6.11,4.73,52.78
48.02,4.67,8.76,2.24,39.22
24.89,47.67,0.68,2.0,40.62
89.24,28.15,2.02,2.79,54.99
94.98,40.52,0.39,2.0,59.8
7.1,4.2,6.08,3.26,23.38
52.41,18.07,7.48,2.92,48.63
18.4,34.8,3.21,2.25,38.04
40.44,13.47,2.09,2.3,24.89
74.12,28.17,5.74,4.19,54.7
71.33,42.34,8.34,1.4,69.43
18.98,39.47,8.21,4.15,50.67
33.23,27.92,9.9,1.04,49.37
42.53,22.81,4.28,3.05,41.74
38.63,12.7,3.58,4.17,30.69
68.21,43.66,5.3,1.23,59.54
78.84,18.24,1.19,3.84,42.8
33.54,38.38,8.28,2.74,58.92
44.12,43.21,3.53,3.03,57.73
6.73,15.8,1.73,4.83,31.17
36.68,20.08,2.75,1.72,38.77
94.7,40.52,6.91,4.8,77.82
50.22,11.88,2.68,1.99,34.63
55.72,37.3,6.69,3.13,58.81
60.61,37.52,1.74,4.72,57.09
56.72,4.05,5.0,3.96,38.66
80.45,27.4,0.21,2.24,52.13
25.96,3.38,0.06,3.04,18.88
31.66,36.7,8.0,1.71,47.08
88.68,11.07,3.32,2.45,44.52
49.99,46.49,7.84,1.37,55.57
95.98,16.94,2.09,3.86,59.24
13.89,4.33,4.14,4.15,28.0
78.32,7.15,9.68,3.86,59.57
47.3,23.21,0.06,3.52,35.07
47.39,18.3,8.93,4.74,47.23
88.11,36.38,7.92,3.63,66.8
13.06,44.03,9.07,4.15,57.06
51.44,18.68,0.73,2.81,29.7
24.96,43.35,8.5,4.49,52.63
34.28,35.66,1.7,4.49,47.12
81.73,38.19,4.93,4.87,62.35
39.82,5.52,1.19,3.28,31.35
78.44,25.57,9.83,1.67,59.83
1.35,44.09,2.84,2.98,34.65
99.93,25.92,9.25,1.4,66.02
95.53,34.88,6.81,1.65,72.92
67.85,28.09,5.34,1.82,60.32
19.68,33.46,3.38,1.65,38.03
65.68,14.26,6.96,3.36,54.16
19.02,16.89,6.47,4.87,34.62
37.34,42.16,9.53,4.45,60.77
3.5,40.53,9.36,4.03,50.39
7.02,46.92,6.66,1.96,42.2
15.77,10.74,8.26,2.46,34.5
18.19,28.69,6.62,2.85,46.9
83.84,4.75,1.89,4.21,45.72
24.41,28.71,6.37,3.29,43.65
82.54,18.34,0.75,3.67,41.26
0.62,38.78,0.87,2.41,30.85
5.79,16.46,6.43,3.28,35.38
6.09,15.75,5.29,1.31,32.55
93.16,5.2,0.65,4.62,43.75
81.73,9.95,1.45,2.06,39.09
1.56,14.93,2.5,3.59,24.65
93.15,1.66,5.48,1.13,52.95
22.65,27.86,9.08,1.09,40.68
26.45,41.33,7.78,3.91,55.32
58.44,45.24,8.59,4.79,76.55
20.47,6.56,3.35,4.75,31.6
97.49,6.17,3.62,2.51,41.6
36.63,13.09,0.83,3.11,19.08
57.11,2.51,8.51,2.25,47.74
57.25,42.16,4.19,1.57,53.44
28.17,4.69,8.55,3.63,39.78
73.46,18.06,9.51,3.38,63.62
99.23,19.06,1.23,1.32,53.8
59.57,6.54,5.71,3.04,43.8
8.38,4.38,1.99,4.45,17.42
80.81,4.9,7.95,4.56,54.49
66.68,41.65,6.61,2.13,67.33
48.98,38.27,7.22,4.87,54.66
65.43,14.71,8.06,4.47,48.75
26.14,9.02,1.6,4.27,27.91
30.38,39.16,7.59,3.12,55.49
51.53,13.32,5.57,3.28,40.58
6.84,21.21,2.46,1.99,31.28
58.8,45.35,4.67,4.88,63.2
18.24,43.49,9.42,4.31,61.55
25.39,7.68,5.4,2.81,30.9
89.99,1.58,2.48,1.86,42.65
58.79,4.14,1.47,3.22,30.43
24.39,23.99,4.56,2.65,34.66
69.9,33.62,8.19,2.81,58.65
99.66,41.02,3.32,3.97,67.55
89.76,23.79,8.79,1.13,65.03
79.88,41.62,5.52,4.12,69.72
33.26,37.22,5.97,2.65,48.51
58.31,0.39,9.43,2.61,37.47
58.5,26.76,6.98,1.42,55.38
8.85,11.97,6.88,2.58,35.95
69.27,46.06,4.85,2.1,62.98
52.11,23.38,7.58,2.63,57.71
52.19,11.88,8.79,1.9,53.18
73.73,26.62,2.67,1.82,43.34
7.74,21.64,6.6,2.69,42.11
21.26,0.12,1.29,3.71,18.19
98.78,35.42,2.08,4.8,61.61
29.97,0.36,1.71,2.1,18.1
25.53,23.77,9.05,4.5,48.17
7.18,19.5,1.19,3.33,26.07
31.24,21.65,8.04,1.83,44.22
56.05,9.05,0.07,2.24,36.73
3.91,35.15,5.22,1.47,36.94
28.9,34.64,0.78,4.07,44.27
25.64,8.06,3.43,1.15,19.59
15.4,12.42,6.85,3.55,31.71
79.19,43.96,2.47,2.91,60.9
96.23,19.88,3.01,1.36,50.77
91.55,36.35,1.11,1.88,63.25
44.08,33.37,1.29,4.78,39.03
6.63,46.85,7.11,3.31,46.96
34.9,33.48,9.3,1.19,55.64
52.46,44.1,5.04,1.56,57.0
38.03,0.53,7.63,2.92,33.75
73.12,19.55,2.44,3.52,42.44
74.31,6.51,7.36,1.22,47.61
89.67,4.9,7.87,4.45,56.37
46.92,38.02,2.19,2.11,50.13
23.84,18.38,9.56,3.92,42.03
91.12,45.22,5.79,2.39,65.99
88.43,32.66,2.83,4.8,65.55
12.68,21.22,0.41,3.4,22.68
21.14,6.55,2.3,1.42,27.48
66.01,10.16,6.81,2.51,43.13
82.08,45.99,5.71,1.96,68.03
96.02,29.57,1.34,3.98,59.62
2.11,17.91,9.65,1.66,31.59
18.92,33.02,9.61,3.36,52.69
42.3,44.18,9.22,1.05,60.48
55.09,22.59,9.68,1.29,55.3
77.84,1.27,9.58,1.03,46.83
55.67,2.03,3.77,2.38,31.43
51.86,6.59,3.24,4.26,37.56
23.93,9.11,5.83,1.78,26.69
65.01,24.15,3.8,4.35,49.42
58.24,37.71,7.11,4.53,58.28
94.57,41.25,9.53,2.17,77.87
18.98,35.06,7.98,1.03,47.5
12.48,4.36,0.23,2.13,17.49
35.35,30.81,4.45,4.29,48.08
32.56,13.89,8.4,4.24,45.84
45.3,43.54,0.45,3.62,55.04
17.15,48.54,2.4,3.51,55.4
70.68,33.15,2.81,4.66,59.61
82.27,36.7,1.09,2.02,55.08
0.63,14.8,5.53,2.81,31.67
91.03,43.37,9.33,2.22,76.05
9.06,48.67,8.25,4.45,50.61
30.63,21.2,5.01,4.95,39.69
48.64,49.48,3.76,2.43,57.91
42.4,26.6,8.57,2.13,47.13
21.53,14.45,7.17,3.2,41.32
72.94,26.02,1.75,2.81,43.92
83.91,16.27,5.51,3.54,51.15
22.75,45.84,2.68,4.95,44.13
16.48,4.65,9.95,4.01,37.75
51.9,10.79,3.31,3.87,33.4
14.86,16.71,5.19,1.85,38.25
93.96,42.84,8.97,1.77,72.09
85.12,5.0,6.7,2.58,53.88
83.48,45.86,7.94,4.57,77.15
41.16,7.61,2.89,4.07,33.17
78.68,25.83,7.07,4.52,64.62
39.17,42.86,4.96,3.97,58.22
45.79,19.6,3.6,1.98,36.8
10.62,33.99,7.71,1.69,41.16
3.74,33.8,3.72,4.01,40.7
67.04,25.35,6.27,4.68,56.0
19.33,16.71,3.88,1.93,27.45
95.64,19.26,3.23,2.28,50.33
56.5,32.95,2.81,2.27,52.01
57.65,35.39,2.0,4.97,57.96
89.45,42.73,8.19,3.08,78.22
29.75,42.42,4.44,4.35,48.95
1.08,28.45,6.22,2.88,44.78
21.97,48.19,7.29,2.49,49.05
45.78,25.96,1.93,1.33,41.46
15.19,46.82,5.2,4.06,46.58
28.07,32.68,7.99,2.27,46.01
73.77,20.38,2.25,4.99,53.2
37.69,6.63,5.39,4.16,31.71
34.15,41.56,3.62,4.8,50.81
23.36,9.44,8.66,3.54,41.49
53.16,24.91,5.81,1.86,49.31
99.54,49.54,1.04,2.74,68.33
16.91,10.81,4.38,1.23,28.04
84.36,47.22,0.15,3.39,57.88
77.49,40.59,8.15,4.44,70.85
60.1,11.98,4.31,2.57,35.31
54.29,36.38,5.39,4.2,54.21
52.0,30.42,8.89,4.7,60.73
10.28,38.42,3.13,3.03,32.56
56.89,1.82,0.15,1.52,26.02
98.9,9.72,9.65,1.83,60.06
72.91,23.85,9.97,3.65,65.24
46.66,11.47,7.07,2.99,44.94
44.28,31.73,6.64,4.14,47.08
86.98,11.8,0.21,2.88,40.98
0.63,38.82,2.17,4.65,41.11
20.0,3.01,1.14,1.7,15.55
95.75,7.1,4.51,4.69,51.65
65.35,9.35,4.26,1.04,39.25
82.77,40.68,1.1,3.09,56.64
53.38,7.71,4.02,2.01,41.02
4.12,46.88,9.54,3.49,61.03
53.62,22.65,5.32,1.07,39.73
62.98,43.95,0.8,4.81,50.69
8.84,27.75,5.58,3.15,45.27
48.06,3.57,7.28,2.95,39.22
94.27,46.21,6.87,2.46,76.38
6.22,44.09,3.36,2.76,40.26
4.61,42.38,7.94,1.17,46.21
10.31,23.54,9.04,1.19,42.75
68.21,34.59,3.93,3.69,50.78
89.29,7.35,7.15,3.03,54.46
15.62,27.82,3.27,4.13,41.64
84.47,31.77,4.56,3.86,60.44
22.2,23.73,9.37,3.76,48.0
53.83,32.0,4.02,2.99,51.79
76.38,35.1,0.65,3.22,49.71
11.77,2.19,8.71,3.11,37.14
47.74,38.83,8.93,1.61,60.26
86.66,49.02,8.52,2.53,80.48
35.5,37.47,3.8,3.03,42.5
79.74,18.67,7.31,1.73,54.64
45.44,11.18,0.75,2.27,24.56
94.33,13.84,7.63,1.97,53.33
40.06,15.03,3.85,2.47,42.39
82.27,36.04,1.14,3.43,54.85
7.56,41.67,6.24,2.26,38.21
33.9,36.71,2.27,4.31,41.75
14.57,5.8,6.71,4.28,29.47
40.38,16.08,0.63,1.05,23.54
40.53,35.03,2.28,2.02,42.62
24.05,24.18,5.46,1.59,41.06
41.91,24.16,0.94,1.91,39.61
68.16,29.49,9.76,1.11,57.91
57.76,3.25,9.17,2.95,48.86
24.34,44.62,6.27,1.96,55.98
71.13,4.43,8.68,2.05,52.44
70.88,14.09,7.38,2.73,52.35
42.18,26.64,5.52,3.48,43.63
45.94,15.05,0.84,1.38,38.28
17.32,32.09,5.48,3.72,42.11
83.47,7.5,7.56,2.75,54.74
35.66,48.15,4.74,2.53,49.92
29.3,33.87,0.2,4.43,39.85
92.87,27.26,1.13,3.19,51.74
30.54,4.28,6.77,1.02,28.05
19.8,18.6,8.68,3.96,43.34
38.24,19.21,7.65,4.72,48.42
51.57,6.0,1.27,3.93,40.47
61.42,48.86,3.67,2.5,58.64
39.84,38.08,0.19,2.49,35.1
68.42,5.14,9.75,2.85,55.93
2.3,47.64,4.16,4.61,46.22
92.66,44.0,4.06,2.33,65.98
46.12,44.47,7.26,1.56,54.81
44.86,25.17,9.08,1.93,54.63
44.67,39.53,0.19,3.98,43.09
27.58,1.01,9.27,3.86,40.54
81.49,5.69,5.91,1.34,47.6
45.29,0.32,2.2,4.48,32.46
9.56,29.14,6.0,2.13,36.69
35.01,12.27,3.06,3.82,46.07
48.5,30.76,2.75,4.02,46.08
35.95,17.29,3.17,1.34,26.61
10.25,38.6,6.77,3.76,47.81
88.88,32.71,7.95,1.69,68.31
15.1,28.98,8.25,4.13,45.25
72.9,10.54,1.72,4.45,44.54
42.44,30.74,7.13,4.3,52.53
49.54,3.01,6.59,3.3,40.97
67.72,45.33,6.16,2.75,68.94
1.7,23.08,8.81,1.67,36.51
48.96,3.16,1.43,1.66,30.66
45.92,25.96,9.81,3.34,59.77
42.89,36.09,6.66,2.9,44.26
0.12,1.04,7.8,1.68,19.95
1.13,43.01,4.63,4.89,41.37
48.99,0.35,7.95,4.91,42.92
45.57,5.41,3.19,4.76,34.13
33.47,40.85,6.48,4.81,54.86
11.64,22.19,6.05,2.99,31.16
36.39,4.05,9.24,3.89,46.88
67.29,17.04,1.2,4.49,40.69
81.96,35.72,7.04,4.25,67.19
76.44,8.82,8.62,2.17,56.62
0.17,45.03,0.28,2.45,27.43
33.86,14.45,9.2,1.75,37.67
48.92,34.23,8.31,2.05,59.31
81.43,15.14,9.26,3.46,59.69
56.46,47.07,6.66,2.44,55.8
80.19,9.27,8.52,3.08,56.71
68.92,4.94,7.21,3.86,46.7
7.24,13.9,2.51,1.15,19.3
98.11,26.5,4.97,2.33,66.68
55.75,6.15,0.89,3.43,32.87
60.37,40.97,0.86,4.6,52.32
25.91,19.59,9.66,1.15,46.0
90.3,5.65,4.79,4.03,46.97
99.83,19.12,8.71,1.69,66.03
34.29,1.77,6.27,1.19,30.41
48.91,28.97,5.31,1.91,47.0
6.33,28.09,1.89,4.02,30.54
76.33,34.17,6.54,1.84,57.26
64.34,0.1,9.88,2.89,45.21
23.35,6.13,7.44,4.74,42.33
82.98,23.28,2.17,1.35,55.78
54.71,4.09,9.76,3.23,43.6
92.89,10.13,5.6,3.23,47.57
82.02,15.08,1.96,1.48,46.77
10.06,37.21,3.1,1.79,33.64
23.73,21.27,1.82,4.28,33.52
84.84,22.95,4.4,1.74,55.77
3.16,24.38,4.54,2.1,32.78
13.04,27.43,3.74,2.78,35.33
91.95,22.49,1.25,2.63,55.48
81.06,48.96,9.17,1.7,77.37
25.5,24.87,2.75,1.35,37.37
33.87,34.92,1.57,3.21,39.15
3.81,4.54,0.87,4.56,18.08
12.68,14.31,9.32,1.16,37.11
1.12,17.63,4.1,3.36,32.45
58.71,19.45,0.98,1.26,37.31
61.06,23.73,9.71,4.09,64.27
14.39,8.74,3.27,4.91,27.43
83.34,35.6,3.69,1.73,59.64
48.75,44.02,9.27,1.56,65.11
59.94,9.17,1.44,2.61,33.77
66.24,40.89,7.17,1.73,57.42
20.53,43.84,8.11,2.21,55.87
80.37,29.41,9.97,3.51,64.77
41.08,3.45,4.74,3.57,33.4
49.8,21.77,0.16,4.9,33.62
12.61,8.79,3.24,1.95,28.36
25.49,29.05,7.52,2.79,48.8
45.53,28.15,5.37,4.88,52.24
72.43,15.95,2.6,2.11,37.76
45.76,7.43,4.1,3.48,32.86
56.04,31.86,7.86,4.67,61.25
75.7,7.68,5.16,3.74,48.83
40.27,11.52,3.58,1.65,36.21
1.59,18.93,3.15,4.53,29.29
56.15,10.23,9.73,2.92,51.06
94.41,17.16,4.86,4.94,54.67
3.79,6.89,5.44,4.95,26.84
46.28,43.12,8.17,1.02,54.68
65.45,39.87,7.01,2.0,65.77
48.9,3.59,6.33,3.47,37.29
10.35,23.28,4.74,2.93,38.5
51.38,10.79,8.25,4.56,48.14
7.98,25.72,7.59,2.58,39.19
7.03,46.74,3.69,1.77,46.68
33.81,44.7,9.73,2.16,53.9
17.73,17.79,2.08,3.59,32.49
50.44,21.05,0.65,3.37,37.9
94.46,17.99,0.91,1.28,40.72
21.5,48.24,9.89,2.51,61.51
98.87,6.48,7.75,2.57,56.85
34.93,12.17,2.27,2.88,23.8
83.56,20.04,2.63,3.84,52.91
52.27,44.78,3.76,2.15,59.41
78.06,33.43,3.37,1.12,57.17
86.53,27.64,9.22,1.16,55.75
84.19,30.13,8.6,3.34,65.2
14.76,27.77,1.47,2.47,31.2
89.12,2.22,2.22,1.95,40.71
11.98,12.83,6.7,2.29,31.09
73.44,18.58,2.19,3.57,47.94
4.58,28.41,8.6,2.0,38.07
30.02,34.47,6.19,2.85,54.86
13.19,46.86,1.39,3.08,39.19
62.16,49.32,6.63,1.45,60.76
31.49,11.2,6.3,2.02,32.5
56.63,40.22,8.6,4.85,59.73
21.85,3.96,6.35,2.41,29.43
39.92,6.36,8.96,2.49,44.55
90.14,40.45,3.45,2.52,70.68
59.74,26.51,0.99,3.23,40.94
48.67,0.65,6.22,4.0,33.61
72.59,24.17,0.59,3.67,49.66
99.25,47.21,7.94,4.86,85.83
33.39,34.92,9.9,4.24,56.54
10.97,44.14,4.69,4.49,45.18
24.09,25.19,9.53,3.5,56.43
15.65,10.99,9.25,1.05,38.1
40.53,6.89,8.27,2.86,46.47
74.22,35.66,6.23,2.73,63.07
76.63,18.1,5.94,4.73,59.54
10.79,34.75,0.46,1.13,29.44
16.21,47.72,8.11,3.84,51.66
36.01,47.31,6.37,1.04,59.43
84.43,47.64,6.8,3.5,80.25
48.38,26.14,7.17,2.89,50.14
53.91,38.81,4.82,4.28,60.84
29.11,47.51,0.63,4.13,46.62
54.99,33.38,6.76,1.92,55.95
60.52,35.52,9.52,2.96,63.51
33.63,25.56,0.01,2.88,36.1
60.15,23.37,3.19,3.51,47.65
75.41,44.54,6.55,3.66,63.12
35.4,0.31,0.65,2.88,24.21
45.6,9.86,6.51,1.36,39.52
13.03,8.04,8.26,4.94,41.54
25.94,28.26,1.03,4.54,37.9
4.06,5.21,3.74,3.36,21.67
5.63,17.13,6.3,4.7,33.67
8.42,24.06,6.17,3.78,39.76
89.76,41.96,6.03,2.88,67.91
73.23,31.69,8.13,4.87,69.46
58.54,4.91,2.0,2.97,31.52
79.83,48.78,8.18,3.05,73.52
17.6,42.35,3.78,3.89,47.21
35.19,38.23,8.06,4.13,59.68
58.19,31.77,8.26,4.71,59.32
85.51,27.23,1.19,4.35,55.02
54.04,15.37,7.02,1.19,46.57
12.56,45.75,2.05,2.6,35.49
4.43,12.2,5.4,2.87,28.25
3.51,16.07,0.17,2.3,23.6
75.62,45.0,8.8,4.47,66.51
89.44,30.01,2.14,1.61,52.52
14.53,6.92,7.62,1.7,32.27
80.99,27.36,6.31,1.42,63.64
4.18,46.07,8.01,1.41,45.06
83.51,23.55,5.28,2.45,56.42
70.23,40.01,1.07,1.01,45.83
47.34,30.68,3.06,1.13,40.19
47.72,29.8,2.46,3.63,49.61
21.95,3.38,9.61,1.55,25.7
93.07,43.94,9.73,3.5,78.39
27.21,9.61,6.21,4.4,40.5
26.47,44.11,6.3,2.62,49.18
77.12,39.48,3.73,2.61,58.46
57.69,21.32,3.23,3.57,44.76
51.67,9.98,8.27,4.17,47.35
57.09,36.84,5.9,4.63,62.94
11.05,19.38,9.01,3.11,48.01
10.91,26.79,9.0,2.06,39.25
97.89,41.77,9.55,1.95,80.58
70.28,47.28,2.17,2.29,54.26
61.46,21.5,5.52,3.28,48.15
56.07,13.17,6.44,3.85,56.64
23.48,43.55,5.46,4.84,56.05
15.67,39.0,8.79,4.55,58.58
58.42,16.49,3.83,2.64,33.67
1.01,21.5,6.64,3.53,31.51
2.77,13.75,9.25,2.94,39.68
34.32,10.12,9.89,3.84,38.7
58.57,11.41,4.84,1.74,46.06
92.97,24.25,6.47,3.81,59.91
45.26,6.89,7.66,1.49,36.97
30.57,1.5,3.89,1.48,21.63
95.47,10.68,0.47,3.57,42.1
29.74,24.7,5.29,3.44,38.5
48.12,25.35,0.56,4.19,41.4
47.75,32.49,1.45,4.09,42.86
4.4,24.14,7.53,2.81,30.85
10.59,32.98,0.12,2.2,32.73
0.82,17.81,0.8,4.52,22.82
79.4,46.21,8.43,2.02,67.15
37.97,33.15,5.42,3.25,50.58
68.08,42.17,5.58,1.38,61.56
44.62,15.27,2.64,4.37,33.69
49.54,9.44,7.31,2.23,41.63
86.4,7.75,0.69,4.03,44.06
39.44,12.16,7.66,4.55,49.64
10.17,3.56,3.67,3.47,17.3
66.88,21.7,2.34,4.06,50.14
2.95,42.52,9.21,1.86,46.94
51.55,34.51,2.98,1.33,48.76
36.87,4.73,4.63,1.64,25.62
42.66,4.88,0.63,3.37,24.65
72.8,2.59,3.24,4.26,41.02
83.9,19.77,8.73,1.53,52.69
96.25,21.48,1.19,4.64,50.4
77.98,20.8,9.87,4.36,58.41
81.97,45.83,3.09,2.28,58.75
93.68,31.84,8.57,1.19,69.15
38.48,46.77,3.48,2.77,47.02
34.32,44.38,8.52,4.69,57.22
2.77,40.43,6.35,2.94,48.04
45.38,2.29,2.48,1.05,28.86
5.65,46.67,7.2,1.06,50.51
21.41,25.04,5.54,1.38,35.75
41.27,47.65,1.06,4.99,48.93
41.16,14.08,1.16,4.1,28.92
76.49,24.04,5.88,3.56,63.81
46.36,34.44,9.23,4.88,54.86
70.66,12.87,8.49,2.58,56.23
2.28,25.17,4.44,2.98,35.0
72.11,15.0,6.99,1.92,46.93
76.15,42.01,0.86,2.94,49.51
1.26,13.26,1.38,1.53,14.45
35.09,34.3,3.6,4.02,43.13
63.63,20.12,7.75,2.25,56.55
13.75,4.6,4.44,2.85,11.85
80.6,37.01,0.11,3.08,55.12
97.26,28.81,5.7,3.38,61.81
78.35,8.2,1.89,2.29,41.19
61.96,33.86,0.63,1.43,40.72
78.36,34.85,7.46,1.95,69.97
93.84,8.08,0.66,3.28,47.1
95.54,0.36,3.33,3.78,43.75
33.26,32.86,6.28,1.57,53.1
64.73,36.75,8.4,1.04,60.13
9.43,34.54,8.75,2.31,48.27
91.53,16.49,3.47,2.0,48.82
5.8,24.15,5.84,4.55,32.17
28.73,36.7,4.68,3.9,49.17
57.32,10.8,4.67,3.9,37.02
22.32,9.33,4.97,4.1,29.4
42.11,8.58,8.35,4.71,45.16
35.07,6.49,4.05,1.91,25.27
66.65,13.01,8.3,2.92,52.53
51.78,29.58,3.9,1.42,44.79
82.98,46.34,1.38,2.24,68.82
62.12,26.86,1.54,4.92,50.79
72.09,14.61,3.77,1.67,45.64
1.62,22.13,9.01,1.26,36.62
67.57,3.91,2.83,2.24,34.85
91.02,26.45,4.87,4.17,66.34
13.59,4.4,9.86,1.19,28.2
78.33,43.79,3.76,2.92,64.25
78.47,17.85,8.84,1.52,53.42
8.34,46.76,3.13,2.9,42.49
61.49,12.08,7.35,2.78,51.69
31.14,27.41,7.45,4.31,53.73
36.98,29.59,8.78,4.61,50.76
99.41,20.64,9.35,2.3,68.97
57.05,23.18,4.99,1.59,46.45
47.69,16.92,3.04,2.98,43.92
79.72,37.14,6.69,4.28,68.61
39.1,8.27,0.15,2.78,15.81
12.95,10.6,9.72,2.0,41.58
98.04,22.41,7.2,2.73,66.9
16.14,14.04,8.86,4.33,41.84
90.11,12.8,8.13,3.91,60.35
97.68,10.76,7.52,2.68,59.43
46.87,1.41,1.6,4.01,26.72
12.02,33.31,0.08,1.91,24.23
46.04,34.55,9.5,3.22,61.3
54.32,27.03,0.52,2.0,37.64
78.67,33.32,0.37,1.72,46.08
99.92,34.17,7.91,4.21,76.6
24.48,44.79,8.65,2.33,52.13
3.42,4.86,1.74,3.22,15.74
98.17,25.43,6.75,4.76,66.63
0.23,6.42,2.01,4.82,24.5
96.27,37.52,2.49,1.43,60.58
89.31,25.9,3.1,4.56,57.49
89.96,1.1,2.01,1.95,42.28
40.25,43.35,9.71,1.35,58.21
20.04,48.48,1.73,4.34,37.34
59.8,4.39,2.33,4.45,34.59
43.25,1.42,6.29,2.21,33.84
70.97,44.93,1.54,2.63,50.34
19.2,43.85,8.26,2.19,54.73
47.03,19.71,5.88,1.2,45.4
91.31,16.22,6.97,4.56,59.77
58.91,46.91,0.83,4.34,50.55
92.81,35.62,5.05,2.73,67.31
75.04,43.09,6.13,4.57,71.26
13.44,7.37,7.27,4.14,29.68
64.53,20.01,7.9,4.98,59.94
18.46,33.83,0.0,2.46,33.52
7.15,48.67,3.79,2.4,47.19
60.36,37.63,0.82,3.73,52.27
0.88,10.63,6.53,3.09,26.52
5.26,49.84,0.99,2.54,35.61
39.06,45.84,6.88,4.07,59.67
18.09,24.19,1.71,2.71,31.51
66.47,13.75,9.96,2.98,57.76
27.81,27.75,6.45,1.56,39.45
24.18,44.49,4.77,4.68,56.94
55.15,27.02,2.31,1.73,40.32
52.47,1.89,7.41,3.75,45.58
84.57,32.77,0.21,3.17,52.45
82.07,9.3,6.7,3.81,48.16
93.39,32.63,8.95,2.05,67.97
11.12,5.04,8.54,3.82,35.03
5.63,28.38,3.51,1.98,32.21
75.15,41.65,2.98,2.13,57.0
40.04,19.6,9.41,3.62,48.5
5.32,25.48,9.86,1.82,48.99
53.02,39.12,6.44,1.51,50.43
32.05,34.77,6.41,2.48,43.32
21.4,46.42,9.9,4.81,62.94
66.48,44.95,5.3,2.5,66.6
73.42,4.51,0.59,1.05,34.47
26.03,34.8,9.19,4.95,52.63
66.59,43.35,2.64,2.25,53.17
22.59,42.27,6.26,3.92,53.52
88.55,5.48,4.42,2.31,43.08
39.84,28.38,9.73,3.15,54.28
47.32,49.29,3.63,3.25,49.67
16.79,24.21,6.03,1.45,34.03
46.44,45.01,1.21,1.62,43.98
27.7,47.9,3.28,2.72,43.75
78.38,38.56,8.96,3.97,70.3
13.53,24.73,7.28,4.87,40.82
53.38,3.89,1.84,1.84,27.93
40.43,48.52,9.79,4.27,61.46
91.27,49.52,0.01,2.69,58.8
65.46,15.59,0.48,2.23,30.94
56.28,47.68,7.53,3.93,66.24
14.65,38.75,8.25,4.22,50.43
10.4,18.69,1.06,2.73,25.4
60.52,41.27,0.36,4.46,47.31
92.04,12.9,5.73,4.16,56.77
8.17,13.06,9.47,1.37,34.96
42.19,25.69,8.01,4.21,47.1
36.99,12.75,4.52,3.19,38.32
2.23,42.89,5.48,4.58,46.55
62.42,27.1,1.03,4.86,44.76
46.32,28.14,7.05,1.02,46.82
48.24,32.95,3.08,2.94,48.83
82.99,5.66,9.75,3.89,59.45
62.29,40.44,8.37,1.76,66.55
24.0,22.86,0.4,2.47,24.11
96.07,11.45,3.48,4.79,57.67
92.43,41.68,3.31,4.01,69.86
69.27,6.31,6.36,2.68,39.07
12.25,31.86,1.97,2.36,31.22
63.31,4.37,9.76,4.26,55.12
0.16,21.25,3.55,2.5,26.59
28.63,37.79,7.67,4.27,56.29
43.51,29.34,9.48,3.19,51.94
46.12,13.07,6.54,4.19,44.39
78.85,11.44,7.72,1.92,54.15
55.87,49.17,7.8,3.48,63.33
64.76,19.01,8.07,4.37,54.34
44.98,11.24,5.86,1.67,40.11
73.12,7.19,8.99,1.44,47.44
18.72,10.04,9.47,3.99,35.94
89.79,17.6,5.08,3.62,57.42
83.97,22.25,2.27,3.86,50.58
91.26,45.5,9.17,1.75,79.44
95.14,47.15,3.18,3.9,67.65
78.3,34.75,8.69,4.53,71.03
29.05,13.21,2.42,3.18,24.5
91.45,44.13,1.26,3.92,65.13
81.1,11.92,0.29,2.73,39.16
47.24,31.79,7.21,2.63,53.4
9.82,49.85,5.17,1.67,40.84
97.46,47.7,1.36,1.42,67.88
21.36,42.55,7.99,1.17,48.31
17.31,26.74,8.22,3.06,41.77
55.42,4.74,2.33,3.09,37.47
85.96,44.81,7.69,3.97,69.62
27.0,30.14,3.8,2.52,35.79
20.88,7.96,4.01,3.79,28.37
78.46,44.74,4.13,3.26,66.83
56.62,0.61,3.99,1.41,34.66
56.78,24.67,4.04,2.34,40.82
59.52,0.82,3.39,1.13,32.06
80.89,14.76,6.38,3.4,58.35
78.04,42.89,8.08,2.66,74.05
26.48,40.83,2.68,2.17,37.59
36.28,35.69,5.61,4.92,51.59
99.84,30.35,0.52,3.85,55.91
83.79,7.55,6.63,3.45,50.14
54.05,42.48,4.38,2.56,53.7
32.02,8.04,9.87,1.6,39.65
90.01,4.65,8.67,3.26,49.01
28.29,3.48,9.13,4.64,44.23
46.28,30.98,9.0,1.69,57.59
59.35,12.0,4.91,3.03,41.07
76.73,5.42,6.18,1.36,40.44
70.7,31.54,7.96,2.05,65.24
68.67,11.86,3.66,1.36,42.19
20.73,6.14,4.48,2.61,38.91
33.85,7.46,4.0,2.76,33.12
74.99,5.47,1.13,3.75,29.87
57.75,33.23,6.72,1.32,54.36
91.25,37.74,1.57,2.33,52.84
7.04,41.29,5.21,2.61,36.37
98.39,31.32,5.05,3.88,66.94
49.36,28.7,8.91,4.08,57.13
29.58,24.66,8.13,4.77,50.28
10.02,8.32,7.53,3.19,33.8
6.85,2.07,6.38,4.3,30.72
99.15,3.89,2.25,2.85,44.35
78.67,6.05,1.91,2.64,38.63
97.88,35.96,0.71,2.08,64.99
84.73,23.55,3.33,2.92,45.9
43.07,41.11,2.67,3.84,55.61
19.24,49.61,4.8,3.96,51.38
53.7,3.92,4.1,3.36,35.77
23.94,49.14,1.7,1.26,45.44
15.94,3.23,6.89,3.54,34.63
55.54,18.76,1.82,3.28,38.6
57.05,25.33,0.28,1.73,34.01
98.44,10.05,1.94,3.71,51.79
80.4,46.8,8.4,2.04,70.71
1.84,15.81,8.16,2.39,29.11
17.17,0.07,4.65,3.38,21.03
55.86,46.2,8.68,3.59,61.31
70.74,23.83,8.98,2.77,55.31
98.9,18.0,1.67,4.37,55.65
54.97,10.32,7.21,1.96,39.72
46.92,41.33,0.3,4.81,53.9
1.06,3.5,5.24,4.94,25.13
43.51,3.53,7.63,2.06,36.14
86.27,3.31,9.43,1.1,52.71
5.86,14.23,8.86,4.48,34.18
52.51,33.72,0.63,4.74,52.76
95.07,1.34,5.9,1.2,49.73
96.27,22.88,8.04,2.23,76.66
1.66,1.98,4.59,2.31,21.99
30.69,30.82,5.46,2.25,44.11
19.47,23.26,4.99,4.39,29.95
98.17,30.78,0.31,1.76,57.86
79.84,14.84,0.14,1.16,39.87
26.84,24.96,9.49,1.78,45.49
38.63,32.14,7.71,2.45,51.27
67.51,45.56,4.83,4.98,62.84
2.5,47.98,8.72,4.94,58.57
16.68,30.0,1.61,2.78,35.44
78.91,7.43,4.63,4.53,48.34
30.56,21.58,4.78,2.67,46.11
23.7,29.97,8.41,3.63,47.03
91.04,22.77,4.01,3.73,57.23
72.06,7.26,4.05,3.38,40.46
85.76,37.49,5.33,2.93,61.83
78.28,12.92,5.18,3.75,50.97
51.36,31.34,6.91,4.16,48.59
18.48,35.03,0.8,1.15,23.96
69.51,37.39,9.46,2.34,75.73
54.79,25.66,6.19,3.15,46.59
72.94,41.47,4.07,3.04,64.68
67.46,43.91,1.95,4.65,52.65
78.95,6.11,2.01,2.58,43.64
5.54,26.41,6.7,1.01,41.0
16.48,44.81,3.39,1.42,54.31
88.29,43.24,1.62,2.8,50.59
68.51,42.53,1.89,1.2,46.86
86.73,22.42,7.32,2.11,64.68
5.64,30.82,3.56,1.87,34.93
52.15,35.96,9.15,3.78,55.83
1.24,47.91,5.88,3.69,48.51
15.78,13.54,0.02,2.18,16.35
4.72,33.35,0.74,2.72,25.11
18.96,6.37,4.87,3.96,26.54
25.7,45.01,3.99,3.29,44.62
7.24,33.77,0.0,2.71,33.99
64.93,15.6,9.59,1.77,54.22
58.5,7.76,0.24,2.78,25.96
68.54,13.62,8.35,4.05,54.19
97.73,3.43,1.21,2.48,39.57
28.18,9.78,7.05,3.72,39.94
24.35,27.2,1.91,2.29,44.0
30.48,34.69,6.92,1.53,46.9
81.42,18.43,5.32,4.14,47.89
65.4,9.94,1.49,1.12,33.71
75.03,16.5,4.47,1.92,46.91
23.59,18.45,6.38,4.24,42.09
13.38,25.97,7.0,1.59,32.8
47.26,48.67,8.04,4.2,62.7
90.39,43.23,6.77,2.76,70.96
25.94,22.43,5.19,1.84,31.36
76.25,34.21,1.83,3.23,48.68
70.24,16.3,3.02,2.56,37.67
36.64,16.89,1.89,4.89,37.87
69.98,38.6,1.52,2.0,54.28
92.08,17.25,1.25,1.91,49.56
21.12,13.31,7.16,4.17,35.6
26.06,13.59,0.97,4.62,26.08
38.99,15.76,0.57,4.62,36.96
19.77,34.0,0.18,3.41,32.59
40.07,45.95,9.85,3.48,65.89
73.21,29.43,5.02,2.36,55.76
85.63,11.44,1.83,2.01,41.67
66.44,44.38,0.25,3.6,50.26
54.18,43.6,8.35,2.37,67.12
92.1,8.31,6.28,1.56,56.65
18.7,2.67,4.34,1.1,23.93
69.68,6.42,1.26,3.24,36.95
37.97,37.53,0.89,3.74,40.23
93.62,31.36,9.99,3.6,72.91
19.49,10.65,6.1,1.47,26.4
25.49,43.04,6.1,4.14,54.54
11.47,8.65,0.7,2.57,18.58
45.48,10.47,7.08,1.8,42.8
68.84,41.94,1.81,4.45,51.6
29.18,17.77,1.02,1.25,38.02
89.7,43.87,1.46,3.21,62.2
80.05,36.84,4.1,2.57,58.07
27.09,29.44,5.51,1.99,36.34
60.36,39.26,9.33,1.93,60.77
65.63,21.16,9.7,1.13,59.11
13.66,26.49,6.71,2.16,42.73
64.88,27.08,5.17,4.98,63.44
62.58,46.99,5.65,1.56,56.77
87.1,4.63,8.78,3.62,54.0
29.74,16.15,2.66,2.94,23.92
13.76,2.33,8.41,4.94,34.37
54.38,42.85,3.53,3.46,57.97
85.79,42.28,2.23,2.49,68.07
12.03,8.73,4.16,1.33,29.61
20.7,4.78,9.62,2.46,39.27
10.5,23.79,9.63,1.58,41.08
98.73,30.57,2.91,4.83,65.29
76.04,46.97,6.76,4.98,75.61
9.27,2.41,7.83,1.03,22.37
84.8,33.72,4.07,2.02,65.26
43.68,15.17,4.59,4.25,38.05
2.42,45.18,6.64,1.02,46.94
6.12,23.5,2.42,3.53,22.56
24.84,38.65,3.7,4.11,45.81
3.86,24.96,2.95,4.24,30.38
16.86,7.58,2.96,4.81,28.6
6.34,33.68,7.23,4.39,49.11
14.11,24.62,5.27,3.62,34.31
9.88,17.54,7.48,3.32,37.1
42.49,20.54,1.57,3.31,40.06
82.61,7.3,2.15,3.0,40.55
78.36,32.27,1.17,1.6,51.91
52.99,17.37,7.79,1.93,48.82
6.21,19.27,1.27,3.9,34.47
94.79,14.26,6.12,1.88,59.43
6.61,20.03,1.55,3.71,30.74
1.26,33.02,6.86,3.79,35.55
74.87,12.6,2.39,3.28,45.52
62.58,14.56,5.86,4.79,53.33
75.78,2.24,8.19,3.81,56.37
27.48,22.41,0.4,1.83,34.55
89.29,29.65,3.92,4.6,57.8
87.17,38.47,3.8,2.18,60.82
4.41,33.39,0.78,1.15,22.11
95.66,46.36,4.77,1.91,68.61
76.9,21.2,9.22,1.3,62.15
85.36,13.72,1.04,3.23,42.91
47.9,29.32,9.02,2.08,55.38
79.5,14.85,2.95,3.67,49.85
91.14,45.9,6.61,4.11,72.13
89.71,36.14,6.62,4.34,63.19
27.69,49.18,9.94,4.06,62.15
17.1,11.78,5.61,1.1,32.55
64.84,10.88,3.0,1.41,41.44
44.47,31.86,3.41,1.04,37.44
85.9,22.38,8.86,1.47,60.93
45.14,12.41,4.27,3.81,45.27
15.89,11.51,7.91,2.85,38.84
37.5,15.43,7.54,2.78,40.76
96.24,18.47,2.95,1.62,56.99
69.83,26.63,2.66,2.54,49.58
16.8,29.56,3.82,3.22,36.51
18.79,48.8,7.33,2.95,53.38
38.66,25.18,1.9,2.16,35.81
94.05,13.01,8.59,4.22,68.37
51.66,0.39,4.87,2.91,33.69
26.98,22.69,3.01,1.94,30.17
21.13,37.92,2.36,2.49,39.36
24.76,31.94,6.55,2.53,45.93
53.59,4.27,9.44,1.18,49.64
21.3,31.39,7.03,2.14,47.61
10.6,13.87,3.28,3.38,25.6
82.24,46.36,1.21,1.11,51.36
65.51,36.67,6.59,2.13,65.18
59.54,37.56,6.47,4.94,63.56
25.54,33.78,6.48,4.47,51.44
41.99,2.25,1.57,1.7,25.39
87.93,40.55,5.08,4.7,68.35
26.2,5.1,8.83,1.66,35.46
43.24,0.42,4.59,1.94,40.18
9.79,1.4,7.5,3.36,35.92
38.95,13.56,3.37,3.46,35.72
8.47,47.84,4.08,1.46,42.86
77.06,19.95,0.94,3.19,40.46
99.82,17.58,4.07,1.32,59.11
7.54,16.21,9.93,4.71,47.73
36.04,3.17,7.56,4.85,39.56
95.21,24.57,9.83,1.49,59.33
12.09,49.19,3.28,4.73,56.12
81.04,39.69,9.01,3.29,71.46
11.04,48.8,0.9,2.38,35.68
46.15,5.97,8.23,2.31,38.33
78.33,14.37,1.63,1.94,43.55
78.91,26.45,0.54,3.68,44.08
80.37,0.85,9.92,3.22,55.74
32.39,3.5,8.9,1.15,39.66
53.95,22.36,3.46,2.23,47.1
12.9,19.44,6.43,1.17,29.49
99.36,3.99,8.13,3.89,59.67
73.36,30.68,4.32,3.58,58.5
39.31,39.3,4.88,2.87,51.52
49.4,11.33,8.95,3.01,47.08
58.33,39.2,5.61,4.76,56.54
35.85,47.61,5.63,2.65,52.62
33.06,40.99,1.06,3.15,46.2
90.75,5.34,2.72,2.23,47.42
15.92,9.56,2.55,4.38,22.36
95.04,38.49,1.48,4.14,61.59
54.89,37.84,2.33,2.93,47.19
46.07,4.49,8.4,4.5,50.28
47.04,14.48,1.68,2.88,30.18
1.47,15.26,8.67,1.76,39.41
32.54,44.33,9.33,4.92,65.3
46.06,47.43,2.56,1.5,44.98
4.69,11.29,8.93,4.74,34.2
1.22,17.08,0.61,4.09,20.48
0.63,6.49,2.82,1.91,16.48
61.85,1.6,8.7,2.87,53.74
0.72,48.06,6.35,3.1,47.74
95.29,31.43,6.11,3.59,65.85
62.57,8.96,6.47,1.32,42.95
71.84,26.69,5.6,4.92,54.26
4.18,16.99,6.81,2.21,31.06
50.82,48.34,7.39,1.1,64.51
20.69,34.44,6.03,2.36,43.4
92.03,23.95,3.49,3.26,60.98
35.55,25.02,8.04,3.77,49.46
19.89,2.14,7.69,4.96,33.32
43.02,5.17,5.82,2.11,26.33
32.29,18.75,1.35,2.41,24.26
14.41,4.88,7.68,4.98,33.67
77.96,34.01,5.92,2.99,56.24
21.73,33.4,7.84,2.68,46.47
90.85,9.22,0.69,3.08,44.0
73.65,20.08,6.91,4.58,53.49
86.17,37.98,9.05,3.34,73.73
72.87,1.11,8.72,2.3,47.97
88.5,8.54,2.59,4.83,48.9
95.69,1.94,6.34,3.79,46.92
1.07,22.72,8.97,1.73,32.75
25.84,44.04,3.74,1.79,42.65
90.53,13.81,7.38,2.08,54.37
54.53,38.73,4.14,2.35,49.55
92.15,24.39,1.96,2.82,43.17
46.22,26.91,7.36,3.66,59.88
34.16,40.59,3.95,2.24,48.48
83.27,40.61,4.39,3.6,72.2
26.32,11.85,7.94,3.81,43.64
40.73,28.11,2.42,3.75,35.87
82.64,32.55,2.39,1.17,52.54
39.04,8.51,7.38,2.55,35.3
65.56,22.19,0.06,2.88,41.98
15.17,0.62,7.97,1.82,23.59
20.99,22.03,3.68,4.45,33.81
98.02,39.82,2.81,4.46,69.61
19.33,7.62,1.49,2.21,19.85
16.46,37.07,8.01,2.51,49.5
1.62,6.44,6.54,1.79,29.55
7.68,21.21,8.27,3.57,35.08
39.95,37.4,9.01,4.67,62.1
61.6,17.8,9.39,4.32,58.31
88.16,27.25,1.8,3.99,57.37
98.77,27.1,1.09,1.15,46.23
35.51,41.49,6.44,3.7,54.73
49.66,29.07,8.33,3.0,54.65
40.25,8.6,6.97,2.04,39.88
46.3,10.85,3.36,4.06,43.33
85.48,13.34,3.78,3.7,47.83
41.35,40.7,8.07,1.64,44.35
74.34,34.74,9.91,1.43,62.67
85.64,44.16,2.24,3.99,59.45
40.85,34.41,8.06,1.67,56.21
34.06,25.25,5.42,3.84,47.45
9.09,24.76,7.5,2.11,35.11
67.36,48.29,9.77,3.69,75.04
79.92,25.51,0.52,2.07,45.2
63.4,27.1,7.59,1.25,53.15
27.6,39.48,6.63,2.93,56.89
70.34,6.59,1.51,2.8,32.68
22.37,14.91,8.67,1.36,41.08
80.44,39.67,5.07,4.78,67.86
94.17,8.91,9.28,3.88,64.6
32.56,9.55,5.19,4.8,32.6
60.41,10.6,4.53,4.55,40.25
45.47,47.01,4.75,3.0,57.17
33.26,49.34,5.17,1.3,53.14
89.14,6.67,1.86,3.4,42.25
31.56,19.45,6.08,3.13,37.06
79.27,16.24,3.61,1.47,42.31
75.32,15.3,6.66,3.81,50.66
11.16,13.59,8.24,4.19,31.72
82.85,31.07,2.0,2.89,55.6
37.53,35.52,2.16,4.23,45.78
36.85,5.71,3.63,1.72,31.04
44.52,0.02,9.82,1.04,37.93
39.99,8.77,7.6,2.9,42.39
42.14,28.88,3.12,4.57,41.32
75.46,35.87,2.16,1.19,46.58
31.1,43.58,4.83,3.22,55.49
15.86,23.85,7.02,4.59,38.55
75.61,1.83,5.82,1.48,44.47
42.93,27.8,0.95,2.09,40.06
53.81,42.64,8.68,4.79,69.2
17.28,23.53,2.72,4.91,33.87
67.5,49.67,5.76,4.44,71.2
61.36,43.56,9.4,3.16,74.82
63.6,12.78,8.35,3.51,59.56
93.12,45.23,1.14,3.64,64.43
7.47,6.76,1.85,2.7,19.48
51.97,36.72,4.58,4.22,59.87
4.64,9.59,0.31,4.84,16.13
36.73,4.08,3.29,3.97,30.09
64.32,10.65,9.88,3.16,47.61
81.35,30.18,0.96,4.19,63.67
27.7,47.97,7.18,2.26,62.84
89.61,11.15,4.6,1.67,55.97
92.11,38.32,0.82,3.98,58.71
92.09,18.91,1.61,1.81,49.37
43.77,5.86,9.63,3.53,41.92
62.54,41.15,3.92,4.53,54.22
47.6,16.69,7.72,4.25,48.65
6.8,3.5,9.5,2.84,37.62
27.39,24.53,4.46,2.25,44.35
83.75,31.12,2.09,3.13,51.27
18.13,38.3,4.59,2.52,43.74
44.49,41.07,6.67,3.57,60.38
67.45,18.65,7.76,1.93,54.0
41.24,46.24,9.67,4.57,66.64
58.35,37.71,3.85,2.96,54.56
56.52,16.17,3.72,2.8,36.75
12.88,4.61,9.45,2.63,32.66
3.91,32.41,3.83,2.01,28.09
52.34,11.96,3.81,3.77,46.18
63.41,28.72,1.06,4.77,43.95
55.72,39.77,6.25,3.33,61.21
97.51,9.64,7.0,4.51,59.66
15.27,21.46,4.42,1.08,33.34
8.65,18.43,7.98,4.49,38.37
83.5,27.45,2.03,1.9,54.73
89.18,20.9,7.96,3.25,58.08
96.92,15.86,2.98,2.63,60.69
89.28,32.54,0.67,3.35,51.84
39.75,24.27,9.3,2.06,47.01
56.75,39.65,1.92,4.5,60.15
63.74,6.95,5.32,2.57,43.45
57.07,47.85,1.79,2.2,48.66
42.01,5.23,9.84,4.19,40.57
82.7,8.25,5.66,1.51,51.48
77.13,40.29,5.91,4.24,66.72
3.15,37.14,7.71,3.68,47.67
91.49,42.4,9.18,2.67,75.51
42.11,34.85,9.62,3.9,49.65
73.07,17.69,7.78,1.32,50.65
97.01,30.29,2.64,2.89,71.59
65.06,13.94,2.16,2.67,43.5
26.4,31.93,7.77,4.47,50.88
60.65,32.88,7.0,2.89,63.06
43.07,21.15,1.86,1.38,31.11
18.22,26.47,4.32,1.35,38.59
15.29,23.33,1.83,3.71,30.2
76.67,46.09,5.62,1.5,58.42
43.0,30.03,5.94,2.42,54.1
43.91,20.03,0.22,2.38,37.58
35.72,12.64,9.19,1.23,45.52
61.03,41.79,8.39,2.41,65.78
62.66,0.88,9.77,4.83,50.94
79.36,18.81,1.98,3.69,42.76
30.34,13.64,7.03,2.62,38.32
60.23,17.69,9.61,4.51,56.85
50.79,32.56,4.15,1.72,44.13
9.52,39.44,8.93,3.2,47.96
86.12,37.67,4.85,1.33,59.2
60.96,6.61,2.34,4.42,43.21
48.35,9.57,8.0,3.41,42.09
51.82,15.7,7.23,3.02,55.8
52.37,38.16,3.07,1.54,45.34
41.04,49.33,9.66,4.04,61.57
51.3,2.29,7.13,1.78,32.78
82.5,40.48,9.72,2.16,68.47
37.71,39.04,0.36,2.56,44.94
75.87,29.73,8.03,2.94,64.41
1.23,48.81,2.34,3.51,34.07
31.83,31.23,3.87,3.4,43.92
74.39,33.91,2.65,1.11,48.16
65.46,29.61,9.44,4.99,70.42
9.61,3.18,5.79,3.32,20.32
35.81,23.56,3.51,2.84,32.21
44.18,13.68,1.55,2.82,34.88
81.46,9.92,3.76,1.38,42.58
10.93,11.77,7.03,4.87,33.34
15.29,1.12,3.31,4.3,28.45
30.2,26.07,5.14,4.75,41.33
40.58,41.91,5.73,3.44,55.81
70.63,34.94,6.29,2.7,63.92
39.41,17.87,2.27,3.55,32.67
71.86,23.69,5.73,1.84,56.25
22.89,49.31,8.14,1.72,55.77
36.21,18.93,0.39,3.35,33.97
77.37,42.18,1.06,2.94,53.09
43.39,19.73,2.74,2.11,30.31
50.89,4.99,2.19,1.6,25.22
42.45,28.94,5.87,3.99,48.79
9.42,16.4,6.42,2.55,30.18
50.77,11.5,2.04,2.87,38.27
4.57,31.62,7.24,1.83,40.82
15.82,40.92,9.44,4.25,49.15
73.44,34.37,3.14,3.11,61.13
74.33,47.77,2.95,1.73,59.93
97.02,5.84,1.72,3.92,40.07
74.92,4.06,1.76,1.5,30.38
39.83,48.41,6.24,3.84,61.98
20.54,31.84,3.07,3.97,40.7
20.84,23.2,6.84,4.88,45.28
25.45,37.09,7.44,2.77,52.25
91.34,30.62,3.71,2.46,59.47
42.91,26.15,9.44,3.64,61.35
52.63,23.68,6.89,1.49,48.38
51.65,3.53,1.35,2.59,28.75
11.61,12.09,6.44,2.15,33.46
60.5,23.68,5.64,3.69,52.74
0.51,46.84,9.39,2.98,52.16
63.73,27.24,2.21,1.7,49.08
23.11,31.85,9.92,2.03,51.06
95.97,1.51,8.21,3.63,67.87
63.02,3.91,3.63,4.33,40.33
49.62,6.31,9.62,2.33,41.46
11.8,46.6,2.45,1.14,39.95
27.4,20.75,4.28,3.37,44.6
27.95,41.51,3.71,1.94,46.35
93.15,49.62,7.98,3.53,81.32
51.62,48.02,8.4,3.64,69.83
51.11,49.86,2.79,2.15,58.82
47.3,46.4,3.45,1.49,47.59
35.38,6.95,0.2,2.16,23.69
66.82,21.17,7.56,4.64,56.67
46.71,33.27,4.04,4.59,50.23
56.15,15.89,5.23,4.46,47.09
71.23,7.7,5.84,1.77,42.8
64.54,14.31,5.72,2.0,46.27
17.68,4.66,6.48,1.85,37.6
90.93,3.85,5.12,3.57,51.03
17.08,23.5,4.49,3.87,34.99
56.41,0.92,5.21,3.19,36.36
91.75,14.24,2.97,2.53,50.39
98.37,47.09,2.54,1.87,71.8
35.59,28.95,1.96,1.57,39.32
55.45,26.94,3.46,3.92,52.2
64.87,42.99,0.33,1.01,45.68
23.42,9.0,6.26,3.97,37.25
41.44,20.04,8.18,3.29,52.62
60.33,49.8,7.52,3.97,70.64
20.82,2.62,2.9,4.76,31.37
75.68,24.99,6.76,1.03,58.7
99.69,31.55,8.5,3.43,76.0
0.42,19.29,4.86,3.65,33.36
99.66,33.62,3.68,1.79,62.63
49.03,2.49,5.07,4.7,33.8
79.18,40.88,6.28,4.18,62.19
49.57,19.32,5.24,2.44,43.07
46.7,26.36,3.04,1.87,32.3
7.89,15.05,5.01,2.95,32.29
27.05,22.83,3.6,3.72,38.54
3.9,2.45,0.64,2.12,11.78
54.11,3.79,1.47,1.64,30.2
66.0,20.32,1.38,3.62,32.98
40.25,41.75,2.73,2.46,45.74
89.83,48.61,6.34,2.56,75.75
95.42,1.12,2.76,1.74,48.74
24.35,24.8,4.21,1.4,35.1
32.91,31.35,1.66,1.09,40.24
19.96,18.35,8.41,1.84,38.8
21.64,11.74,6.06,3.86,37.08
67.88,40.8,6.66,3.48,65.01
76.52,22.97,4.02,2.78,48.0
96.93,27.94,7.15,2.86,62.04
51.9,13.33,4.73,4.09,39.15
40.52,44.74,5.79,3.66,52.14
94.74,7.5,0.71,4.76,41.84
5.11,5.46,8.83,4.16,32.98
52.4,18.63,4.3,3.42,43.19
29.84,49.87,5.15,2.21,51.35
73.18,27.32,2.32,2.26,47.58
32.65,4.45,3.1,4.73,27.29
12.92,12.71,3.6,3.92,27.92
95.23,46.9,4.23,3.73,74.08
96.04,5.55,8.36,2.75,57.31
93.0,13.6,6.19,3.17,53.74
16.18,18.06,3.73,3.73,26.96
32.18,26.98,8.25,4.63,55.6
37.88,15.83,7.04,2.91,49.87
40.64,23.31,5.62,4.84,49.61
52.55,20.71,9.75,3.61,59.5
82.07,9.83,7.44,3.92,55.22
99.78,1.68,5.54,3.82,48.4
75.53,10.53,1.63,4.14,44.76
76.51,14.08,8.34,1.62,59.34
46.97,30.68,8.22,2.47,51.1
29.79,45.48,5.38,3.26,50.42
97.21,10.41,8.1,4.75,62.81
39.42,1.45,8.47,2.94,39.72
96.45,38.59,0.91,1.35,51.43
74.45,5.65,4.85,1.35,42.33
32.97,18.33,6.97,1.95,42.54
20.55,28.14,5.55,2.51,40.65
71.92,8.68,5.99,2.49,54.34
66.84,15.01,1.75,4.22,41.51
57.65,13.27,7.02,2.59,44.84
54.17,21.8,3.85,3.64,46.95
27.56,12.69,0.17,2.54,20.73
91.43,36.95,1.86,2.65,55.54
50.93,29.21,6.65,3.9,63.14
91.63,37.54,0.58,1.67,54.19
80.52,49.49,2.8,3.48,61.44
74.69,3.21,2.29,4.61,48.9
16.58,6.74,4.85,1.94,25.51
14.08,12.39,5.84,3.41,24.7
36.71,17.07,0.66,3.82,29.74
95.2,3.27,0.66,1.23,53.39
13.03,24.71,7.98,2.23,49.2
5.95,10.62,3.05,1.79,13.79
19.98,35.25,4.85,4.79,42.09
25.32,12.4,5.04,2.48,37.32
59.14,17.33,7.64,1.24,43.1
12.28,11.04,6.26,3.19,33.66
76.01,7.79,8.9,1.93,55.21
58.28,8.3,0.3,1.03,31.72
59.91,42.38,3.17,2.66,54.55
82.48,37.52,4.49,2.4,62.14
33.92,46.67,1.83,2.01,41.91
94.77,30.59,0.47,1.6,51.85
46.03,8.77,6.32,4.09,39.69
65.78,16.75,9.67,3.14,53.57
78.86,2.46,5.48,1.79,50.31
37.42,37.46,5.48,1.42,50.93
82.29,1.89,0.59,1.46,40.53
4.25,13.87,5.4,4.42,37.13
53.38,26.08,2.81,2.9,44.41
52.4,35.6,8.0,1.39,48.59
8.89,18.07,0.23,4.66,18.33
57.0,14.24,6.79,4.23,53.18
98.18,44.5,4.78,3.35,71.11
69.14,20.83,7.81,1.87,55.23
32.01,45.01,4.15,1.37,51.16
60.51,7.39,9.77,2.06,43.31
77.94,11.69,2.32,3.59,42.96
75.26,18.21,7.65,2.37,55.73
74.79,20.29,0.82,3.04,41.83
80.42,5.44,1.9,2.19,37.85
40.38,29.64,8.29,1.05,54.17
74.78,26.89,6.67,1.36,60.76
48.88,23.95,3.12,3.72,41.56
35.09,22.37,0.68,2.13,34.07
44.34,8.01,7.52,2.25,45.18
97.42,4.24,1.31,3.53,38.07
73.03,4.47,6.16,1.53,40.25
49.4,29.69,3.79,4.04,50.7
98.47,13.64,7.88,3.46,66.85
64.95,6.84,4.76,1.78,42.04
56.7,46.35,5.92,4.17,64.73
65.14,43.27,1.29,2.54,57.0
43.03,45.66,3.16,1.92,51.57
4.22,48.3,7.54,2.62,58.23
43.36,39.65,9.81,3.84,57.9
24.86,44.98,5.61,3.65,59.14
94.19,43.01,1.35,3.4,62.21
72.74,24.76,1.57,1.71,49.9
11.85,24.0,0.72,4.21,28.86
18.0,8.36,7.72,3.74,39.54
4.03,25.78,6.93,3.86,39.14
79.14,26.98,5.38,2.83,58.19
74.01,3.24,6.59,4.56,45.35
33.15,37.35,6.42,4.58,53.25
17.05,2.99,3.48,1.47,25.77
26.09,24.02,7.9,3.97,49.75
59.3,35.74,5.0,1.59,51.28
13.42,2.54,3.02,2.34,21.06
3.49,3.64,8.53,4.3,20.86
28.76,40.44,9.54,3.2,57.48
99.94,21.92,1.76,2.08,46.5
13.82,48.86,5.47,3.44,56.39
67.02,42.21,8.88,2.62,75.22
93.44,20.5,3.08,4.16,63.06
88.73,29.12,6.99,1.65,62.98
64.56,0.64,2.43,1.86,32.57
46.71,26.24,9.85,3.56,56.61
73.64,49.3,5.72,1.36,64.42
87.4,0.07,1.04,2.85,42.18
38.36,13.03,7.87,1.77,43.74
55.72,2.75,7.82,2.31,37.07
53.38,1.93,3.6,3.38,28.5
1.15,39.09,3.14,2.75,40.67
86.73,27.8,2.37,4.51,54.42
84.45,13.5,5.03,2.82,47.92
87.43,42.44,0.47,3.03,54.67
16.94,16.15,2.47,4.24,26.73
23.69,38.39,2.32,4.88,42.67
49.63,1.97,4.17,2.36,35.09
29.9,45.03,6.47,4.12,53.68
15.87,19.56,2.41,1.05,25.95
0.71,34.75,3.04,1.99,35.66
17.16,8.13,8.82,1.09,37.42
16.93,21.49,3.55,4.61,44.06
50.33,43.12,4.97,4.14,56.89
89.34,6.96,7.5,2.61,55.6
5.6,48.0,3.47,1.17,37.86
4.45,40.12,8.93,2.15,47.74
97.44,27.06,6.97,3.55,66.02
1.0,39.23,5.59,3.2,48.51
19.6,49.28,3.37,4.19,47.22
74.62,37.41,3.92,3.95,59.24
59.5,32.82,6.67,4.48,58.18
41.65,13.9,0.28,1.8,26.76
95.57,46.31,5.86,4.94,76.6
11.01,22.4,2.41,1.32,28.78
58.43,37.35,3.99,4.96,56.14
84.06,2.9,0.55,3.09,30.75
89.55,22.67,1.3,1.37,57.41
9.56,11.03,2.1,3.6,23.74
57.19,12.04,8.79,3.98,49.47
24.07,9.34,5.88,3.99,32.54
35.97,14.43,4.53,2.76,33.66
11.64,47.04,6.25,1.18,39.44
8.79,39.61,5.84,2.29,37.95
98.13,29.27,0.62,2.15,57.38
35.02,31.66,2.06,1.01,41.19
46.92,16.88,4.58,4.99,43.96
68.34,26.13,4.65,2.91,53.2
90.38,14.4,4.96,1.86,55.53
83.37,22.41,0.72,1.61,44.21
61.95,25.17,6.17,1.24,53.37
95.14,6.52,5.81,4.2,55.48
26.71,49.97,4.74,3.94,49.87
82.15,10.12,6.89,3.83,53.72
8.28,16.06,8.84,3.71,44.19
73.34,12.38,6.24,3.12,50.43
75.62,24.62,3.32,3.28,57.42
70.37,40.6,2.66,3.44,58.47
65.43,39.2,8.5,3.79,66.93
97.53,5.78,2.77,1.31,38.82
18.87,41.6,9.44,4.77,56.51
49.7,15.54,0.64,4.61,38.89
30.44,39.11,4.27,4.74,47.6
47.18,9.77,4.03,3.82,40.91
76.29,20.71,0.24,3.46,41.68
79.81,8.66,8.92,3.71,59.09
45.3,15.21,3.24,4.7,44.12
8.92,17.37,8.62,1.94,36.4
18.8,37.05,3.25,3.34,42.08
63.24,28.22,3.5,1.39,44.45
65.84,26.8,6.64,1.75,53.68
79.04,35.85,3.7,4.23,67.19
38.2,14.39,8.0,2.33,41.67
59.64,46.3,6.31,3.05,59.61
29.05,31.96,4.52,3.94,43.51
74.77,24.95,5.67,2.68,59.4
12.21,14.68,2.07,2.56,22.31
40.69,43.4,3.87,3.15,45.49
88.7,11.21,1.38,1.78,42.33
68.15,41.5,4.31,1.91,55.27
51.25,25.98,4.05,3.19,46.31
48.91,30.24,3.98,4.14,47.3
11.35,45.59,5.01,3.62,44.32
5.19,14.61,9.39,3.68,38.03
88.2,24.29,0.23,1.39,41.48
22.3,5.24,6.95,2.9,33.53
59.19,27.06,5.94,3.05,46.98
21.53,37.33,8.59,1.91,59.93
95.23,6.4,8.07,1.78,58.36
56.15,37.41,6.4,1.24,52.53
27.44,15.78,5.3,2.55,34.63
62.54,13.83,2.3,3.96,37.05
34.59,35.8,9.58,2.04,57.11
20.13,35.77,9.6,1.58,52.88
13.1,4.94,5.06,4.74,33.59
31.82,38.53,2.43,2.9,48.04
97.95,8.57,9.88,2.1,60.79
47.14,47.05,9.39,2.36,65.36
41.57,6.72,5.21,4.45,37.12
44.71,36.98,0.2,3.14,42.89
7.87,11.45,3.02,4.73,30.39
87.59,27.31,2.26,4.48,56.16
63.98,29.44,2.28,1.82,44.12
36.34,24.18,2.59,4.97,41.22
41.17,24.1,3.12,2.96,38.36
86.3,44.72,4.85,4.46,65.48
60.09,22.42,5.15,2.46,45.94
32.79,31.94,6.88,3.4,45.89
14.33,12.36,5.78,3.85,32.6
98.39,9.56,7.96,3.19,60.12
55.67,48.59,8.06,2.31,58.07
68.72,14.9,3.43,3.12,45.11
41.29,35.47,1.37,3.25,45.57
36.62,13.4,6.02,2.85,40.27
22.99,33.84,0.7,2.66,27.98
49.89,46.95,2.33,1.34,47.25
83.69,10.42,2.7,3.72,41.55
4.09,2.63,9.07,2.45,31.76
55.05,47.07,3.39,3.4,64.73
56.2,26.6,6.28,4.54,56.73
16.04,29.83,3.56,1.68,44.75
4.74,38.04,4.0,1.76,36.48
54.99,42.13,5.62,3.16,60.27
43.03,32.52,3.68,3.53,44.53
74.67,16.17,8.35,1.53,54.29
58.05,41.01,1.17,3.33,40.56
38.52,32.84,2.85,3.63,46.67
61.64,13.82,8.22,2.77,56.16
62.27,6.38,8.84,4.48,40.35
29.13,31.31,6.08,4.71,50.06
24.09,28.14,9.62,4.92,52.76
88.04,21.13,4.79,3.54,56.99
53.93,13.66,1.69,2.83,32.99
28.34,37.33,8.91,1.81,53.74
88.16,48.83,9.89,3.85,80.01
37.51,15.01,6.62,2.57,38.85
16.73,23.98,9.34,1.93,44.25
21.53,48.31,5.36,3.43,47.74
28.35,26.14,1.27,2.43,34.24
73.8,44.22,0.29,4.18,66.01
27.36,13.78,7.57,3.67,35.07
92.38,18.18,0.4,1.71,43.51
12.21,22.83,6.85,1.22,29.34
41.67,11.39,5.51,4.71,35.74
71.08,5.55,9.2,1.78,50.3
97.62,45.01,7.15,2.35,75.13
82.62,10.04,2.23,2.32,43.45
36.03,18.53,3.92,1.08,34.61
31.89,8.6,3.01,4.31,28.97
2.38,45.51,6.86,2.36,49.37
17.64,40.83,6.28,4.99,52.4
11.17,18.88,1.08,2.16,24.53
66.23,9.88,1.13,1.74,31.64
5.21,11.84,0.28,4.82,18.34
4.5,3.03,8.58,4.15,29.07
76.5,16.49,5.52,3.62,55.38
4.73,32.92,7.41,1.25,43.66
58.84,14.33,1.35,4.86,44.95
4.35,22.0,5.7,2.5,25.51
43.69,43.45,9.0,4.96,60.45
99.49,27.52,2.72,3.85,61.43
30.31,29.12,4.73,3.49,43.46
98.55,9.06,7.17,4.64,65.61
59.75,12.28,3.81,3.35,44.91
78.4,16.87,3.75,2.6,46.59
27.85,13.78,1.81,3.31,30.99
55.94,32.55,5.68,3.53,52.01
35.4,14.97,7.38,3.07,43.78
15.94,20.47,1.67,4.41,26.94
90.73,25.96,2.85,3.78,52.95
99.44,1.43,8.45,1.13,59.24
37.99,28.18,7.49,2.66,54.68
28.19,45.09,8.57,3.94,51.76
70.62,22.63,6.22,1.95,64.38
6.88,18.3,1.94,3.44,26.91
14.18,41.58,9.8,1.17,56.18
4.35,10.66,0.66,1.85,16.43
62.35,0.56,7.49,1.51,40.56
93.69,31.94,4.75,3.39,69.89
53.95,22.47,7.3,1.03,50.61
4.27,14.65,3.12,4.05,27.58
52.7,17.43,9.39,3.93,60.6
80.79,16.86,2.13,1.86,41.81
15.37,26.58,1.68,2.72,31.0
36.7,26.16,3.24,1.09,39.72
44.17,30.06,2.45,3.69,43.27
38.4,24.18,4.27,3.89,40.9
98.64,39.34,7.2,4.15,80.93
70.99,45.98,0.51,1.99,59.06
60.19,44.28,7.79,4.28,61.17
8.98,21.45,8.78,4.22,43.61
27.74,49.94,0.79,3.84,44.8
37.71,44.94,7.41,1.62,60.07
50.77,19.06,6.1,1.8,47.92
51.24,17.66,5.81,1.18,40.41
46.51,40.94,1.84,4.2,46.85
69.74,32.03,6.26,4.36,58.71
45.64,9.07,9.45,3.86,46.83
41.82,45.84,0.96,4.33,52.09
10.92,11.9,2.65,2.54,22.62
91.96,15.3,4.81,1.79,48.59
59.23,43.29,1.65,4.2,56.88
9.58,23.27,2.25,1.43,30.36
26.76,32.75,8.2,2.55,54.45
60.85,18.55,8.19,1.34,50.68
60.81,14.49,7.12,1.72,50.54
1.53,23.44,2.53,4.74,27.37
91.55,47.21,9.55,3.5,86.51
29.74,19.74,4.41,4.26,33.38
89.21,15.12,4.53,3.39,57.37
84.67,5.52,8.09,3.0,51.89
92.25,27.37,0.32,1.53,47.62
18.28,22.61,4.17,2.14,31.48
60.51,48.32,0.62,2.25,54.38
21.26,48.73,4.79,3.1,51.3
69.21,46.1,9.24,1.16,75.9
81.97,43.47,8.1,2.13,67.57
42.33,38.31,3.49,1.05,48.92
26.81,37.68,9.99,3.03,54.49
1.42,4.94,5.21,4.81,29.86
94.98,16.04,8.61,3.37,64.92
2.9,27.0,5.81,2.86,41.46
67.01,42.8,6.58,1.14,60.87
85.27,48.38,6.35,3.56,68.62
34.69,43.51,2.61,4.73,58.15
18.29,12.26,8.29,3.51,42.21
35.52,28.44,5.51,3.99,50.02
67.96,42.36,3.43,4.73,59.91
90.45,16.8,7.99,2.74,59.76
30.66,18.7,1.07,2.16,26.95
47.13,42.95,4.38,3.24,56.19
48.18,26.15,5.7,2.07,44.88
17.82,17.11,5.17,4.8,28.79
9.32,8.5,1.08,4.57,25.06
70.07,29.55,0.91,4.98,58.54
31.53,8.58,0.55,3.15,27.34
4.74,12.18,3.13,3.68,18.65
34.49,24.56,1.51,3.44,33.16
17.94,16.23,3.74,1.91,29.87
25.01,26.4,0.68,2.09,35.5
20.05,4.12,9.52,1.95,34.09
63.43,48.72,9.04,4.82,68.43
34.07,35.57,6.18,2.79,49.5
32.85,15.73,3.71,1.93,27.14
72.63,45.53,9.88,4.93,75.42
43.14,5.76,5.27,4.96,41.18
63.82,25.99,2.35,1.46,45.44
75.8,18.25,5.16,2.34,47.92
4.46,0.69,8.6,2.33,25.66
79.56,33.76,7.41,3.45,63.39
73.3,26.81,3.94,1.92,49.57
88.77,31.52,8.21,3.73,67.57
49.79,43.83,6.06,3.24,60.73
65.22,5.29,0.1,4.14,32.89
20.74,7.42,0.28,2.84,21.97
29.12,38.8,8.92,2.09,57.6
7.49,3.64,1.67,1.89,20.7
1.86,22.61,7.11,1.87,41.98
22.13,1.39,4.37,1.25,22.44
25.23,1.8,2.99,4.18,31.05
24.1,2.78,9.54,1.56,31.19
0.77,49.82,8.11,4.08,58.27
1.08,42.43,6.92,2.28,47.97
97.48,40.21,7.89,2.73,72.99
73.35,20.83,6.11,4.42,56.26
30.42,37.78,9.62,2.76,50.68
17.15,0.88,3.39,3.16,21.8
23.49,43.12,3.38,3.85,41.3
28.78,41.8,9.73,4.32,66.36
0.86,42.07,7.34,1.69,45.92
61.62,30.21,2.46,1.76,45.45
33.55,29.22,8.71,4.93,56.28
12.88,41.29,1.99,1.72,35.62
86.65,47.92,3.5,3.01,66.25
80.03,19.62,9.49,1.75,62.72
55.47,14.81,9.72,1.01,47.94
77.47,23.32,5.52,2.83,49.74
52.81,44.51,9.25,1.51,68.9
20.75,3.55,6.04,3.74,31.33
97.85,17.88,9.21,2.01,69.0
54.29,30.22,4.71,3.95,49.25
6.05,46.03,0.4,4.47,41.31
13.03,38.25,3.57,2.81,31.67
37.36,41.06,8.14,2.53,52.12
76.97,24.94,2.54,2.28,47.07
86.89,47.21,0.81,4.2,57.63
99.48,37.48,8.37,4.7,76.06
66.38,29.83,0.13,2.03,44.74
87.97,3.65,2.81,4.2,46.73
65.91,16.06,7.79,3.92,50.47
92.67,24.65,6.45,4.69,67.33
97.51,17.94,9.62,4.23,72.48
47.44,7.53,0.95,2.95,29.57
28.12,6.02,5.84,1.07,26.24
46.61,44.06,0.01,3.84,42.44
46.12,21.59,0.58,4.88,40.36
22.09,9.97,8.21,4.25,37.65
86.38,19.08,4.18,2.0,47.53
88.74,9.53,1.64,4.64,43.59
18.8,21.58,0.15,4.39,24.51
37.24,30.47,9.77,4.72,65.41
49.49,33.27,2.93,1.46,41.63
6.71,34.39,3.4,2.91,36.97
0.92,23.17,0.5,4.21,26.49
58.52,28.81,7.06,3.02,56.12
28.68,47.06,6.29,2.5,51.05
76.93,30.46,8.95,4.57,68.84
73.05,3.8,9.42,1.71,45.77
33.84,20.11,9.98,4.51,49.89
53.3,25.66,7.1,3.81,53.75
45.97,46.02,6.99,2.37,62.13
76.55,18.87,8.71,4.53,62.79
32.42,0.95,2.27,3.85,23.89
82.88,34.83,5.64,1.92,61.18
68.79,47.21,9.27,3.24,72.95
47.3,43.97,2.93,2.01,48.04
31.99,39.78,8.83,4.47,59.38
58.42,13.11,3.91,1.0,34.21
85.75,45.03,2.94,2.24,60.22
10.37,29.76,3.3,3.71,34.53
91.37,27.4,5.5,2.0,64.62
76.22,37.72,9.14,2.27,64.01
22.76,14.44,4.91,3.53,37.5
1.45,16.33,6.18,2.56,28.58
53.81,40.5,8.44,2.14,60.21
6.25,16.4,3.11,3.42,29.48
93.85,15.38,6.65,4.64,61.5
45.31,10.95,8.84,1.9,48.74
38.3,46.44,5.75,3.61,52.91
0.88,41.74,0.25,3.89,29.02
50.94,41.54,2.26,3.37,49.43
69.04,43.62,3.49,1.83,56.74
56.49,7.94,0.84,2.5,35.52
95.37,21.05,7.23,2.49,67.91
74.63,0.55,5.8,2.63,52.74
69.36,49.5,1.45,2.6,57.75
44.75,8.7,2.18,4.63,32.93
49.23,12.42,3.85,2.22,30.09
55.7,20.33,9.37,1.5,52.23
96.77,13.2,6.41,1.24,55.19
85.51,45.8,5.62,1.75,73.84
12.6,31.3,6.28,1.24,41.31
13.07,1.41,1.34,4.67,22.9
73.52,48.85,4.83,1.94,66.19
29.49,49.92,4.15,2.77,47.68
36.36,23.9,6.15,2.03,38.09
17.3,35.3,9.39,2.03,50.59
4.77,28.6,2.58,4.66,30.7
20.7,1.71,0.9,1.35,10.45
74.9,20.23,6.39,1.6,52.42
60.71,0.38,5.98,3.89,43.28
45.76,18.21,4.07,3.73,44.18
72.4,10.89,9.08,4.85,52.48
67.0,31.24,2.77,2.92,56.68
20.13,27.86,3.33,2.96,34.66
4.33,27.46,2.18,1.82,33.42
2.56,9.35,0.35,4.92,16.28
2.62,45.71,0.11,3.19,34.78
56.65,34.26,6.36,3.02,54.13
18.08,38.84,1.2,2.08,37.74
68.09,31.17,8.62,3.42,58.58
4.76,13.69,5.19,3.51,28.94
61.79,32.93,8.09,4.4,66.66
37.65,29.71,0.78,3.43,37.49
32.03,32.57,6.07,2.83,50.76
84.2,38.2,0.07,1.79,52.96
76.24,15.6,5.25,4.29,57.68
59.57,23.59,3.51,1.69,50.29
98.37,33.45,8.72,2.72,69.22
79.03,36.98,0.21,2.73,51.89
0.02,42.04,8.32,2.4,41.49
51.42,7.61,3.29,3.12,34.93
52.73,35.22,4.99,3.83,52.65
51.89,29.3,6.33,2.34,50.21
79.38,45.47,5.71,3.59,64.0
25.49,10.56,4.58,2.27,38.91
66.14,33.99,5.78,1.95,56.99
97.49,26.01,4.27,4.91,58.06
12.35,30.28,9.31,1.8,45.87
71.42,15.89,3.39,1.94,43.83
66.31,32.42,1.28,1.51,48.91
41.41,19.87,5.32,3.8,53.08
91.69,15.1,7.85,4.87,70.63
8.52,21.23,5.24,3.96,31.02
28.62,41.43,9.51,3.75,60.65
78.37,9.26,1.7,1.98,39.93
88.22,13.57,3.37,4.54,53.95
81.2,23.77,2.26,3.12,47.4
33.3,34.1,3.88,3.04,39.79
46.86,14.69,1.68,2.94,37.47
25.54,49.32,1.23,1.75,46.91
82.0,13.14,2.14,1.69,42.45
92.12,24.07,9.42,4.31,75.05
64.83,8.62,6.03,1.9,37.92
15.97,16.42,0.46,4.67,24.73
62.9,27.3,1.64,3.22,48.45
84.91,17.84,6.31,4.0,59.01
87.91,2.0,8.01,4.66,53.89
48.8,24.25,6.32,4.93,51.13
70.87,47.04,8.77,2.43,74.35
73.12,40.17,1.58,2.58,45.91
30.96,4.76,8.53,4.0,44.3
69.39,14.31,8.96,2.53,51.04
54.92,47.67,5.9,1.83,60.57
51.85,2.94,9.03,3.34,47.74
38.36,20.15,9.51,3.41,51.87
43.52,38.53,4.96,4.89,55.97
40.03,11.77,9.07,2.78,41.94
66.15,18.29,2.09,4.87,40.1
53.66,14.0,5.98,4.66,53.89
56.94,41.62,6.51,1.53,58.89
21.97,20.59,4.83,4.65,41.67
69.5,3.7,2.41,1.37,38.11
44.63,32.43,4.19,2.62,55.55
9.42,11.85,3.29,4.57,22.14
38.38,5.46,9.83,4.7,55.88
21.28,38.43,6.1,2.67,48.8
71.28,35.75,0.85,4.17,46.38
12.37,43.44,1.65,2.76,33.11
6.72,4.06,6.76,4.14,25.7
35.06,29.57,0.99,4.02,34.38
9.1,25.99,8.24,3.79,43.41
61.01,45.85,1.7,4.08,56.26
4.07,38.1,7.95,1.84,40.26
7.01,26.19,4.29,1.87,32.11
32.07,27.3,3.32,4.16,49.87
32.62,42.75,1.75,2.91,40.06
12.78,19.25,3.16,4.64,33.38
73.35,20.83,9.05,1.2,54.09
82.52,5.62,3.48,3.55,47.68
44.25,45.14,9.75,2.07,63.45
60.43,22.92,6.19,1.8,55.93
19.75,44.46,0.07,2.25,32.42
83.49,12.21,8.97,1.55,51.59
5.97,8.41,7.8,3.6,31.05
27.14,40.96,8.86,3.08,56.28
58.77,24.23,1.65,4.15,46.85
8.08,39.19,4.17,2.9,41.33
54.92,0.39,3.55,2.34,28.22
63.55,13.58,2.71,4.81,39.69
40.41,29.05,4.55,1.2,38.77
85.71,31.52,8.07,4.89,73.49
36.95,19.81,9.61,4.49,48.71
37.94,6.13,3.56,4.2,32.66
81.31,33.92,8.68,1.66,70.43
81.45,19.59,3.72,3.57,53.64
95.27,32.35,2.12,1.91,55.53
7.61,12.4,5.36,4.95,34.12
56.89,47.89,4.83,2.04,61.9
0.32,18.43,4.63,1.3,24.03
44.02,47.77,8.31,1.03,58.5
70.7,46.27,1.65,4.77,52.93
78.8,34.95,2.49,3.56,59.38
20.32,7.9,6.34,4.42,38.64
47.81,30.24,3.34,4.66,49.9
13.77,26.43,8.05,3.14,46.09
54.53,24.54,1.38,1.06,39.12
49.74,15.84,9.05,4.4,49.4
99.59,2.03,1.66,2.32,42.65
62.04,27.3,6.0,3.18,62.43
72.24,4.29,6.97,3.17,50.43
8.12,24.62,8.89,4.51,41.58
58.63,32.37,7.54,1.12,55.13
34.88,10.52,6.3,3.07,38.78
57.54,38.91,0.14,2.66,48.14
28.45,24.26,0.43,2.72,36.71
28.79,43.01,7.92,2.69,52.4
65.95,29.66,4.78,3.59,56.94
42.61,42.73,4.26,4.16,53.48
57.39,38.87,6.96,3.44,59.71
77.22,14.46,9.21,3.34,54.19
4.6,11.88,1.52,1.76,15.86
16.69,20.93,5.22,3.81,33.32
31.47,31.64,9.85,4.92,57.64
4.57,24.8,8.91,3.76,45.94
11.79,6.6,3.55,3.73,17.36
83.38,3.55,6.92,3.34,53.54
12.99,0.71,9.17,2.61,35.3
49.66,41.85,3.21,2.13,52.35
45.01,43.25,3.71,2.78,55.39
52.59,7.25,9.22,2.06,50.05
13.44,46.93,1.6,4.39,40.56
30.37,41.78,7.29,2.32,53.31
70.84,5.22,3.91,2.75,38.2
17.27,35.91,9.49,1.28,54.26
41.5,20.38,5.87,2.7,45.31
71.76,10.15,7.65,3.88,49.85
25.95,13.89,1.73,1.82,21.32
10.56,39.58,0.35,2.46,34.64
1.02,4.26,3.49,2.05,24.0
98.83,0.98,9.42,2.83,60.24
2.32,35.84,1.83,3.65,31.83
21.39,47.67,8.93,3.89,61.15
75.38,4.59,4.37,1.34,47.46
12.73,26.1,9.64,4.09,49.96
8.08,40.95,0.02,1.36,33.19
76.45,43.45,3.91,4.9,63.69
96.01,34.66,4.59,4.55,66.63
98.59,48.49,1.74,2.94,68.09
67.77,37.81,6.06,3.4,58.79
55.52,20.55,4.29,2.14,45.7
60.27,37.72,3.81,2.74,50.54
75.2,18.96,3.96,4.08,60.32
28.48,35.17,7.77,3.82,56.15
69.62,0.04,2.43,3.95,37.08
63.64,44.42,7.3,4.21,70.54
5.94,6.0,6.31,4.66,31.07
80.95,2.41,1.62,3.97,44.75
58.4,16.28,1.51,4.79,38.88
24.59,21.12,6.78,4.14,41.87
75.85,25.73,3.25,3.47,49.26
26.89,36.02,4.49,4.0,48.94
46.3,23.99,7.88,4.15,51.03
69.72,44.58,4.3,2.6,61.11
40.53,27.05,7.58,2.87,53.21
54.14,12.22,1.68,1.38,29.36
89.14,44.84,9.62,3.78,89.38
76.04,7.36,1.07,4.57,41.31
42.56,29.78,1.48,2.64,33.04
63.85,47.88,1.67,2.68,60.81
54.83,36.17,7.46,2.33,49.66
84.02,4.31,8.97,3.43,52.11
4.95,29.79,8.8,2.01,36.18
57.65,47.91,5.29,3.25,67.89
85.23,42.18,1.09,1.94,53.67
99.69,3.59,9.54,1.22,54.64
18.55,47.75,1.9,4.23,46.47
0.76,13.99,5.47,3.84,29.49
85.54,21.41,1.59,1.5,44.8
24.55,43.53,7.63,4.9,51.15
26.55,4.22,9.26,4.01,34.15
53.93,33.99,5.46,2.01,60.62
64.9,34.47,4.81,1.56,56.48
76.47,19.34,0.14,4.59,51.09
37.94,6.51,6.11,1.6,31.99
35.45,42.21,5.63,3.73,56.51
92.31,34.89,4.29,3.4,65.99
44.19,30.54,9.9,4.65,66.35
6.03,2.8,0.18,1.87,12.99
55.97,12.03,6.27,3.99,47.08
47.81,44.3,4.37,3.44,57.2
3.46,49.82,6.98,4.82,46.57
30.83,7.56,3.56,2.57,28.8
29.87,5.47,9.99,1.64,38.04
80.65,44.31,4.11,3.42,72.78
69.37,31.59,4.18,3.28,53.27
93.51,9.6,9.4,2.13,65.0
87.98,23.74,5.98,1.82,64.94
91.74,19.79,4.39,3.47,55.1
63.33,8.23,6.12,4.2,42.73
19.34,42.4,3.7,3.22,40.28
43.69,3.18,7.2,3.1,40.67
50.75,47.12,5.05,4.84,58.6
95.04,21.09,5.19,4.34,60.91
85.44,34.68,0.63,3.86,56.53
70.02,1.88,2.9,4.95,40.51
84.24,1.82,1.53,4.4,34.61
8.37,13.24,4.44,3.2,20.41
41.33,12.21,3.83,3.43,35.5
49.18,29.92,7.84,2.44,53.68
51.15,22.64,2.05,1.94,36.06
12.95,11.9,0.05,1.02,21.45
35.37,11.61,9.47,3.68,49.92
78.57,15.07,7.7,4.64,58.62
72.89,28.16,2.4,4.76,51.99
77.98,35.41,9.46,2.46,71.54
44.23,48.48,4.03,2.32,54.37
22.3,34.61,0.66,4.53,32.74
45.99,28.47,4.84,1.2,48.93
94.83,20.69,6.15,3.34,59.38
31.74,14.32,6.62,4.46,37.09
28.75,36.81,8.67,2.99,51.0
72.5,49.99,7.64,3.01,65.86
48.56,46.58,3.76,4.72,58.97
19.04,49.88,5.77,2.33,52.6
46.5,15.35,5.37,1.02,31.69
84.1,37.26,5.29,4.28,72.86
74.48,13.88,6.75,1.92,52.82
46.84,5.23,9.07,3.46,47.1
8.48,48.66,9.0,3.08,43.65
80.18,0.55,8.05,4.25,60.3
55.69,32.46,2.17,1.3,54.04
23.18,36.52,1.4,1.84,39.06
2.59,46.33,6.72,3.27,47.39
13.17,25.56,6.02,3.33,35.55
8.99,25.45,1.94,2.94,25.18
48.76,20.69,4.02,1.33,33.82
32.48,0.66,1.84,3.68,20.94
78.13,32.08,2.2,4.66,58.86
57.16,14.47,8.05,1.9,50.77
72.56,11.91,1.67,4.41,45.45
46.68,37.66,9.61,3.15,70.57
53.37,11.07,7.43,3.5,47.87
82.01,35.92,7.49,4.87,66.07
92.25,7.27,2.31,3.38,50.28
2.88,47.22,8.03,2.91,52.52
74.51,10.95,3.18,4.14,47.05
16.05,34.9,5.76,2.89,42.07
65.14,43.08,2.3,1.69,58.01
58.26,39.36,0.6,4.19,51.17
16.7,23.86,3.77,1.99,38.52
66.96,0.84,5.54,3.98,44.22
30.25,8.55,2.18,4.65,25.46
76.25,26.61,8.9,2.86,61.77
87.35,8.39,2.97,4.09,53.04
46.29,45.96,4.06,1.86,51.06
6.39,15.92,6.97,4.33,33.53
72.88,13.24,2.63,4.8,51.31
86.24,25.09,5.1,1.05,55.16
30.54,48.0,6.92,1.98,50.45
74.97,29.13,6.54,3.2,55.29
69.18,4.4,3.37,1.51,37.11
37.25,15.38,2.1,2.74,34.28
18.57,25.85,0.24,4.2,31.93
34.44,38.73,0.21,4.32,40.44
27.88,12.57,5.26,3.5,28.61
70.99,15.76,0.41,2.23,42.95
56.82,43.51,5.7,3.49,61.42
74.33,41.74,3.59,2.7,58.66
94.69,35.26,0.32,3.71,58.9
83.47,38.59,9.22,1.21,63.77
75.78,32.31,6.07,4.94,58.84
52.12,17.47,2.09,4.13,39.51
67.44,0.75,6.86,2.56,40.7
35.05,42.17,2.97,1.06,46.79
46.45,36.18,3.48,3.02,47.57
13.09,8.65,6.48,4.92,33.19
26.09,38.63,8.33,2.17,53.32
54.81,8.31,0.9,2.33,31.79
18.56,6.54,0.85,2.64,19.72
91.36,42.59,3.41,3.5,64.6
43.55,4.28,0.37,1.29,21.73
61.85,6.14,3.36,1.42,37.44
35.28,42.96,4.05,2.18,45.89
63.64,36.03,2.25,3.56,47.42
96.33,11.27,4.85,1.89,48.56
54.95,44.98,2.46,4.77,59.89
31.44,11.72,2.57,3.46,28.9
99.6,39.89,0.92,2.95,61.75
98.43,37.54,2.58,2.59,62.9
58.53,2.85,6.71,4.14,50.78
13.87,30.26,0.27,4.69,28.69
5.03,43.81,4.86,2.91,47.03
19.13,20.59,3.76,2.71,29.13
60.8,24.56,8.81,2.25,59.0
46.78,40.48,2.06,3.05,54.65
63.44,47.63,2.66,2.27,60.95
57.76,19.06,6.29,2.62,49.09
61.42,41.17,1.82,3.41,59.8
45.57,3.84,9.99,4.57,43.06
0.1,15.68,5.96,3.44,29.86
45.85,31.96,2.84,4.57,45.58
87.3,6.56,4.68,2.54,53.03
62.76,15.47,9.59,1.1,52.51
24.12,23.13,2.25,1.14,30.02
32.23,18.57,6.23,4.47,46.09
37.65,33.93,6.35,2.98,46.1
25.24,39.18,9.51,2.63,63.15
6.9,12.22,8.51,4.31,33.11
91.67,29.52,4.63,1.93,58.78
83.41,6.59,0.87,1.47,37.08
24.11,1.4,8.68,4.3,39.34
69.42,7.83,5.72,1.31,46.76
11.4,19.38,7.16,2.01,34.31
17.04,39.74,4.26,3.09,40.15
50.01,16.71,2.67,3.83,44.11
76.96,29.29,1.64,4.84,58.54
3.51,1.42,5.9,1.22,20.74
90.48,33.73,8.22,3.99,60.63
21.95,44.81,1.85,2.16,45.97
19.95,11.33,4.07,3.42,36.95
89.91,2.52,0.8,4.8,35.71
21.3,7.31,9.74,2.62,36.03
25.75,3.35,2.62,3.5,28.72
96.38,30.16,4.5,2.29,64.31
15.72,22.83,6.27,3.75,39.08
21.75,14.68,5.72,3.16,27.64
28.95,25.53,5.3,3.92,44.25
45.69,13.77,2.09,3.67,37.73
44.63,22.62,0.83,3.31,32.66
25.46,23.68,0.8,4.23,32.59
49.94,28.99,5.95,3.45,51.12
23.92,13.69,5.81,1.45,34.03
49.47,3.76,6.54,1.64,34.42
61.16,24.58,8.52,2.96,64.83
85.27,6.48,5.92,4.41,46.78
6.5,28.77,6.6,4.37,40.02
31.93,7.34,8.22,1.96,41.07
56.89,36.19,4.22,2.87,54.39
90.99,20.29,6.71,4.36,60.25
7.77,24.78,9.27,4.44,40.64
64.49,46.39,9.61,3.65,68.72
45.71,30.72,3.5,4.56,50.17
46.9,28.96,9.65,1.65,55.85
3.83,40.46,4.8,1.61,34.65
38.75,29.66,1.62,1.79,29.17
28.57,37.84,5.4,2.85,49.47
45.79,34.61,9.21,1.44,56.43
27.76,32.95,2.03,2.15,40.56
87.72,4.18,8.7,3.2,46.04
77.76,39.66,2.23,1.33,57.08
90.94,31.66,9.03,1.47,65.55
29.86,18.0,2.65,1.37,31.87
56.02,14.08,6.2,4.04,44.69
61.51,41.85,2.83,4.54,57.11
8.6,12.9,5.55,4.4,24.73
15.16,1.47,9.04,1.22,33.89
43.5,20.41,1.99,1.1,37.89
49.96,17.0,1.41,3.85,35.79
9.92,0.19,1.24,3.81,8.44
42.19,37.81,6.85,4.93,62.99
4.12,2.54,1.68,1.42,17.53
13.06,30.71,0.85,3.52,32.29
73.84,49.91,6.72,2.52,73.27
67.21,10.35,5.1,1.79,39.35
85.74,37.6,9.83,1.35,78.79
75.7,5.59,5.61,4.06,47.87
72.78,42.22,6.96,4.52,80.09
58.77,34.24,5.85,4.36,56.5
11.25,6.15,7.26,1.57,30.7
71.19,39.22,9.34,2.09,66.7
14.71,2.46,6.01,2.18,26.76
69.62,22.26,0.58,2.94,39.39
97.26,45.66,0.51,1.06,59.23
85.43,29.6,8.48,4.99,71.92
91.27,39.58,1.48,1.46,58.91
33.85,31.06,9.9,3.61,59.62
53.02,41.82,1.51,2.42,43.93
51.16,19.13,5.26,2.14,48.17
62.6,18.13,0.02,2.26,27.82
99.26,3.18,5.61,1.7,48.7
8.86,43.09,7.78,4.5,52.32
38.5,1.87,0.25,1.47,15.36
49.62,11.2,8.89,2.83,35.85
57.56,47.96,3.18,3.43,57.13
21.95,9.11,3.88,3.89,27.86
50.52,40.63,0.18,2.62,47.4
92.22,15.63,9.14,2.47,65.07
24.98,16.44,5.78,3.24,30.87
7.81,1.7,8.73,3.55,32.34
50.95,1.32,9.38,4.44,45.2
60.81,19.91,1.82,4.42,40.9
94.62,8.35,6.07,2.07,56.8
80.5,41.9,6.73,1.06,63.06
50.51,31.46,4.11,3.42,52.69
73.65,36.11,6.84,2.05,61.21
23.72,0.68,1.69,1.42,11.35
92.44,1.69,0.48,3.44,39.33
99.09,19.12,6.47,4.14,58.64
31.83,14.91,4.03,2.77,30.71
81.96,17.95,5.12,3.09,45.59
20.1,33.07,2.23,3.9,35.69
10.56,47.51,4.77,4.77,52.91
65.81,25.39,9.91,3.17,64.29
99.86,2.67,4.55,3.99,52.1
57.44,40.77,0.09,2.28,44.02
72.11,49.17,8.78,4.79,69.82
31.45,2.28,4.78,4.32,30.63
94.03,20.83,6.61,4.27,64.35
11.13,28.41,1.52,3.31,28.85
24.66,37.79,1.44,2.31,33.79
78.67,12.84,0.05,1.62,41.1
93.25,35.69,5.95,3.83,72.22
87.23,31.31,0.5,4.38,57.73
73.85,9.28,5.24,4.33,50.58
21.73,35.5,5.89,2.83,46.17
34.7,27.49,7.8,2.05,50.81
57.19,29.44,5.84,1.94,40.82
61.84,34.54,2.74,3.76,52.85
53.56,46.65,7.53,3.16,67.5
74.12,13.26,7.9,1.72,52.49
22.89,40.75,1.71,3.12,36.44
31.43,14.5,1.13,3.08,27.87
2.2,15.04,2.81,1.69,33.24
2.83,25.61,9.69,2.54,46.96
72.01,13.09,1.44,4.22,38.63
47.16,31.51,8.11,3.96,60.46
18.75,49.14,0.94,4.06,50.33
7.83,2.53,7.36,4.64,26.83
52.98,7.38,3.96,2.01,36.42
98.49,5.74,5.49,4.43,49.69
90.4,48.47,4.79,1.88,68.21
74.02,19.56,9.91,1.72,60.88
81.25,31.54,5.5,3.24,64.86
32.37,38.61,0.53,1.92,33.04
10.61,28.62,0.29,3.09,25.03
41.8,24.11,5.74,1.9,46.3
98.78,15.17,5.46,4.18,65.17
35.56,28.41,0.07,3.66,38.71
92.35,5.7,0.48,1.72,44.37
66.54,23.6,1.45,3.57,44.23
79.44,32.07,4.74,1.8,65.72
26.7,40.11,8.55,4.89,53.28
35.5,35.89,3.0,3.82,44.86
17.68,30.16,4.1,2.06,38.14
49.16,26.41,3.46,1.26,33.97
11.21,24.29,1.77,3.64,21.61
89.5,36.49,5.92,4.18,75.25
25.99,18.21,7.22,2.85,41.91
25.77,23.13,1.08,1.05,31.76
4.82,36.02,3.65,2.08,29.87
85.05,24.13,0.55,3.23,42.17
21.98,7.47,7.55,3.7,28.71
23.26,30.63,0.55,3.22,31.64
75.95,4.04,4.27,2.72,38.04
49.48,15.15,8.17,4.31,51.09
27.92,13.57,5.86,2.15,39.97
84.43,10.94,5.09,2.86,51.29
2.14,40.77,0.26,3.25,33.37
83.61,12.12,7.3,1.95,45.6
71.04,19.46,8.46,2.65,51.1
73.19,12.29,0.31,1.44,44.71
22.92,25.97,0.17,3.2,30.55
50.15,7.86,6.01,4.42,40.41
60.74,26.9,4.68,3.58,44.28
7.04,49.34,7.95,1.54,59.13
93.95,27.21,6.06,3.42,58.26
59.73,4.72,4.75,4.57,38.87
10.36,22.93,5.86,1.09,31.02
50.18,32.22,1.67,4.12,41.36
94.7,9.82,9.25,1.38,60.58
92.39,24.9,9.5,4.77,74.86
59.58,0.18,4.91,4.45,43.67
21.98,42.77,1.29,2.13,38.9
63.59,19.51,1.79,2.27,41.18
39.91,32.95,1.14,3.25,32.07
54.29,7.88,7.95,2.89,40.66
80.54,27.41,9.19,2.6,60.54
73.1,14.56,0.95,2.51,41.3
47.08,34.31,7.73,2.77,51.33
94.58,9.37,6.48,3.66,59.24
76.2,35.45,7.42,1.96,61.71
27.51,16.39,3.62,2.73,26.79
90.1,42.8,4.06,1.69,64.59
5.06,48.15,3.5,3.05,47.16
7.14,16.02,2.95,2.42,27.88
72.36,15.87,7.04,4.94,50.85
45.02,23.46,2.23,1.35,41.39
71.47,27.44,0.08,1.54,40.32
3.92,35.86,0.51,4.43,34.28
5.16,30.4,8.07,3.33,41.7
49.66,2.66,5.74,4.84,42.53
25.1,24.86,5.07,4.35,36.19
55.52,15.09,0.13,1.12,30.51
48.5,9.73,2.07,4.94,34.36
49.3,2.78,7.51,3.06,45.87
93.35,29.78,8.12,4.88,67.74
15.11,22.57,2.15,1.27,25.75
72.22,18.91,4.45,2.6,43.74
63.27,37.22,0.65,4.48,50.58
63.03,29.25,2.27,1.67,47.19
24.09,5.03,1.88,2.34,14.83
80.74,45.45,6.27,1.48,62.25
92.22,31.53,2.33,3.48,61.15
85.17,47.57,7.24,1.77,73.83
59.72,38.7,8.37,4.73,69.99
95.74,31.69,0.07,3.09,60.29
85.66,1.81,7.32,2.02,49.55
47.17,17.45,5.98,1.22,37.52
62.51,48.1,4.24,2.01,64.1
99.72,43.12,7.25,1.93,77.52
3.81,38.08,0.96,2.62,26.93
90.42,9.9,7.13,3.52,52.55
35.12,19.69,4.21,2.47,39.24
74.53,21.81,1.73,1.13,43.88
51.14,13.39,3.39,3.99,44.87
14.41,31.67,4.41,3.54,40.79
9.73,29.76,0.27,4.69,31.09
80.81,21.87,7.68,3.36,57.79
96.97,7.26,8.84,2.08,66.47
86.57,16.13,2.3,4.31,49.92
68.81,43.53,6.78,4.36,66.72
28.08,18.42,0.19,3.98,29.72
77.48,0.86,8.97,1.5,47.75
99.85,29.95,9.51,3.05,72.25
79.69,8.76,4.73,1.73,45.43
82.05,27.56,1.1,3.86,51.89
17.23,27.89,9.67,3.62,47.58
66.99,6.66,0.17,2.5,31.91
80.2,26.93,1.78,3.37,47.37
88.31,46.46,2.52,1.68,61.11
85.49,26.7,2.91,2.47,63.1
51.75,19.4,9.89,3.03,57.4
11.94,29.39,8.29,4.84,47.48
16.49,12.61,3.17,3.26,30.82
98.53,27.8,6.0,2.49,66.05
35.84,11.91,7.39,4.92,39.74
13.66,28.87,4.47,1.23,36.4
59.9,7.21,7.68,2.15,40.5
91.23,0.3,0.35,4.03,47.92
4.96,6.39,6.11,2.33,25.03
2.75,39.56,0.71,2.0,31.3
18.25,30.97,2.35,2.46,31.61
55.58,44.99,2.54,1.77,48.53
39.36,26.15,5.43,4.62,49.01
6.85,20.2,8.38,4.18,42.33
45.83,15.98,7.2,1.4,38.74
73.09,49.38,6.06,2.31,67.49
17.39,41.15,9.37,1.9,44.1
46.69,28.26,8.72,2.59,55.33
6.61,27.37,2.47,4.09,29.12
87.77,38.49,6.22,4.76,69.96
51.5,45.78,2.05,3.22,57.5
59.13,13.25,6.33,2.08,50.24
64.55,24.93,3.52,4.44,54.58
73.24,47.84,4.91,4.63,68.16
18.95,49.93,2.35,1.39,40.95
74.41,17.26,9.03,3.76,64.52
53.15,48.23,9.8,1.48,68.13
31.52,3.27,6.02,2.92,37.54
63.49,30.55,6.56,3.77,62.94
33.89,10.35,9.52,3.18,46.1
27.99,3.51,0.14,4.57,18.51
57.64,34.72,8.11,3.1,56.36
27.74,2.61,6.86,1.27,33.52
98.78,29.33,5.75,3.62,61.46
56.05,29.37,4.51,4.76,55.25
42.49,49.3,6.48,3.93,54.39
35.32,30.03,1.57,2.52,37.17
4.09,45.35,3.57,2.04,34.02
34.67,22.79,1.64,3.07,35.72
80.0,40.93,2.8,2.75,55.03
20.42,9.34,3.7,4.49,29.96
43.91,3.4,6.05,3.76,34.63
62.17,30.93,2.55,3.87,46.66
44.79,27.18,7.19,4.28,51.27
48.71,39.25,4.77,4.49,55.96
40.88,39.7,7.84,3.6,54.74
63.68,27.34,9.73,4.51,61.25
61.2,41.2,4.02,2.16,55.2
48.79,7.87,3.54,3.89,32.66
85.64,13.56,1.16,1.68,38.2
36.78,40.52,4.6,4.42,53.67
75.13,32.81,5.35,3.19,57.6
33.51,7.42,1.92,2.28,27.87
11.33,25.37,7.04,4.42,40.1
45.97,22.77,8.54,4.7,58.22
13.47,28.81,7.32,3.69,49.62
93.47,17.7,9.9,3.46,69.05
92.78,49.65,8.17,3.59,79.4
13.18,45.76,1.34,3.09,36.78
82.12,0.46,9.03,3.77,57.74
8.28,9.09,5.72,4.41,28.43
39.04,25.62,2.12,1.08,39.1
25.82,39.83,9.81,1.02,52.93
8.47,10.03,7.78,1.42,33.08
11.28,26.06,5.33,1.43,31.62
95.92,17.46,7.61,1.82,52.32
9.52,33.85,4.29,2.48,39.36
96.07,0.4,7.05,4.84,53.5
23.56,48.6,9.09,2.64,67.71
61.99,15.67,8.15,4.77,50.84
4.13,26.44,9.77,2.26,45.51
77.19,17.85,6.65,1.09,58.6
2.54,8.99,4.06,4.27,26.63
74.24,43.33,7.69,1.66,65.64
10.39,42.71,7.71,3.37,57.38
63.94,3.06,0.47,1.96,28.53
40.64,36.67,5.03,4.67,57.97
98.46,16.36,8.78,3.86,53.69
13.98,15.37,0.87,3.51,24.81
17.45,10.66,8.15,2.74,35.2
78.31,17.19,3.3,3.85,46.79
89.9,34.61,4.75,4.28,60.37
2.0,33.53,1.72,3.91,27.35
38.35,37.57,8.36,1.34,60.39
5.56,3.77,9.07,3.85,32.27
38.86,33.6,5.97,3.72,51.31
11.93,8.94,9.16,1.35,36.56
91.73,28.85,8.61,2.18,69.91
76.03,40.15,0.99,3.99,50.09
91.69,8.34,7.69,4.4,63.81
63.61,33.12,6.28,2.02,54.7
10.03,44.43,2.91,4.92,47.84
8.3,0.93,5.08,3.95,20.71
39.58,47.68,2.57,1.59,44.99
0.82,6.54,0.36,3.74,14.57
4.53,14.9,0.56,1.99,23.32
58.46,16.56,8.47,4.44,53.25
67.49,5.1,8.93,1.16,50.45
55.28,12.86,0.91,1.44,33.38
58.37,22.57,9.5,2.65,49.03
35.73,31.29,3.83,1.88,39.92
37.9,44.41,8.66,1.75,50.53
61.95,40.22,5.13,4.75,60.23
59.22,21.59,8.05,2.34,53.2
31.78,39.39,4.58,1.86,46.38
69.77,43.35,1.34,1.37,49.14
15.32,20.11,5.37,3.79,45.95
77.13,9.8,2.06,4.0,47.06
17.49,10.33,5.52,4.13,33.86
91.44,40.6,3.29,2.72,60.18
47.77,16.23,1.92,3.63,29.59
36.53,11.64,5.9,3.29,37.35
54.05,33.09,1.38,3.25,45.35
94.09,28.99,1.34,4.82,58.03
99.75,0.23,3.71,3.02,43.7
6.18,39.83,1.31,1.3,28.1
81.25,39.13,3.09,1.56,55.32
70.75,5.72,1.82,3.81,39.41
64.2,0.28,3.82,2.69,34.73
10.59,28.34,2.43,2.22,31.36
35.05,5.27,2.16,1.42,23.87
19.01,46.16,6.42,3.38,43.72
62.03,0.25,4.75,4.06,43.16
14.6,10.19,8.3,2.96,28.74
23.31,3.82,2.0,1.33,15.36
92.05,20.5,0.41,4.54,50.74
30.37,28.66,4.88,1.27,33.49
2.68,41.25,2.95,1.23,32.02
87.84,13.21,5.68,3.36,50.1
56.17,40.7,8.67,2.5,66.4
12.62,16.79,3.5,2.72,31.1
66.92,26.26,9.16,1.89,65.7
84.68,0.72,5.74,4.02,48.91
1.81,22.03,6.79,2.43,34.59
67.23,9.44,1.57,2.19,34.38
25.99,4.58,4.17,3.13,22.64
19.49,48.13,6.35,1.55,53.53
6.78,2.66,6.87,4.96,30.83
77.41,2.11,7.6,3.89,49.0
31.86,24.66,6.72,3.88,47.25
50.27,15.31,1.22,1.2,29.49
11.34,17.08,8.5,1.55,40.89
64.24,22.16,1.94,1.3,34.46
92.42,43.62,3.2,1.64,58.68
62.34,17.65,5.73,1.75,42.43
31.49,21.86,0.94,1.06,28.65
78.65,26.56,6.84,2.07,55.22
61.35,3.98,5.64,3.48,48.85
56.78,22.81,9.22,3.46,54.91
21.83,6.13,6.85,4.85,35.38
35.61,17.11,9.47,4.87,45.78
11.5,34.45,0.35,1.94,27.4
75.33,26.45,0.55,1.77,41.67
51.02,33.89,7.36,3.36,56.58
79.65,1.22,7.02,4.95,43.42
61.56,26.76,7.62,4.52,53.26
11.15,14.02,6.0,4.2,40.51
16.58,33.49,4.11,3.14,36.03
23.72,33.74,4.81,3.13,43.01
95.55,7.06,0.98,2.75,48.92
11.87,44.54,4.1,1.92,40.61
31.41,44.65,0.21,2.68,44.61
41.88,0.3,1.3,1.28,24.2
57.36,17.22,0.3,2.86,34.46
4.95,6.93,2.5,1.56,19.56
48.34,47.09,7.71,3.82,70.49
20.67,36.17,8.59,3.38,53.45
98.78,13.24,7.62,3.45,63.47
34.4,40.35,9.41,4.09,58.12
16.77,45.1,3.93,2.13,45.36
45.23,45.54,3.23,1.92,50.6
30.74,5.83,5.62,1.57,26.46
73.83,16.78,3.3,3.33,42.8
64.3,45.46,1.24,2.63,49.47
59.08,15.8,9.59,1.13,53.2
69.88,17.47,6.46,2.59,49.54
67.59,33.44,5.52,3.94,58.34
56.73,22.36,1.88,4.93,38.74
8.82,36.6,8.07,2.34,50.58
4.62,15.38,0.68,2.19,13.28
90.7,13.79,0.23,4.31,51.61
25.25,19.1,8.76,4.38,47.44
95.97,11.64,1.23,1.94,42.02
35.44,29.02,3.22,4.23,46.97
7.86,4.71,0.14,2.03,15.82
56.69,17.58,6.01,4.99,49.15
32.26,13.19,0.57,2.95,28.81
33.21,7.73,7.59,4.2,47.76
69.99,25.13,3.28,1.3,47.18
78.96,38.8,7.22,3.44,69.25
9.7,37.76,7.4,3.81,47.96
100.0,36.32,6.86,2.67,69.33
95.69,35.25,9.68,3.93,76.22
11.42,7.15,4.93,1.52,27.94
35.75,22.15,4.16,4.68,42.85
58.0,44.81,6.8,3.13,63.8
22.88,46.4,7.39,2.14,57.04
83.96,9.32,3.81,4.26,47.47
36.83,38.14,6.05,4.38,58.76
35.88,8.22,2.82,2.75,32.51
32.69,6.11,7.29,2.58,37.91
32.62,7.38,7.6,1.03,36.19
25.84,42.71,6.51,4.33,51.85
20.21,23.19,7.21,1.74,35.04
99.7,43.2,8.01,4.25,77.59
8.32,7.76,7.82,4.23,34.3
23.42,44.33,1.04,2.11,36.62
39.09,19.25,6.46,2.73,39.54
44.79,46.81,3.82,3.97,57.25
64.49,12.65,8.37,3.43,50.55
10.82,36.69,0.14,1.7,32.28
73.64,2.06,3.88,1.24,39.53
58.86,37.37,7.35,1.54,56.1
66.1,45.81,9.82,2.92,70.75
17.8,43.62,3.62,1.35,44.6
17.61,27.81,5.68,1.21,33.83
82.39,22.28,9.29,2.41,65.68
36.36,26.59,7.18,4.18,50.29
68.94,39.29,0.13,1.3,48.48
90.09,49.34,8.11,2.56,80.91
59.54,10.4,8.16,1.42,44.67
26.2,48.74,3.33,4.67,42.34
86.19,35.92,7.95,3.05,68.92
7.85,19.54,6.41,2.6,35.73
28.9,48.77,6.46,3.67,53.24
85.82,21.37,4.25,1.28,63.73
91.04,40.38,3.57,1.74,62.55
12.91,36.74,9.95,2.73,50.07
10.2,9.1,2.98,3.71,24.7
8.55,29.34,6.27,3.32,48.29
66.91,9.73,7.12,2.32,46.44
21.24,30.53,4.49,2.05,44.65
47.53,2.44,8.56,3.23,45.33
64.78,6.27,4.33,2.52,32.72
88.01,48.15,3.82,2.64,56.02
55.85,29.78,4.14,4.59,64.24
14.53,33.92,2.77,1.59,31.57
94.86,32.09,7.34,4.51,78.04
90.66,17.95,6.86,3.89,64.09
34.05,35.77,9.51,1.55,63.97
18.0,18.53,8.33,1.48,36.66
45.4,41.96,1.86,4.86,44.39
46.89,1.68,4.78,4.24,30.53
32.31,19.61,3.25,2.01,29.46
29.49,23.31,4.14,4.17,38.41
55.49,3.38,2.75,4.15,40.27
96.36,45.41,1.95,4.35,58.03
61.95,48.68,6.95,1.62,59.72
56.76,32.27,2.76,2.09,51.46
92.47,23.35,7.51,2.22,62.29
89.95,11.64,6.46,3.67,58.08
51.45,22.89,7.68,2.86,48.74
81.13,27.39,9.12,2.16,54.32
28.4,5.77,6.13,2.32,32.98
81.1,30.99,2.83,2.34,53.22
81.79,38.18,6.95,3.28,67.86
54.76,0.02,4.76,2.18,34.75
55.01,48.15,0.17,3.28,51.91
58.97,48.1,2.8,4.46,59.12
98.85,44.1,2.95,1.42,66.14
79.05,0.01,2.61,3.35,34.65
28.28,34.98,9.27,3.89,62.94
73.12,49.11,0.6,3.89,62.95
88.81,44.04,7.41,4.36,73.12
39.16,5.07,4.65,1.71,26.74
96.9,30.79,7.39,3.8,74.4
45.29,20.23,7.89,4.95,56.18
51.81,35.35,3.77,2.03,46.16
65.09,30.96,5.26,4.38,53.29
12.33,8.35,6.72,3.28,33.16
51.72,31.63,4.65,3.73,42.62
39.89,41.42,2.31,4.93,49.1
96.75,22.03,0.53,4.27,50.52
41.18,4.66,3.18,1.12,34.64
55.12,29.28,2.0,4.09,42.46
50.93,46.78,4.98,3.29,59.94
1.62,10.85,1.41,1.76,13.14
20.76,16.08,6.86,3.09,26.41
94.44,3.95,3.95,2.26,54.0
11.35,6.14,3.6,1.88,16.11
42.46,20.4,4.05,1.38,33.73
54.2,45.79,7.87,2.6,67.94
5.35,46.53,2.57,2.04,39.59
97.63,40.98,3.55,3.43,63.86
71.54,30.63,9.68,4.54,65.54
88.52,45.1,7.85,1.91,72.0
49.35,5.01,7.02,4.76,37.83
97.72,21.31,1.32,1.55,48.55
30.0,31.22,1.63,2.0,34.75
36.02,20.92,0.05,1.35,31.6
26.47,16.47,2.65,2.69,34.41
64.56,40.11,7.9,1.99,69.88
73.38,42.23,0.78,1.36,56.1
86.47,41.75,2.03,1.3,61.02
25.38,27.44,7.27,1.12,43.39
96.08,19.67,0.02,3.51,46.86
43.96,36.94,8.36,1.22,52.14
16.11,32.1,9.25,4.06,51.2
48.61,30.76,4.77,1.76,47.41
9.82,48.23,1.62,4.27,40.38
52.55,0.52,2.52,2.61,25.2
1.37,12.42,9.13,2.3,35.74
80.57,10.22,4.43,2.0,43.62
86.46,48.32,9.08,1.99,79.98
2.24,35.65,3.84,2.68,34.18
80.02,17.97,4.84,3.65,60.11
82.66,24.87,4.02,4.06,57.17
82.02,49.37,9.63,2.0,78.59
51.68,46.7,4.69,2.95,53.75
82.76,10.39,9.77,1.52,58.71
99.52,45.74,1.77,2.93,67.98
98.79,35.3,4.86,3.24,66.82
24.64,42.96,3.85,4.4,45.9
9.52,22.03,6.11,4.38,34.75
80.65,16.55,2.89,1.36,52.11
23.84,30.94,9.48,2.57,44.39
59.89,8.22,1.84,2.65,33.49
43.25,39.14,1.52,4.39,44.29
49.95,31.64,9.17,1.13,60.62
87.14,31.21,3.93,2.69,59.06
11.29,3.13,6.64,4.42,27.14
70.51,40.49,5.04,3.01,54.31
84.78,34.4,3.18,2.34,60.59
52.69,23.47,6.82,1.55,53.5
84.83,48.57,5.59,4.45,71.36
47.22,40.71,1.47,1.65,46.87
3.48,22.0,7.05,1.88,35.59
5.44,10.68,7.2,4.64,36.24
5.1,32.47,9.73,2.64,46.92
5.23,2.69,4.33,3.62,15.82
72.14,15.8,3.41,3.23,46.58
5.02,35.33,7.06,1.95,41.49
97.52,8.15,7.32,4.02,58.25
15.39,20.97,0.33,3.49,28.66
56.28,30.72,1.68,3.12,49.7
40.78,44.32,4.29,1.96,55.29
46.0,39.41,6.21,3.38,60.05
1.17,36.91,9.65,4.54,50.71
51.46,22.92,7.5,2.75,53.51
71.88,31.22,5.15,2.83,54.77
42.77,8.97,5.28,2.07,33.58
40.17,8.8,9.07,3.66,48.24
48.75,24.11,4.12,3.6,49.25
13.03,15.02,0.21,3.95,22.28
8.89,34.01,1.46,2.15,27.15
83.47,35.58,0.17,2.07,54.56
40.59,31.45,8.82,4.85,55.9
93.03,45.65,9.24,1.19,76.7
91.9,28.06,6.01,2.85,56.61
23.6,1.05,1.84,1.61,19.54
10.02,10.51,6.83,4.04,30.58
78.83,45.6,4.57,1.95,61.29
46.09,35.71,4.74,3.06,54.79
4.15,38.27,9.02,3.82,49.4
65.83,10.49,1.74,1.5,35.83
19.43,24.02,7.47,4.79,47.16
64.87,39.4,5.9,3.99,63.74
90.82,46.27,0.15,2.58,56.21
79.83,48.14,8.17,1.73,69.78
86.44,33.2,2.45,1.49,53.67
1.06,15.55,5.71,2.62,28.43
76.87,14.27,6.72,3.3,53.88
51.15,41.56,3.29,1.1,41.2
72.03,34.28,0.98,3.37,53.32
60.36,39.05,9.43,3.16,71.42
95.06,0.63,7.84,2.58,45.44
1.58,11.53,0.1,4.03,14.8
69.52,27.56,9.42,1.47,58.81
87.73,46.08,8.91,2.68,73.06
47.24,48.16,3.95,4.48,57.89
85.88,46.01,6.63,2.68,64.12
99.77,23.16,2.94,2.5,56.31
99.34,2.22,9.33,2.74,58.68
81.5,44.9,6.89,2.19,63.34
97.54,41.79,7.74,4.99,69.67
18.88,49.43,9.77,4.33,62.65
52.94,16.78,2.33,2.63,34.09
62.54,40.85,1.67,2.88,57.19
38.85,15.68,0.29,2.58,29.27
54.28,12.97,6.83,3.57,43.75
18.7,17.45,1.99,4.53,35.27
18.84,32.33,2.38,1.64,34.12
95.82,26.41,0.81,1.27,48.12
5.68,21.17,5.95,2.23,30.41
69.47,29.83,1.14,4.3,46.23
74.55,2.3,5.47,2.44,42.07
70.01,28.87,0.27,2.15,41.09
82.31,11.6,2.04,1.63,42.53
28.67,37.29,2.17,3.01,43.62
97.8,27.4,6.18,3.6,65.14
67.66,45.19,4.13,4.35,65.8
91.1,45.91,0.46,3.49,57.66
86.81,7.07,4.28,4.89,47.06
83.52,41.86,3.02,1.32,56.66
35.93,45.45,8.33,3.83,59.41
41.47,9.77,4.19,2.71,39.69
46.28,6.61,5.2,2.89,35.25
57.0,24.86,2.35,2.37,39.4
49.11,33.96,8.89,3.88,62.49
16.47,43.54,9.24,3.39,44.73
31.82,37.26,3.8,2.35,47.31
13.91,16.14,6.05,1.15,23.51
93.2,49.44,7.2,1.79,72.2
3.14,15.45,6.29,2.52,27.74
19.73,8.09,8.53,2.45,31.53
67.21,32.98,5.52,4.58,54.3
95.26,25.38,6.18,1.82,66.23
3.28,26.48,6.58,1.14,22.98
58.55,29.82,1.66,3.74,44.09
65.63,38.42,9.59,4.7,66.91
32.31,11.57,5.12,2.09,34.76
45.24,25.01,8.39,1.21,40.64
15.84,40.14,3.8,4.62,45.72
96.31,40.82,1.94,1.52,67.98
49.28,15.99,2.47,2.09,38.45
87.13,19.43,8.21,1.14,61.6
36.18,26.75,4.06,4.79,44.88
38.69,44.21,9.22,3.7,63.66
57.54,21.6,4.86,1.97,46.72
59.76,29.41,7.18,1.56,55.54
25.09,4.53,2.55,2.93,25.69
36.59,6.07,4.83,2.5,30.39
14.74,46.52,2.96,1.14,32.8
99.4,6.33,0.31,2.8,48.51
73.94,34.28,3.02,4.25,61.82
5.15,4.66,3.24,3.3,19.54
82.1,48.91,5.16,1.19,72.62
77.24,33.18,0.72,4.57,44.64
35.42,37.0,7.98,3.24,54.82
67.86,13.8,2.68,4.61,49.42
66.87,38.72,9.24,4.81,68.21
79.49,42.27,8.74,1.85,74.26
80.48,34.82,7.74,1.69,62.25
81.97,15.75,0.73,1.57,50.08
44.79,10.48,0.65,1.69,32.66
16.52,18.65,2.88,4.56,34.12
56.53,33.27,6.14,4.72,53.8
34.75,18.74,4.72,3.0,37.43
3.9,35.7,9.19,2.38,42.86
18.7,37.61,0.77,4.29,34.58
20.58,22.49,8.89,3.96,46.14
63.81,20.41,1.81,1.64,44.87
98.47,9.44,1.64,1.86,38.96
68.31,30.44,7.24,3.05,64.19
81.23,25.39,7.09,4.4,58.1
8.71,7.4,7.9,3.93,23.69
83.57,16.19,3.57,3.11,53.22
2.34,13.86,6.68,3.38,33.46
25.88,9.4,1.49,2.45,22.45
58.66,44.46,2.69,4.67,56.19
37.42,2.38,3.18,2.93,25.41
23.8,7.75,8.73,1.63,35.35
81.26,1.58,6.42,4.62,46.74
6.67,0.66,1.07,2.64,11.48
12.75,4.85,6.73,3.91,28.01
7.05,6.57,4.89,1.39,29.1
8.61,48.42,9.2,2.89,55.66
16.62,26.2,6.9,1.01,32.61
74.78,47.77,5.23,4.32,67.56
72.21,6.39,8.79,2.01,45.72
69.44,15.19,2.93,1.67,42.69
51.97,37.92,0.91,2.29,45.99
17.71,19.6,1.4,1.47,27.9
8.32,27.02,0.16,2.31,19.17
78.16,43.49,5.55,4.8,72.94
97.41,27.38,5.36,4.49,68.4
94.1,29.91,7.09,2.17,65.65
51.57,29.88,5.04,4.48,59.47
78.19,4.3,7.38,2.21,45.37
42.43,1.95,8.7,2.27,43.71
4.51,7.27,2.81,4.96,26.21
4.7,41.67,6.99,4.74,47.27
11.3,15.31,0.99,4.41,24.52
87.95,6.12,4.89,4.56,49.37
93.18,41.35,7.84,1.39,70.69
86.61,41.75,3.75,1.95,63.68
61.34,2.67,3.29,1.99,35.43
58.47,42.37,8.06,3.53,70.86
76.64,35.22,5.72,1.91,57.68
34.54,34.52,0.64,4.73,43.47
97.1,3.21,0.45,4.38,42.88
4.78,26.28,5.97,4.49,41.87
96.89,49.52,8.12,2.78,76.34
76.55,32.05,3.62,2.95,55.6
73.52,20.25,0.95,3.34,46.3
64.47,35.99,5.88,4.82,56.5
76.92,33.99,0.6,4.79,56.99
41.42,29.5,3.93,2.66,44.87
32.84,43.17,9.27,4.32,57.64
43.92,49.93,5.15,2.38,56.04
53.11,34.65,0.39,4.72,40.42
76.17,15.91,7.18,4.71,59.58
27.03,16.53,7.84,3.72,42.5
32.41,4.23,2.76,4.07,23.0
20.57,21.86,2.78,1.65,37.8
99.6,49.3,8.76,2.68,84.33
79.06,15.29,9.34,4.42,64.44
77.58,43.85,2.92,2.38,55.18
94.23,47.55,8.6,3.21,73.74
52.35,43.67,5.62,1.51,59.62
50.21,43.65,2.61,3.67,54.41
40.19,0.4,4.21,3.06,31.5
41.44,20.9,1.8,4.3,31.92
22.28,37.75,0.81,1.45,35.92
14.73,41.56,9.24,3.72,56.97
56.91,23.94,8.98,1.66,58.94
96.0,39.63,5.93,1.06,59.5
25.25,4.86,5.54,2.38,26.3
61.72,24.75,3.04,1.58,46.67
74.6,18.59,6.37,3.88,50.22
10.78,19.48,3.9,4.68,28.44
4.47,29.4,7.53,3.44,45.69
60.49,14.72,5.54,3.95,45.94
91.02,42.14,5.41,1.32,65.89
33.79,16.18,6.05,4.25,38.46
17.68,25.51,4.78,2.56,37.83
60.72,48.48,7.97,3.75,64.54
12.96,17.19,7.24,4.28,32.74
34.78,3.12,9.22,1.5,38.84
7.5,19.54,5.91,4.46,35.74
6.88,7.36,0.2,4.49,18.37
64.71,18.42,8.18,4.11,58.55
7.17,25.61,7.84,4.62,41.47
42.57,24.3,9.61,3.13,54.22
31.68,47.71,0.9,4.04,57.74
45.89,45.5,3.64,1.42,53.08
44.25,11.69,7.77,3.4,43.18
98.52,6.47,6.02,3.48,53.74
51.71,13.33,0.68,2.73,32.85
65.3,2.03,4.2,1.04,37.09
95.4,21.51,4.69,3.72,57.8
75.2,4.66,5.26,1.9,46.53
53.72,10.41,4.65,4.18,42.67
29.19,0.43,0.51,2.65,18.57
77.18,14.44,6.77,1.25,53.87
83.28,26.54,7.45,2.42,56.95
53.34,28.69,5.13,2.86,46.1
81.25,22.6,6.7,1.18,58.16
6.73,0.63,7.77,1.63,18.0
54.33,35.38,0.07,3.14,40.92
81.44,39.29,5.08,1.66,59.06
0.98,0.8,4.57,4.81,22.06
53.4,28.06,5.82,4.61,46.18
10.88,13.43,2.98,1.97,32.67
65.83,35.23,2.33,3.64,48.86
51.12,36.05,2.95,1.8,47.15
19.16,27.83,9.39,1.93,51.85
21.44,0.29,8.69,4.72,41.6
60.4,10.75,8.87,2.8,51.58
52.92,15.96,4.99,1.48,44.36
33.65,26.62,5.28,1.09,37.14
47.2,6.22,3.3,4.82,32.25
36.42,9.86,6.7,2.0,33.45
16.8,3.1,6.68,2.13,25.8
66.9,31.55,6.84,1.51,56.51
68.93,3.24,8.51,4.2,55.08
78.68,6.33,3.67,1.36,44.91
92.63,14.17,0.0,2.5,45.57
91.29,43.11,1.22,4.97,69.31
56.72,32.32,8.03,4.33,61.51
84.85,29.38,4.67,4.72,61.55
32.39,47.97,6.33,4.34,58.42
98.76,39.74,7.11,4.05,77.92
79.95,20.97,9.57,1.8,60.35
63.87,35.08,1.63,1.74,48.24
24.75,12.81,4.52,4.02,34.27
97.36,26.63,5.35,4.4,61.5
8.63,21.51,8.54,4.1,39.74
64.87,30.01,4.1,2.79,52.77
34.5,46.66,4.8,2.95,52.81
34.03,36.1,3.24,1.75,39.16
6.8,25.33,1.12,2.8,29.55
93.87,20.63,9.17,4.84,76.37
36.58,4.19,4.24,2.49,30.18
8.13,32.18,6.15,1.34,35.26
49.03,19.48,3.96,2.2,37.93
50.68,14.17,2.81,4.75,41.97
31.73,32.54,0.15,4.3,43.92
76.15,17.56,0.05,1.32,38.08
13.71,49.08,9.93,3.32,58.07
25.56,0.15,9.99,4.21,37.49
30.49,47.61,1.53,3.55,46.26
87.2,11.58,2.37,4.7,50.77
47.92,1.58,7.4,1.52,35.78
51.38,21.18,4.78,2.24,45.25
84.77,18.08,9.2,2.28,57.12
25.58,20.35,5.09,3.22,31.27
41.09,42.61,3.93,2.91,52.66
30.27,15.96,5.17,1.03,32.78
72.53,44.85,6.93,3.08,68.26
