customer_age,basket_size,visit_duration,loyalty_score,spend_amount
65,14,61.9,0.448,100.04
32,5,50.2,0.886,84.08
24,4,32.0,0.016,44.71
35,1,18.2,0.063,18.72
41,5,10.8,0.052,60.52
64,11,61.4,0.764,107.06
43,6,58.2,0.654,79.47
23,3,52.8,0.076,37.27
37,9,54.7,0.056,64.72
52,11,81.8,0.745,85.44
64,2,87.9,0.698,89.03
59,1,37.9,0.936,73.25
74,12,25.1,0.031,68.79
28,2,21.0,0.955,69.0
68,13,21.2,0.1,89.57
21,2,87.0,0.309,61.65
49,1,45.0,0.529,62.06
33,3,21.7,0.397,49.07
29,3,23.4,0.834,44.48
55,12,61.1,0.641,109.41
35,2,45.7,0.935,78.33
50,1,67.2,0.361,68.57
32,2,88.2,0.262,65.09
26,5,34.0,0.524,79.8
60,10,83.1,0.694,104.41
42,8,26.0,0.059,55.18
56,14,25.4,0.85,225.62
56,8,88.0,0.966,105.16
71,8,66.5,0.079,65.77
42,10,68.1,0.36,84.4
30,1,82.7,0.236,75.32
54,8,45.6,0.384,62.63
71,11,45.5,0.247,77.82
73,2,22.9,0.994,71.76
67,11,49.5,0.984,220.33
56,2,55.4,0.97,84.25
39,11,56.9,0.742,99.03
40,11,34.2,0.392,65.29
20,12,18.2,0.472,79.75
28,5,32.4,0.641,77.96
36,3,11.7,0.302,38.16
37,3,9.1,0.388,34.59
51,5,15.6,0.693,64.65
47,5,6.8,0.696,59.09
57,3,78.9,0.296,66.04
68,2,10.4,0.992,64.38
67,12,27.2,0.039,59.94
62,11,80.7,0.109,92.27
73,7,24.0,0.326,74.62
36,3,55.1,0.35,51.71
69,3,77.2,0.741,86.02
70,9,39.6,0.597,87.94
30,8,66.2,0.815,93.26
44,6,63.3,0.718,74.71
50,4,19.7,0.24,41.52
57,9,80.4,0.756,114.63
57,2,61.8,0.555,56.35
24,13,19.1,0.768,79.44
45,5,77.6,0.294,70.32
23,7,73.1,0.921,94.07
72,12,81.5,0.354,86.84
29,2,57.6,0.747,65.2
43,3,68.7,0.166,71.6
68,10,17.7,0.38,83.86
47,10,79.9,0.046,77.89
56,5,15.5,0.032,40.68
46,9,48.7,0.131,61.75
66,4,35.7,0.572,73.17
51,8,57.7,0.051,57.9
54,12,88.5,0.343,101.91
43,6,85.9,0.833,86.43
41,4,26.4,0.769,56.09
51,9,68.9,0.628,79.49
47,5,70.9,0.27,81.67
62,14,6.0,0.535,75.48
51,7,77.5,0.958,95.64
44,1,49.6,0.081,45.19
67,11,49.7,0.683,79.87
30,2,25.0,0.406,49.59
42,11,49.1,0.755,93.2
45,11,41.7,0.161,78.93
68,6,6.3,0.016,41.53
43,3,18.2,0.432,45.9
52,1,81.7,0.277,63.1
22,9,26.6,0.991,206.91
65,1,80.8,0.552,80.64
43,2,47.5,0.923,58.97
46,2,64.0,0.889,70.66
23,7,7.6,0.757,70.53
57,14,11.0,0.506,83.48
54,5,10.6,0.137,63.77
37,7,59.0,0.483,83.47
61,9,34.7,0.437,61.89
47,7,14.3,0.681,83.42
21,13,73.3,0.36,87.42
30,10,33.9,0.172,64.54
32,7,53.3,0.643,78.76
23,7,58.6,0.983,79.36
46,9,53.3,0.498,94.5
20,3,44.5,0.831,61.85
47,9,6.5,0.666,63.29
58,10,23.9,0.985,213.73
51,1,67.0,0.898,81.09
44,3,63.2,0.603,82.33
33,13,87.4,0.79,97.54
69,5,6.3,0.22,53.68
36,3,23.9,0.92,67.78
65,1,17.1,0.472,42.32
43,7,75.1,0.282,67.41
39,9,63.4,0.264,89.65
57,7,76.2,0.429,72.21
73,12,26.3,0.001,70.41
62,1,79.7,0.934,71.46
51,5,9.5,0.496,57.34
24,9,14.1,0.5,72.78
61,1,28.3,0.79,47.14
62,14,65.2,0.716,103.85
41,5,59.3,0.667,92.4
38,4,15.1,0.382,52.41
29,3,14.4,0.595,58.1
73,4,72.0,0.991,81.04
27,3,43.6,0.716,64.89
46,1,13.0,0.967,55.38
28,10,5.2,0.652,77.88
62,4,17.1,0.372,52.05
52,9,16.9,0.48,64.79
27,11,78.2,0.375,85.79
24,9,22.6,0.294,48.0
23,1,83.9,0.298,57.64
19,6,46.8,0.891,72.86
66,5,61.2,0.076,62.2
65,9,12.8,0.599,74.26
39,3,23.4,0.083,43.23
23,7,25.2,0.35,63.12
33,4,14.4,0.584,59.16
43,6,46.0,0.796,69.0
48,1,20.8,0.032,14.18
45,2,22.6,0.23,52.67
53,5,32.5,0.379,67.41
53,13,63.4,0.974,234.71
53,12,85.6,0.98,231.73
46,6,21.9,0.339,68.98
43,9,85.8,0.167,71.84
71,12,51.4,0.853,212.24
64,1,9.5,0.769,81.91
60,13,25.1,0.562,81.13
21,6,75.8,0.323,74.9
50,6,13.3,0.398,62.15
68,14,31.5,0.346,92.01
53,10,32.2,0.351,73.4
28,7,18.7,0.094,56.29
46,8,64.3,0.408,88.53
49,14,51.7,0.098,73.44
72,12,22.1,0.123,51.7
49,9,84.0,0.388,92.65
30,14,64.1,0.215,68.23
24,10,79.0,0.874,223.35
57,1,86.3,0.261,66.62
74,10,37.4,0.182,83.86
49,13,39.6,0.177,80.61
23,11,56.0,0.816,224.54
20,4,9.1,0.099,37.88
62,13,76.5,0.547,87.78
34,3,79.9,0.846,90.68
45,11,70.7,0.84,227.91
70,10,48.7,0.34,82.64
32,4,77.7,0.003,65.52
62,4,65.4,0.657,80.6
22,3,79.7,0.524,61.04
18,7,61.9,0.558,69.39
19,8,41.0,0.632,77.88
34,2,44.6,0.124,66.25
45,10,68.5,0.362,89.75
18,1,17.2,0.558,23.19
52,1,81.0,0.432,65.03
65,7,85.1,0.799,82.92
46,13,81.3,0.522,92.38
24,3,51.1,0.869,58.41
64,13,5.6,0.196,72.33
21,13,80.7,0.061,83.16
47,7,23.0,0.266,59.78
73,1,5.5,0.206,44.69
38,1,45.1,0.179,46.01
43,2,83.0,0.221,65.85
32,9,57.5,0.301,88.25
36,14,26.3,0.017,69.75
31,14,15.6,0.813,202.58
20,4,52.5,0.561,75.8
60,6,34.6,0.27,55.53
40,9,19.0,0.546,87.41
74,10,29.5,0.956,217.13
38,1,77.2,0.483,75.0
62,14,56.8,0.135,83.49
47,10,41.6,0.958,227.7
53,7,18.7,0.031,50.97
18,8,41.0,0.313,58.98
67,6,11.4,0.355,58.62
26,12,68.3,0.355,84.46
72,4,65.4,0.202,68.33
29,10,31.1,0.86,210.51
61,12,44.4,0.852,226.39
43,10,48.9,0.137,75.02
61,12,33.7,0.654,92.11
35,7,85.6,0.775,90.42
32,3,34.5,0.477,46.73
52,8,78.9,0.961,99.44
18,9,87.1,0.007,80.85
34,11,42.0,0.852,214.35
56,9,12.1,0.704,84.27
69,6,64.3,0.773,92.7
44,8,45.3,0.699,92.64
72,10,49.9,0.637,79.97
34,1,85.8,0.494,58.37
21,2,13.0,0.191,17.71
56,11,82.1,0.602,88.12
29,13,42.5,0.735,91.52
73,3,21.1,0.131,37.73
50,9,24.4,0.136,78.91
72,2,27.6,0.349,53.53
61,3,48.0,0.907,73.55
57,7,85.1,0.548,95.68
21,4,63.1,0.216,65.12
65,1,50.0,0.746,81.59
28,5,78.9,0.169,65.01
22,10,46.5,0.658,81.76
44,2,20.2,0.969,72.63
24,4,33.3,0.124,59.32
56,7,86.5,0.739,101.41
73,12,70.5,0.568,102.83
69,8,49.0,0.839,83.92
70,2,85.3,0.699,72.06
67,8,21.1,0.516,80.63
31,11,82.1,0.29,82.99
63,6,82.6,0.983,101.4
32,10,31.7,0.537,65.74
21,3,40.7,0.159,60.08
61,7,24.7,0.552,81.37
73,11,8.6,0.076,65.79
64,11,25.1,0.551,90.02
53,7,81.6,0.046,63.24
72,13,13.6,0.511,74.11
22,1,32.6,0.394,34.34
24,4,40.5,0.855,83.03
32,11,15.3,0.411,71.49
22,7,22.6,0.315,60.48
53,1,29.3,0.314,54.26
20,8,54.4,0.095,62.81
39,9,74.3,0.972,213.15
47,12,22.8,0.221,46.27
43,8,40.0,0.95,86.98
52,3,45.7,0.277,62.6
63,13,35.7,0.043,73.34
68,4,65.0,0.633,68.06
64,13,81.4,0.241,89.15
60,3,25.4,0.804,76.6
49,5,33.3,0.454,65.72
51,10,8.5,0.375,56.1
63,9,7.6,0.206,61.85
44,10,57.1,0.448,98.63
41,2,23.9,0.63,50.84
65,1,28.0,0.351,39.61
73,8,89.9,0.07,80.86
39,7,41.6,0.415,66.78
52,5,51.9,0.73,88.92
20,1,34.5,0.117,33.34
73,6,78.2,0.431,71.63
64,4,22.6,0.562,65.44
20,6,29.1,0.417,50.59
39,14,49.4,0.766,103.26
68,13,86.0,0.433,88.71
54,1,37.3,0.945,64.83
49,9,74.1,0.674,85.67
24,10,42.7,0.474,77.22
58,12,62.5,0.798,117.01
53,11,17.8,0.691,93.65
28,7,79.2,0.347,63.74
45,14,63.5,0.861,242.24
49,5,44.7,0.897,63.2
49,2,80.4,0.94,96.3
34,14,24.2,0.728,81.94
47,14,32.2,0.415,83.05
24,5,73.8,0.637,79.51
51,14,84.3,0.766,111.69
18,1,87.8,0.951,61.38
19,14,49.4,0.222,95.57
69,4,70.5,0.438,81.9
64,5,54.0,0.764,85.77
56,11,28.5,0.651,69.84
45,3,87.7,0.311,68.1
29,7,36.2,0.91,70.11
42,4,75.7,0.067,65.8
32,11,16.6,0.865,199.85
28,11,24.0,0.123,79.94
44,10,7.9,0.34,61.0
47,3,30.8,0.495,60.92
64,13,5.9,0.498,82.82
48,5,46.1,0.663,67.85
24,3,58.4,0.451,63.75
24,1,84.1,0.177,49.48
73,13,73.3,0.397,93.97
26,11,81.9,0.6,80.73
71,3,60.0,0.2,59.83
54,2,76.2,0.118,53.51
31,7,37.9,0.207,67.0
42,5,65.8,0.097,56.1
54,14,35.9,0.897,213.24
52,6,61.1,0.399,74.15
38,5,40.1,0.738,57.47
40,4,52.9,0.271,58.88
57,9,54.3,0.916,198.2
53,10,58.3,0.921,212.96
22,6,13.3,0.375,55.94
59,13,12.1,0.704,80.78
44,2,72.3,0.44,61.78
66,2,5.7,0.054,44.02
51,8,44.7,0.29,64.82
48,4,20.9,0.609,69.02
53,1,18.3,0.199,48.74
39,1,40.7,0.244,51.46
57,1,13.5,0.098,27.57
35,3,11.7,0.708,64.53
68,7,60.6,0.179,61.27
58,13,81.8,0.424,88.18
31,5,74.4,0.864,80.65
68,2,80.1,0.363,59.77
26,12,38.2,0.038,74.39
70,1,73.1,0.577,61.28
40,7,10.8,0.903,73.11
39,13,25.5,0.336,81.31
50,5,41.8,0.339,69.97
19,5,52.7,0.557,76.3
72,4,54.1,0.485,71.8
66,14,86.8,0.168,105.98
58,13,76.1,0.154,102.11
23,8,13.2,0.812,76.79
60,12,87.3,0.431,108.37
39,5,40.2,0.576,72.12
73,8,74.6,0.371,85.02
62,4,11.3,0.236,53.62
33,2,83.6,0.078,50.1
29,5,40.7,0.062,54.53
32,8,62.4,0.897,77.63
51,1,61.2,0.787,79.63
42,1,34.1,0.446,53.53
43,13,31.0,0.767,100.76
34,2,16.7,0.493,42.67
67,1,17.6,0.639,53.67
55,6,71.3,0.738,81.39
21,12,56.3,0.413,73.2
72,1,62.4,0.317,57.81
18,3,82.5,0.54,71.35
26,1,7.5,0.224,22.29
27,11,17.1,0.715,78.96
47,8,72.1,0.817,83.27
64,11,78.2,0.489,91.57
56,12,44.4,0.735,90.51
22,10,78.8,0.377,87.91
46,4,80.7,0.38,68.06
49,9,84.0,0.818,229.77
70,12,70.6,0.342,74.8
30,11,83.8,0.898,228.54
60,3,68.1,0.886,88.79
42,6,21.8,0.278,60.74
68,6,22.2,0.233,67.83
64,8,49.2,0.765,65.84
24,6,59.3,0.189,66.63
33,10,12.2,0.471,70.77
29,11,88.9,0.13,82.8
28,7,23.8,0.859,72.82
21,8,74.8,0.564,64.15
65,10,15.0,0.205,69.23
65,8,5.8,0.229,72.27
42,5,33.3,0.399,61.27
72,2,90.0,0.709,78.98
61,14,19.7,0.274,65.15
18,3,6.5,0.937,70.49
56,8,47.3,0.257,67.08
62,4,86.3,0.599,77.76
57,12,63.9,0.645,87.79
59,10,39.8,0.255,64.85
49,10,17.0,0.801,201.47
69,13,61.7,0.538,91.97
72,7,48.1,0.5,81.01
33,13,89.2,0.397,88.42
33,5,55.6,0.762,59.97
58,12,21.7,0.647,83.43
31,4,73.5,0.565,83.05
31,12,84.4,0.173,89.08
52,11,77.8,0.127,78.4
22,12,49.2,0.857,210.02
26,3,85.3,0.694,77.67
60,10,45.6,0.355,63.01
54,14,29.5,0.557,72.61
20,1,24.8,0.568,55.57
59,3,15.7,0.072,31.77
57,2,88.4,0.841,86.32
48,13,73.0,0.223,89.09
34,1,87.6,0.727,86.13
29,7,60.1,0.02,66.88
45,10,35.6,0.986,206.79
28,10,48.2,0.562,57.11
68,10,34.1,0.521,74.58
68,1,14.3,0.421,47.24
31,3,33.1,0.818,62.09
74,5,11.2,0.45,68.84
44,4,69.9,0.66,65.75
46,8,15.5,0.988,80.21
38,2,37.7,0.456,67.33
70,7,48.2,0.865,81.78
28,12,63.9,0.925,219.91
31,8,29.9,0.206,57.62
44,11,74.2,0.175,84.1
45,13,23.1,0.667,97.25
28,10,88.2,0.14,70.48
71,14,87.5,0.594,113.01
63,9,15.2,0.984,211.71
55,11,54.2,0.806,214.86
53,7,29.0,0.878,81.3
70,5,25.7,0.641,78.75
34,7,36.9,0.88,104.59
31,1,64.7,0.79,75.53
73,2,84.6,0.362,72.65
21,2,86.0,0.324,61.69
37,8,46.4,0.758,103.0
22,3,34.8,0.772,73.28
56,8,68.2,0.591,77.27
69,12,82.8,0.597,122.85
59,9,64.2,0.26,73.41
66,1,82.9,0.908,92.0
33,2,6.1,0.423,35.91
23,5,22.7,0.909,70.39
18,13,9.5,0.528,62.74
19,11,79.0,0.789,106.46
68,10,30.9,0.127,69.38
31,4,58.7,0.735,71.97
72,10,45.8,0.551,95.58
26,7,51.3,0.191,58.48
27,4,37.9,0.935,77.61
33,10,18.3,0.642,80.2
26,7,49.7,0.965,82.48
49,14,16.7,0.848,221.7
42,9,32.5,0.86,200.82
34,11,8.0,0.492,66.57
52,3,35.5,0.621,57.5
64,5,36.1,0.165,56.04
74,10,88.5,0.91,235.86
67,14,84.0,0.53,105.44
72,9,59.8,0.877,219.68
65,3,52.7,0.29,63.68
74,11,78.9,0.443,100.36
37,8,87.9,0.987,98.4
31,8,77.2,0.511,90.24
64,6,76.3,0.076,78.79
52,10,48.8,0.899,205.39
51,10,65.9,0.588,99.91
42,14,35.7,0.626,88.25
41,3,37.7,0.637,51.66
31,10,54.4,0.609,84.28
25,10,60.2,0.486,84.22
21,1,21.5,0.259,44.68
28,8,30.3,0.161,63.11
27,1,38.5,0.168,44.84
36,12,58.4,0.043,86.73
38,6,7.7,0.521,48.87
59,5,40.8,0.391,67.16
23,7,81.0,0.861,74.47
27,13,38.5,0.887,226.29
26,9,67.5,0.839,227.0
47,6,38.0,0.955,71.38
20,6,76.5,0.913,76.42
73,3,29.8,0.216,59.75
53,6,57.4,0.532,66.2
30,13,27.1,0.055,66.86
46,1,19.6,0.825,74.83
26,9,57.1,0.762,90.94
31,12,60.2,0.227,94.55
48,8,76.9,0.326,77.28
48,8,20.2,0.241,59.8
70,13,20.1,0.698,100.42
42,14,71.2,0.794,91.24
67,6,6.4,0.151,58.22
55,13,31.5,0.24,75.96
67,14,32.6,0.429,95.81
71,14,18.8,0.178,68.16
31,6,15.1,0.35,56.34
38,10,61.6,0.775,72.2
63,9,35.0,0.082,72.57
54,1,89.8,0.585,82.75
27,3,54.7,0.998,73.68
30,6,29.2,0.81,77.31
35,5,35.7,0.199,51.58
71,8,47.1,0.968,94.14
55,4,76.9,0.19,74.24
53,4,57.2,0.087,48.9
64,5,13.6,0.011,41.77
27,1,68.4,0.945,87.39
73,7,24.4,0.765,76.09
32,11,16.2,0.53,67.68
72,2,66.9,0.335,64.9
27,11,40.3,0.095,53.33
54,9,42.3,0.121,62.21
28,3,80.9,0.145,46.31
65,6,9.1,0.24,52.02
35,1,33.5,0.614,63.67
57,12,24.0,0.482,103.36
64,11,9.5,0.996,221.14
38,14,68.0,0.958,218.19
44,10,62.9,0.09,75.54
56,2,36.4,0.661,61.16
33,2,26.1,0.903,70.38
48,13,46.4,0.826,219.81
41,3,18.4,0.151,40.08
33,12,70.9,0.072,80.83
33,4,8.2,0.011,35.27
24,3,60.2,0.925,80.91
59,10,49.3,0.959,219.65
48,4,26.6,0.85,72.12
21,13,15.5,0.966,191.29
69,13,41.9,0.353,91.65
34,12,60.7,0.32,77.59
30,10,40.7,0.144,56.67
36,3,68.5,0.417,82.42
35,11,10.8,0.863,212.9
28,5,42.8,0.991,74.62
73,2,64.3,0.893,83.19
60,8,14.4,0.143,59.29
51,10,30.9,0.977,201.55
28,9,58.5,0.15,63.73
54,8,58.5,0.707,84.84
35,4,60.8,0.123,67.2
36,9,31.6,0.273,59.57
21,5,50.0,0.253,55.27
72,3,23.3,0.288,64.43
61,9,23.5,0.072,48.73
53,9,19.3,0.977,222.16
38,9,88.4,0.302,99.24
43,9,6.1,0.043,40.6
55,11,74.2,0.085,90.4
43,8,30.9,0.581,63.26
30,8,33.2,0.808,76.93
37,2,70.5,0.571,76.11
19,1,36.3,0.288,37.24
42,4,36.5,0.053,48.62
36,4,42.3,0.137,51.48
32,4,23.0,0.302,39.81
62,8,40.9,0.617,72.9
33,4,71.4,0.019,53.53
65,5,6.7,0.217,45.69
50,3,25.0,0.247,58.14
37,14,14.3,0.0,84.84
45,6,12.6,0.079,48.45
66,4,77.5,0.787,84.75
18,13,55.4,0.415,70.5
20,13,88.4,0.469,97.19
29,8,70.3,0.324,71.44
47,3,17.7,0.914,54.14
40,2,21.6,0.15,24.2
32,11,62.6,0.335,88.64
39,4,39.8,0.404,54.52
43,10,25.1,0.831,226.23
36,5,37.7,0.753,77.76
30,14,25.2,0.289,80.82
42,2,82.7,0.218,45.16
68,10,42.2,0.225,61.3
19,11,13.5,0.962,205.33
35,13,21.7,0.529,78.41
63,12,44.2,0.895,235.48
71,13,75.1,0.158,75.01
62,7,76.7,0.08,69.34
24,6,55.6,0.026,55.41
25,11,32.1,0.878,204.97
42,8,16.0,0.764,82.45
18,13,7.3,0.588,87.7
43,2,71.3,0.665,82.76
56,14,55.0,0.609,89.95
58,3,37.8,0.638,44.98
26,5,35.9,0.265,61.08
37,13,50.9,0.514,79.48
26,9,40.7,0.85,209.91
46,3,5.2,0.104,35.93
20,9,52.1,0.682,81.49
22,5,47.6,0.624,78.35
74,9,20.1,0.622,87.78
35,3,37.5,0.01,36.88
37,6,85.8,0.251,60.46
59,12,54.9,0.571,101.55
48,2,56.0,0.159,45.13
24,3,31.9,0.042,42.99
42,11,31.9,0.477,65.0
44,9,78.9,0.272,79.21
72,13,81.9,0.375,93.91
31,3,57.5,0.058,55.34
22,1,58.7,0.517,69.54
27,12,54.9,0.463,86.62
26,2,37.4,0.025,39.71
24,3,13.2,0.771,58.65
43,5,42.4,0.283,49.71
64,9,38.5,0.791,81.39
46,14,59.1,0.147,95.81
57,14,44.0,0.703,92.65
19,10,9.0,0.833,184.86
39,10,16.5,0.914,200.42
29,4,86.0,0.533,71.54
40,8,48.7,0.298,65.69
59,14,84.7,0.869,239.03
59,11,16.4,0.332,66.11
65,4,30.6,0.325,57.62
52,6,59.8,0.062,55.08
51,1,42.9,0.323,60.51
70,2,54.9,0.449,67.27
67,3,79.3,0.539,94.69
70,11,85.2,0.105,89.29
51,9,66.6,0.509,75.04
45,13,44.2,0.105,62.8
36,9,58.8,0.69,81.2
55,4,43.1,0.091,55.05
48,14,75.9,0.742,106.45
49,7,85.0,0.94,95.25
20,5,42.8,0.07,53.19
35,12,66.1,0.885,225.0
73,13,54.6,0.665,106.98
43,4,73.0,0.287,81.44
43,8,19.6,0.073,43.0
59,5,76.6,0.787,81.69
66,2,37.1,0.58,66.56
49,5,79.2,0.715,80.59
56,11,38.7,0.041,56.33
54,3,43.8,0.125,61.45
56,4,17.0,0.815,60.46
45,13,52.4,0.701,83.27
33,9,32.6,0.167,65.8
72,10,15.9,0.665,93.48
63,14,38.2,0.919,222.55
62,10,8.5,0.006,35.44
53,14,5.0,0.85,212.29
25,11,39.4,0.479,88.04
39,4,46.7,0.695,90.48
64,13,26.5,0.335,98.03
30,13,61.7,0.948,235.95
70,8,6.7,0.647,68.71
72,10,19.4,0.342,72.1
64,14,36.7,0.833,223.65
28,14,42.6,0.414,83.39
37,1,52.8,0.047,46.78
25,1,50.1,0.362,56.66
38,4,40.8,0.442,59.46
42,5,80.6,0.981,87.72
31,3,30.0,0.925,69.27
62,4,6.2,0.101,45.1
21,9,50.1,0.566,70.56
25,3,21.6,0.39,41.79
44,11,17.5,0.936,207.77
50,13,35.9,0.546,77.33
66,12,88.7,0.161,101.64
37,11,38.4,0.809,212.69
61,14,69.4,0.844,244.15
47,1,76.9,0.318,56.09
55,13,51.1,0.429,87.27
57,5,82.8,0.44,66.45
66,7,81.0,0.504,80.77
19,14,41.4,0.914,220.76
55,7,52.2,0.915,93.42
46,3,36.8,0.629,51.49
30,8,84.2,0.81,85.2
49,12,14.3,0.902,207.4
63,1,72.3,0.924,77.96
62,10,87.6,0.167,89.28
38,7,85.2,0.019,62.94
60,6,55.7,0.57,76.31
68,10,81.0,0.507,82.11
59,6,87.1,0.994,111.39
36,1,34.5,0.672,60.92
29,5,48.6,0.004,55.55
23,5,17.4,0.064,48.67
28,14,26.5,0.882,215.92
59,2,41.3,0.464,66.72
67,13,68.3,0.768,116.32
24,2,51.0,0.525,64.55
40,8,77.5,0.351,89.65
67,5,42.9,0.586,86.75
40,9,88.6,0.816,217.21
41,7,88.9,0.741,105.37
63,7,33.5,0.409,57.46
62,2,61.8,0.36,65.51
27,13,75.8,0.155,87.68
20,10,74.3,0.641,98.56
65,9,59.0,0.098,74.16
48,10,6.8,0.932,202.93
18,8,51.5,0.139,60.04
56,14,75.5,0.376,101.22
58,3,35.3,0.263,61.97
25,10,31.6,0.838,200.74
66,3,65.3,0.376,82.48
52,1,41.0,0.033,42.94
45,13,89.2,0.436,106.98
26,2,70.6,0.826,76.7
26,1,52.7,0.796,60.82
35,13,58.8,0.781,89.66
43,11,42.5,0.916,211.72
38,3,82.9,0.666,67.86
70,12,64.1,0.095,81.76
53,3,69.8,0.239,64.92
52,2,49.9,0.919,78.05
25,7,7.8,0.23,46.99
33,2,5.5,0.805,45.34
28,12,45.1,0.07,69.67
74,9,8.1,0.463,73.47
62,7,84.6,0.246,85.08
40,4,42.0,0.376,62.84
58,1,49.0,0.792,59.58
51,3,20.4,0.841,61.82
43,6,64.5,0.132,67.03
59,11,47.8,0.716,92.64
34,14,18.5,0.092,64.35
49,11,40.7,0.499,78.4
57,4,10.9,0.212,45.26
68,10,72.6,0.765,108.05
44,10,38.0,0.472,68.07
74,13,59.8,0.871,244.44
35,5,34.9,0.233,56.52
65,13,31.2,0.913,228.79
67,1,7.2,0.955,66.97
60,4,61.7,0.612,90.77
29,5,51.8,0.63,72.96
44,6,28.6,0.842,50.08
63,7,89.9,0.531,84.43
59,10,53.9,0.499,99.12
53,13,71.7,0.089,76.76
20,6,24.1,0.626,55.02
54,3,17.4,0.536,38.58
21,2,67.4,0.92,80.7
56,13,31.4,0.08,90.12
61,4,24.7,0.131,45.12
60,2,89.7,0.216,56.1
64,9,50.5,0.75,97.69
68,5,41.7,0.672,76.83
45,10,10.0,0.017,47.5
70,7,59.5,0.244,63.78
71,13,51.3,0.068,85.8
32,14,15.6,0.777,85.28
67,6,58.2,0.03,54.78
27,6,58.2,0.558,63.43
60,13,69.5,0.238,84.28
69,5,57.0,0.216,47.84
63,5,30.0,0.499,74.33
29,1,72.1,0.126,51.47
29,2,19.3,0.886,66.7
30,4,87.3,0.255,69.8
30,4,69.9,0.284,61.18
63,9,32.0,0.437,82.36
65,14,87.0,0.858,224.41
73,11,81.5,0.011,68.25
44,9,10.1,0.531,63.78
66,6,39.0,0.509,65.29
52,5,10.1,0.637,83.69
47,14,6.3,0.11,63.74
56,12,79.9,0.909,229.16
39,1,87.1,0.66,73.37
29,13,58.8,0.092,86.06
74,9,64.9,0.928,219.69
25,7,57.7,0.81,89.21
59,6,59.9,0.79,86.36
23,5,54.0,0.61,75.64
53,8,39.3,0.526,76.81
27,8,32.6,0.462,65.18
18,5,7.9,0.239,46.96
65,7,26.1,0.991,93.75
29,2,24.5,0.019,40.88
24,3,56.0,0.976,70.7
18,3,73.5,0.732,80.56
32,4,71.5,0.58,66.85
69,2,47.0,0.088,47.51
26,12,58.5,0.851,217.78
31,8,7.8,0.054,51.97
46,5,12.5,0.26,56.35
27,14,78.5,0.247,95.03
66,2,43.2,0.78,64.03
51,2,46.0,0.694,73.84
45,4,35.2,0.72,68.0
29,13,66.4,0.518,82.92
28,2,24.6,0.777,66.42
49,10,53.0,0.813,215.11
74,12,47.0,0.214,86.06
72,4,43.2,0.231,57.37
52,14,30.1,0.837,227.2
67,3,23.2,0.461,65.02
68,8,16.2,0.403,87.94
31,3,76.2,0.136,75.72
51,14,11.6,0.353,76.49
70,14,24.7,0.783,96.79
72,2,35.3,0.45,66.7
40,9,5.5,0.458,60.92
64,10,71.8,0.562,88.42
47,14,42.4,0.159,77.67
39,6,33.7,0.46,58.51
36,4,33.0,0.253,52.8
63,2,51.3,0.719,95.15
74,2,44.2,0.652,83.34
54,1,18.8,0.908,62.22
35,8,43.4,0.155,74.44
40,11,29.9,0.153,71.75
60,2,57.6,0.136,60.29
63,14,63.7,0.298,90.66
53,7,14.4,0.037,57.45
70,4,5.8,0.532,62.98
57,8,30.2,0.996,83.63
44,6,79.5,0.942,102.43
23,14,6.0,0.582,73.08
54,10,67.1,0.699,82.2
48,10,88.2,0.463,84.62
30,7,7.8,0.659,70.5
74,1,14.4,0.808,55.11
34,5,70.9,0.643,72.87
50,1,61.3,0.931,74.24
27,10,21.0,0.351,43.86
29,1,44.8,0.376,55.68
49,5,89.5,0.58,84.54
20,8,7.7,0.392,61.56
49,13,63.5,0.706,104.0
36,9,58.2,0.086,60.16
22,8,72.6,0.361,75.28
60,8,35.2,0.321,67.81
73,10,10.4,0.311,68.61
19,13,27.0,0.116,52.72
41,11,28.8,0.626,87.94
20,3,77.0,0.153,53.43
70,11,66.0,0.975,233.65
55,8,9.7,0.586,45.45
40,9,74.2,0.776,82.86
68,13,59.0,0.384,89.19
46,9,28.6,0.404,72.0
43,10,11.5,0.847,204.81
22,7,48.9,0.769,86.42
53,6,11.6,0.292,48.2
47,5,5.7,0.085,45.67
32,1,19.8,0.458,43.8
47,9,30.0,0.168,53.32
33,2,18.3,0.221,27.85
34,1,10.8,0.762,44.57
45,14,63.9,0.947,229.42
42,11,55.9,0.81,213.23
30,2,9.2,0.407,55.75
72,9,37.2,0.337,71.71
43,1,47.6,0.895,71.54
41,2,72.4,0.161,46.92
26,12,46.3,0.561,80.19
53,3,80.8,0.542,88.96
70,8,78.5,0.048,78.9
19,2,53.9,0.98,75.58
54,7,76.1,0.692,91.94
39,1,66.7,0.476,45.82
23,10,23.8,0.396,75.99
30,6,7.9,0.361,58.9
29,4,13.0,0.353,48.39
72,7,60.7,0.062,70.86
65,6,16.3,0.706,73.14
54,3,47.1,0.259,55.54
39,4,49.9,0.193,64.66
73,10,41.3,0.495,77.11
32,3,86.6,0.132,60.7
51,9,78.4,0.272,83.68
19,10,30.7,0.717,81.01
73,1,13.3,0.102,41.02
56,6,33.9,0.684,66.41
45,10,22.4,0.958,203.62
50,6,45.8,0.355,71.59
64,13,18.6,0.176,71.45
65,9,41.8,0.023,69.76
48,7,33.7,0.042,50.03
27,10,40.8,0.937,209.01
41,6,49.0,0.691,77.82
60,11,88.5,0.312,91.87
61,3,19.2,0.807,75.29
65,10,9.4,0.498,69.42
67,1,32.8,0.382,55.74
64,5,68.5,0.4,73.11
74,4,73.9,0.179,68.86
60,2,54.2,0.165,48.75
43,14,79.7,0.169,93.39
43,9,82.0,0.806,207.32
65,2,18.6,0.234,45.29
20,3,75.3,0.959,86.28
49,1,76.8,0.43,64.85
54,6,15.5,0.391,63.55
45,4,59.1,0.057,54.96
19,13,54.2,0.605,85.71
59,2,68.2,0.499,71.48
22,1,28.5,0.136,38.23
22,8,79.9,0.146,66.61
41,6,13.9,0.733,57.1
69,11,40.2,0.439,75.42
24,3,89.9,0.172,60.79
22,1,89.0,0.543,73.84
43,7,33.4,0.132,44.3
43,11,89.1,0.853,226.33
66,8,41.4,0.752,96.3
32,5,59.1,0.05,46.75
27,4,71.5,0.586,67.79
39,6,42.2,0.869,75.66
63,14,14.7,0.321,74.07
58,11,44.7,0.958,218.03
74,8,27.2,0.579,70.41
37,14,24.3,0.491,86.45
20,2,56.2,0.449,43.18
72,4,66.5,0.321,77.86
42,12,61.6,0.985,226.75
35,4,88.6,0.743,97.4
58,10,89.7,0.089,75.21
31,7,67.2,0.626,79.79
59,6,86.2,0.831,105.76
22,3,6.6,0.314,64.37
33,11,84.8,0.865,240.3
36,2,41.0,0.131,42.86
64,11,71.2,0.175,85.49
71,1,87.3,0.783,77.73
39,5,40.7,0.415,50.05
20,8,46.6,0.298,58.38
29,13,5.1,0.52,76.63
24,7,32.1,0.108,43.7
47,10,11.7,0.506,67.91
54,5,57.1,0.339,67.31
52,1,22.1,0.161,37.7
46,3,66.6,0.933,87.46
65,3,21.9,0.889,49.58
38,8,81.4,0.821,94.51
55,1,17.1,0.845,64.92
37,1,62.8,0.894,79.72
22,9,73.5,0.571,83.58
32,1,23.9,0.006,32.24
50,2,88.4,0.889,85.09
36,3,15.0,0.362,42.08
37,7,78.7,0.296,75.13
49,8,58.3,0.694,88.05
58,7,15.6,0.704,67.11
22,6,44.7,0.608,82.19
20,1,79.2,0.601,67.23
21,8,75.1,0.654,93.07
55,14,28.1,0.09,59.59
33,10,9.0,0.841,196.22
63,14,22.4,0.218,91.51
46,9,87.2,0.029,74.77
20,14,22.7,0.563,81.36
33,5,61.0,0.176,72.86
18,5,74.4,0.606,73.77
50,1,41.8,0.114,43.01
68,5,47.3,0.875,85.02
21,7,59.8,0.633,71.23
69,2,69.3,0.733,75.39
41,2,69.9,0.706,69.05
28,14,79.2,0.309,83.93
67,7,32.1,0.201,71.91
70,11,16.4,0.274,69.3
47,9,25.4,0.445,73.93
41,2,29.5,0.826,68.52
63,3,37.5,0.538,72.97
47,1,19.5,0.325,53.77
65,9,19.2,0.143,60.36
44,12,73.4,0.283,84.24
33,14,46.7,0.113,80.75
37,4,51.3,0.646,62.7
32,12,75.9,0.574,101.72
68,6,14.1,0.939,83.57
48,7,56.3,0.177,55.48
52,11,48.0,0.925,241.22
73,4,63.2,0.355,71.7
71,12,12.6,0.585,92.2
54,5,78.0,0.309,60.64
53,8,36.2,0.479,76.47
23,5,60.9,0.641,78.84
70,13,32.1,0.533,102.56
40,4,78.7,0.896,82.47
47,7,33.0,0.448,80.87
32,9,7.9,0.918,191.62
45,6,17.8,0.946,73.94
50,4,58.1,0.425,79.48
50,9,70.6,0.953,216.08
60,12,34.1,0.62,75.29
18,8,15.4,0.466,56.94
55,6,42.5,0.56,71.65
61,4,62.9,0.719,86.16
62,4,50.1,0.59,81.8
25,11,77.9,0.937,225.09
67,12,42.7,0.889,235.89
71,10,42.8,0.885,203.65
59,1,73.0,0.992,78.38
20,3,12.2,0.909,65.85
38,4,9.5,0.616,55.88
58,8,21.1,0.014,45.05
45,7,77.4,0.993,100.25
61,8,64.9,0.435,86.02
44,11,60.4,0.753,92.89
48,8,27.6,0.937,81.55
33,9,46.7,0.636,77.98
23,8,24.7,0.28,47.22
39,13,11.7,0.977,215.84
64,10,23.4,0.158,62.16
66,12,10.7,0.625,86.51
36,7,69.2,0.873,98.0
54,4,13.3,0.037,39.03
34,8,66.1,0.28,73.26
36,12,75.8,0.097,92.38
57,13,31.3,0.593,90.63
26,1,84.5,0.597,66.77
73,1,15.4,0.871,52.96
64,6,77.7,0.548,70.52
23,11,46.7,0.396,82.83
24,14,58.4,0.427,79.01
42,1,50.5,0.261,52.12
33,2,35.8,0.913,77.95
56,1,76.9,0.44,75.27
63,8,60.7,0.061,63.0
33,13,18.6,0.427,88.44
65,10,58.9,0.761,75.44
70,2,44.8,0.845,74.17
45,14,69.2,0.798,108.29
52,1,67.3,0.55,68.76
40,8,42.1,0.429,75.32
22,12,52.8,0.609,89.6
44,8,21.8,0.395,64.46
26,5,31.1,0.679,64.3
64,3,31.0,0.703,62.62
26,7,79.5,0.977,90.11
31,10,42.3,0.32,82.52
43,9,39.7,0.808,214.55
18,8,40.3,0.704,68.73
69,8,36.0,0.271,68.2
40,3,11.2,0.55,35.8
24,11,37.2,0.945,206.47
21,5,16.4,0.026,39.21
26,7,73.3,0.993,88.82
22,11,84.3,0.185,87.63
30,11,39.7,0.095,69.23
31,2,51.8,0.681,62.51
50,5,29.2,0.211,47.56
71,7,81.5,0.231,77.51
42,2,42.9,0.64,80.77
52,5,74.5,0.162,54.52
41,11,57.0,0.868,214.13
69,11,52.2,0.869,228.1
26,14,76.1,0.608,98.2
62,14,49.1,0.097,76.01
64,12,63.1,0.666,92.93
37,13,68.9,0.624,102.68
45,2,8.3,0.741,67.44
41,2,27.4,0.237,24.32
67,7,12.7,0.889,81.05
18,7,44.0,0.64,70.08
19,10,8.8,0.817,205.62
32,2,77.6,0.827,83.83
44,9,76.0,0.797,103.42
40,2,35.6,0.157,50.29
38,12,68.5,0.273,83.88
60,13,6.1,0.265,63.0
65,14,80.0,0.725,108.12
27,5,48.6,0.181,58.78
57,9,63.2,0.909,231.63
57,5,41.4,0.048,56.52
47,13,22.9,0.09,60.1
71,9,13.5,0.991,209.25
27,6,72.4,0.81,92.3
49,12,55.1,0.149,90.37
56,8,79.2,0.433,94.85
36,8,48.9,0.264,65.81
69,13,64.0,0.862,226.11
49,9,11.8,0.034,36.32
62,4,78.0,0.499,73.76
36,4,30.2,0.263,37.3
73,8,59.3,0.05,68.86
42,11,41.7,0.964,225.25
51,9,65.0,0.823,217.33
26,1,54.5,0.965,58.68
35,5,5.9,0.843,70.96
73,3,43.9,0.916,83.18
30,11,88.4,0.713,87.21
57,9,38.2,0.513,71.07
63,11,41.0,0.142,79.83
25,14,80.0,0.855,229.58
64,9,79.2,0.884,225.7
39,6,11.3,0.083,32.92
54,3,56.0,0.885,79.11
55,4,67.0,0.312,74.08
62,4,8.0,0.745,58.13
33,3,68.9,0.274,59.94
45,8,47.4,0.521,73.41
33,8,15.1,0.419,60.84
66,4,80.3,0.297,74.32
32,12,46.0,0.055,59.15
57,10,22.9,0.969,211.01
18,4,23.8,0.052,38.3
31,11,82.1,0.518,108.19
54,7,68.5,0.466,78.82
51,2,23.4,0.913,67.82
32,6,75.8,0.528,73.03
55,9,60.3,0.092,70.02
40,1,74.5,0.589,59.69
29,10,87.3,0.775,95.32
70,1,22.7,0.041,35.79
71,10,81.4,0.499,79.98
60,7,38.6,0.86,72.94
63,12,81.5,0.584,97.83
71,11,79.9,0.511,101.22
26,10,21.6,0.147,52.38
29,7,59.4,0.332,63.86
30,3,36.2,0.914,63.87
31,11,10.1,0.058,45.86
18,4,44.1,0.242,50.9
74,9,13.8,0.434,81.06
71,10,34.2,0.934,210.71
27,10,13.1,0.681,66.52
27,12,36.1,0.113,70.22
70,6,57.0,0.68,91.97
65,4,8.2,0.469,65.42
32,9,44.9,0.542,78.95
47,7,16.1,0.865,84.49
65,5,62.1,0.507,65.77
21,2,46.7,0.053,36.77
64,1,22.9,0.889,62.09
30,11,56.0,0.427,88.85
22,4,53.3,0.016,32.81
32,12,11.4,0.434,71.5
44,1,50.6,0.334,50.46
61,1,63.6,0.5,76.99
49,2,69.6,0.064,48.85
38,12,78.2,0.793,108.94
37,5,58.8,0.746,79.63
26,5,23.0,0.955,76.62
63,11,43.7,0.268,86.63
71,6,13.8,0.113,58.06
55,6,86.6,0.681,90.81
47,6,80.6,0.867,91.39
23,11,89.2,0.167,75.77
21,13,5.1,0.457,63.75
50,11,23.4,0.39,77.93
73,6,81.1,0.785,83.0
69,1,27.8,0.918,65.4
56,12,72.5,0.994,212.26
67,11,10.6,0.301,70.91
43,14,61.3,0.088,87.14
64,2,64.5,0.64,71.55
26,10,11.6,0.906,192.24
66,5,19.1,0.249,53.93
57,10,39.1,0.899,215.19
67,12,29.1,0.58,73.06
23,10,39.2,0.177,70.07
67,14,61.3,0.352,85.91
71,8,12.8,0.811,87.91
68,9,11.9,0.687,78.13
60,1,44.3,0.533,60.28
67,10,72.6,0.223,81.86
58,6,88.0,0.495,76.6
25,8,65.1,0.422,77.35
61,5,12.4,0.47,51.55
22,10,21.2,0.283,66.68
67,3,53.8,0.449,64.01
20,11,19.0,0.5,64.3
44,10,15.2,0.01,49.9
37,11,61.6,0.062,77.33
64,3,11.8,0.648,74.78
23,2,45.9,0.948,56.83
24,3,74.0,0.914,88.83
41,2,15.2,0.909,66.44
57,2,85.0,0.965,71.04
72,10,40.8,0.673,85.6
60,5,14.3,0.266,42.42
18,11,21.4,0.157,53.66
30,7,21.7,0.414,58.06
50,11,80.3,0.328,96.43
24,14,83.6,0.901,220.91
25,3,52.3,0.294,70.13
70,2,30.7,0.367,56.22
50,11,68.3,0.456,93.87
68,11,46.1,0.628,93.02
56,9,41.3,0.565,68.88
24,4,59.9,0.633,64.09
21,10,63.5,0.737,88.82
51,12,73.2,0.065,86.88
40,14,56.2,0.066,65.22
28,6,23.8,0.41,54.43
50,7,84.4,0.988,108.81
29,9,14.5,0.341,58.42
72,11,89.2,0.391,111.8
70,10,29.1,0.803,188.96
29,7,67.8,0.144,52.9
55,11,84.5,0.963,216.44
52,6,76.3,0.818,104.53
61,13,41.3,0.395,82.46
29,4,16.1,0.396,62.23
34,8,87.1,0.327,87.54
27,2,27.6,0.305,39.34
62,8,82.4,0.689,83.18
53,1,10.5,0.763,57.4
56,6,65.2,0.842,107.41
18,1,72.9,0.57,60.62
37,6,22.0,0.189,65.94
57,9,89.2,0.055,67.53
46,13,81.9,0.219,100.82
54,13,20.1,0.695,79.8
32,4,6.0,0.296,38.97
65,4,62.2,0.893,85.65
51,9,11.9,0.68,78.86
19,5,34.4,0.091,43.31
28,5,29.2,0.005,51.97
45,3,28.0,0.466,58.39
43,12,20.0,0.961,199.57
63,9,37.6,0.359,73.7
66,5,14.3,0.49,62.9
54,6,76.4,0.784,90.8
55,3,12.4,0.774,54.57
65,8,16.3,0.945,96.01
52,6,19.8,0.122,55.26
52,14,54.7,0.909,232.26
24,8,42.0,0.609,77.97
19,11,13.7,0.958,200.89
64,3,84.7,0.572,69.31
72,13,73.8,0.192,100.83
53,1,84.7,0.131,55.97
61,5,75.2,0.359,79.69
72,5,31.1,0.842,84.3
26,14,9.1,0.767,84.96
71,1,51.2,0.95,74.42
47,11,85.7,0.872,225.19
71,12,82.4,0.139,80.94
44,10,29.4,0.332,79.34
48,5,41.9,0.196,56.71
58,3,34.9,0.467,66.29
61,10,16.6,0.155,80.85
19,11,82.2,0.171,75.18
23,13,33.8,0.521,92.24
65,1,17.6,0.671,57.36
20,8,13.5,0.416,65.94
33,4,65.5,0.658,62.84
62,13,81.8,0.09,96.96
52,8,73.9,0.535,70.42
56,8,26.2,0.191,55.74
19,12,41.8,0.504,80.55
71,1,84.8,0.081,75.01
63,2,26.5,0.6,67.87
35,8,56.3,0.154,53.99
56,6,43.1,0.415,80.84
46,6,19.1,0.347,71.07
42,14,71.9,0.732,92.29
62,5,74.2,0.686,65.25
42,3,53.5,0.503,63.05
52,7,13.6,0.398,58.14
45,10,12.2,0.563,71.8
66,13,19.1,0.414,78.08
40,1,27.1,0.813,57.41
40,11,68.6,0.473,78.09
29,12,28.4,0.862,204.82
66,11,58.1,0.042,74.75
49,2,81.6,0.514,57.54
67,3,26.7,0.886,79.59
39,6,71.0,0.418,88.85
69,11,62.7,0.088,89.01
65,9,28.1,0.033,56.47
40,11,63.8,0.641,92.07
44,3,39.7,0.084,44.23
69,4,63.5,0.527,71.01
22,14,67.4,0.459,99.74
35,14,81.8,0.558,85.64
57,11,41.2,0.198,73.71
51,6,31.3,0.112,75.68
64,2,84.3,0.382,71.88
73,13,64.9,0.095,98.72
50,11,32.3,0.77,97.63
54,7,83.2,0.386,80.2
22,12,70.1,0.596,89.4
51,7,42.9,0.761,93.34
71,14,29.1,0.6,102.14
38,10,41.6,0.897,217.07
57,4,8.5,0.71,54.34
47,11,83.9,0.826,223.68
67,12,10.5,0.578,79.76
45,4,39.1,0.362,57.4
24,3,34.7,0.715,64.31
56,10,66.5,0.56,87.24
19,14,62.5,0.306,92.18
48,2,50.5,0.319,38.98
21,11,87.7,0.812,208.69
36,4,34.8,0.947,78.4
25,5,6.1,0.576,53.85
28,6,42.8,0.306,53.28
38,9,13.3,0.102,51.46
74,1,61.4,0.947,69.47
49,8,12.3,0.845,83.96
53,12,9.9,0.543,79.03
48,12,48.9,0.489,90.9
27,7,85.0,0.463,95.92
72,11,73.9,0.611,93.59
37,3,85.8,0.954,93.9
46,5,30.5,0.961,75.75
55,9,83.4,0.027,79.87
32,10,11.5,0.936,207.36
31,4,38.1,0.663,65.71
63,13,55.4,0.372,106.42
69,3,54.6,0.483,71.03
26,1,9.1,0.528,32.4
48,5,80.1,0.394,75.21
58,9,22.8,0.232,55.24
56,4,9.9,0.583,51.44
38,13,62.6,0.884,209.12
55,4,50.8,0.695,78.4
26,13,45.0,0.472,65.76
27,13,57.5,0.328,78.77
70,1,85.1,0.298,74.47
71,1,65.0,0.754,72.12
67,3,48.1,0.169,46.51
66,8,16.3,0.926,83.31
53,7,75.2,0.598,79.62
26,8,16.6,0.307,49.31
44,11,56.4,0.451,89.19
50,8,31.7,0.649,81.79
34,3,59.1,0.437,73.5
48,14,28.9,0.055,79.48
37,3,60.9,0.339,61.09
35,1,32.4,0.176,49.31
64,2,79.3,0.189,61.98
39,12,79.5,0.409,91.28
49,8,80.4,0.362,91.7
32,1,34.5,0.201,38.87
62,13,62.9,0.053,69.7
53,2,5.3,0.274,39.89
26,12,52.6,0.348,95.06
42,6,74.6,0.492,79.89
45,3,27.4,0.929,71.03
23,8,38.0,0.053,61.35
71,13,37.9,0.667,82.41
30,8,48.4,0.3,60.25
23,9,79.7,0.673,93.91
26,5,71.7,0.013,53.6
60,4,5.5,0.429,41.95
53,14,33.2,0.12,65.23
30,10,20.0,0.024,58.51
49,12,27.3,0.664,77.62
50,8,5.1,0.036,48.5
40,9,55.2,0.473,69.31
35,2,87.1,0.312,61.24
49,14,18.2,0.945,201.95
54,7,44.9,0.133,59.13
53,5,8.6,0.847,75.38
57,7,72.0,0.082,68.05
30,13,83.8,0.983,231.46
73,11,49.2,0.494,78.48
21,6,58.0,0.277,66.78
39,8,70.2,0.224,66.99
72,1,35.3,0.208,47.02
19,3,13.7,0.461,42.59
28,13,43.5,0.711,97.36
67,14,81.7,0.492,115.22
31,4,56.3,0.482,61.02
34,9,26.4,0.311,72.49
58,2,47.5,0.642,68.12
36,10,33.4,0.109,74.98
74,3,80.1,0.397,68.89
24,3,39.5,0.366,46.23
25,11,7.7,0.078,60.39
66,13,5.9,0.252,56.23
40,11,75.0,0.131,87.72
45,10,43.8,0.299,81.98
66,13,54.3,0.066,81.37
56,7,72.5,0.127,67.65
22,4,47.2,0.929,64.36
58,12,85.5,0.478,95.57
32,3,43.8,0.776,74.38
58,4,28.6,0.66,72.73
52,14,25.3,0.348,88.45
64,5,67.5,0.034,58.67
65,4,47.4,0.959,93.75
70,4,13.0,0.204,47.64
23,2,61.2,0.797,77.29
23,3,71.3,0.311,60.48
41,12,58.5,0.574,92.52
39,1,89.4,0.176,63.34
51,3,16.2,0.101,45.35
66,6,83.2,0.382,82.1
49,9,18.3,0.587,71.91
54,14,78.3,0.347,96.65
48,4,63.7,0.251,60.96
47,1,79.7,0.466,64.0
74,10,56.6,0.438,101.52
51,12,11.8,0.812,193.79
74,6,18.8,0.885,81.43
42,6,55.6,0.648,70.83
29,12,72.7,0.695,95.21
55,8,15.1,0.244,67.64
32,4,62.2,0.303,56.5
20,10,79.1,0.667,93.12
40,1,58.2,0.868,71.7
54,3,51.5,0.08,65.94
23,5,87.9,0.345,79.34
38,9,86.5,0.704,103.01
26,1,22.4,0.468,43.35
64,8,74.0,0.302,88.39
50,4,67.0,0.446,90.23
25,6,40.4,0.084,46.96
74,4,52.3,0.77,79.44
30,8,72.5,0.771,92.97
34,4,33.1,0.589,69.14
54,1,24.6,0.316,52.44
29,3,85.7,0.82,83.0
66,8,22.7,0.926,76.14
53,5,73.4,0.664,78.97
33,8,70.6,0.349,76.54
34,10,88.3,0.076,70.96
27,9,74.8,0.406,89.77
18,1,80.5,0.801,69.23
19,13,55.0,0.807,226.04
23,12,66.0,0.066,63.4
53,6,54.9,0.003,60.79
68,2,76.9,0.104,52.24
69,3,35.9,0.027,39.36
24,11,84.0,0.619,97.05
58,1,17.5,0.486,60.75
54,10,22.8,0.624,73.14
22,4,88.2,0.813,90.87
41,7,82.5,0.825,91.31
19,2,59.5,0.654,64.95
61,7,63.9,0.371,75.4
53,13,74.2,0.238,92.23
47,1,62.5,0.162,58.69
43,5,11.8,0.257,48.42
31,14,12.2,0.205,70.87
39,8,26.1,0.95,83.93
30,9,20.3,0.908,207.1
32,2,57.5,0.64,70.59
31,4,47.8,0.561,61.84
19,3,65.8,0.504,71.56
31,3,33.4,0.833,69.41
60,6,22.0,0.895,79.07
32,14,79.7,0.327,85.15
22,11,8.8,0.272,57.96
35,9,56.7,0.946,212.11
49,10,13.6,0.596,72.88
52,12,86.0,0.961,223.5
56,4,59.0,0.04,68.15
48,12,71.9,0.08,74.01
50,7,13.8,0.796,79.68
21,1,84.3,0.261,57.76
27,13,49.2,0.414,71.15
41,13,44.1,0.207,90.68
20,11,12.6,0.319,71.5
71,10,55.4,0.127,72.92
50,14,5.2,0.004,74.4
71,7,19.7,0.708,78.64
19,13,21.0,0.072,58.93
36,8,48.6,0.703,83.39
65,1,78.6,0.708,85.57
26,8,53.9,0.082,62.41
54,11,66.9,0.886,228.72
34,13,57.7,0.554,90.37
22,12,16.9,0.088,56.9
25,4,76.5,0.538,62.43
26,4,74.7,0.484,73.99
32,1,23.1,0.819,72.17
62,2,15.4,0.472,50.97
70,3,31.5,0.17,43.2
54,4,63.7,0.953,83.51
67,10,6.6,0.431,71.65
69,8,46.2,0.363,85.67
43,6,37.9,0.624,70.62
36,7,86.1,0.124,75.8
49,6,21.3,0.051,50.19
19,11,84.6,0.951,217.74
57,14,86.2,0.307,96.01
65,7,84.8,0.714,90.64
57,8,66.9,0.438,75.44
52,13,77.3,0.645,100.42
57,1,74.7,0.307,61.98
27,9,41.4,0.846,192.03
59,6,87.4,0.775,109.11
28,6,67.6,0.356,81.68
51,7,37.4,0.863,83.62
52,9,41.6,0.086,58.51
25,14,22.9,0.116,61.68
31,2,63.8,0.765,66.67
57,2,63.2,0.403,57.42
71,4,86.6,0.718,92.05
56,11,63.2,0.303,61.29
73,1,17.2,0.87,57.05
27,11,85.4,0.073,66.92
26,14,70.0,0.387,89.83
29,2,61.9,0.897,66.29
56,6,34.7,0.706,78.29
54,14,31.3,0.344,69.27
61,8,83.4,0.581,99.76
39,4,67.7,0.802,81.07
67,8,45.8,0.693,100.91
64,2,11.5,0.115,43.94
72,2,39.3,0.684,73.45
33,14,76.3,0.294,94.57
37,1,58.5,0.683,43.14
55,14,74.6,0.442,102.72
61,3,57.2,0.875,70.82
53,8,50.6,0.958,80.15
40,6,36.2,0.791,89.22
24,4,82.0,0.22,71.3
50,10,8.6,0.878,200.05
33,1,47.7,0.073,53.49
48,11,76.3,0.993,218.32
38,14,19.7,0.21,80.67
31,1,66.3,0.365,59.58
35,7,9.4,0.798,64.96
68,6,42.2,0.532,83.96
23,14,84.9,0.801,229.98
59,3,83.7,0.826,74.64
31,9,69.2,0.815,196.88
37,11,65.4,0.667,76.83
48,11,60.6,0.303,71.8
39,2,85.2,0.614,85.77
30,7,82.7,0.758,84.23
19,14,23.0,0.687,86.82
54,6,88.7,0.044,66.06
33,6,54.2,0.647,75.07
41,9,83.0,0.074,77.41
73,1,27.1,0.66,72.5
44,1,21.5,0.446,66.04
43,14,28.2,0.321,71.53
29,6,57.0,0.461,62.74
62,5,19.1,0.917,74.67
62,10,49.4,0.145,85.31
49,4,15.0,0.235,41.22
22,4,62.8,0.395,69.31
44,14,82.1,0.073,87.3
71,3,52.6,0.357,63.3
56,12,5.2,0.539,71.06
51,5,47.8,0.225,72.22
34,10,59.8,0.32,71.18
71,5,89.2,0.164,67.0
18,2,9.6,0.882,38.09
49,11,32.9,0.703,88.93
45,1,24.7,0.014,19.91
38,2,31.4,0.671,39.8
37,13,77.8,0.382,91.57
39,12,84.1,0.158,90.02
45,14,72.9,0.707,122.79
70,2,48.9,0.503,58.42
22,2,87.5,0.342,52.94
47,4,80.1,0.255,74.08
54,11,88.8,0.488,89.91
40,8,60.5,0.294,63.4
52,11,54.4,0.676,83.11
26,5,33.0,0.268,36.89
53,8,32.6,0.357,81.33
26,5,63.6,0.941,87.22
69,9,34.4,0.276,62.93
41,1,59.5,0.185,57.82
62,14,54.7,0.436,95.51
43,2,58.3,0.558,67.86
47,13,36.7,0.051,74.77
63,12,78.0,0.119,83.33
18,11,34.7,0.998,204.98
24,14,84.2,0.814,235.5
60,7,82.0,0.183,97.54
43,14,54.6,0.512,97.61
26,10,74.9,0.875,218.15
25,8,89.4,0.374,92.93
60,6,20.0,0.742,78.92
32,3,34.3,0.369,55.12
58,7,29.8,0.209,80.29
46,7,20.8,0.434,62.55
56,5,41.5,0.547,65.89
67,9,28.2,0.922,199.85
67,13,18.3,0.746,97.57
25,7,21.9,0.497,60.01
38,13,26.1,0.863,215.55
27,10,14.7,0.706,85.93
42,13,78.6,0.06,65.15
58,7,54.3,0.421,62.44
55,2,88.4,0.849,83.14
48,11,35.7,0.645,74.16
74,13,8.0,0.209,61.95
22,13,85.2,0.448,93.28
40,5,8.1,0.753,57.08
56,11,85.3,0.023,93.92
22,7,52.9,0.02,69.71
72,10,54.2,0.696,94.23
62,1,86.0,0.27,64.1
60,14,23.1,0.031,65.57
56,10,64.4,0.834,218.67
74,10,26.4,0.273,63.9
58,9,51.0,0.147,69.12
60,1,40.6,0.893,76.36
27,12,39.5,0.303,70.62
36,14,48.2,0.153,80.36
59,4,49.2,0.363,60.56
63,13,80.2,0.091,86.52
18,8,40.5,0.394,72.92
50,3,55.5,0.801,80.17
25,13,15.2,0.881,209.97
23,3,36.2,0.242,42.93
34,1,87.4,0.776,82.26
38,14,20.3,0.172,52.48
32,7,31.2,0.891,80.57
71,7,26.7,0.015,55.09
33,10,82.0,0.133,79.65
55,12,78.9,0.934,236.68
59,2,55.8,0.469,68.02
39,11,20.8,0.272,66.28
32,7,70.9,0.446,70.68
58,12,32.7,0.638,86.81
27,10,21.2,0.49,72.28
56,6,79.2,0.403,90.11
69,10,38.6,0.436,77.68
27,12,89.2,0.75,89.47
51,10,24.6,0.733,70.27
44,8,78.2,0.45,91.42
55,8,55.4,0.079,58.77
63,6,37.0,0.55,68.92
30,5,11.7,0.32,54.89
24,6,59.6,0.866,73.99
34,10,25.3,0.613,85.89
49,13,13.6,0.455,85.59
26,9,48.2,0.064,74.23
24,5,5.4,0.066,44.58
39,5,38.9,0.84,85.69
33,13,77.9,0.041,84.87
31,8,43.9,0.235,59.46
61,10,70.1,0.428,89.15
25,6,48.9,0.87,91.67
38,5,31.0,0.669,73.12
73,1,56.7,0.552,56.82
64,2,40.0,0.344,59.12
63,4,69.5,0.632,83.76
59,12,79.0,0.385,84.09
35,5,49.1,0.92,63.72
54,2,47.6,0.999,80.52
43,6,28.8,0.705,81.15
26,14,56.9,0.908,223.87
18,13,43.5,0.899,201.68
43,5,35.0,0.104,47.29
34,13,69.9,0.944,218.38
68,14,74.4,0.873,238.42
42,8,25.7,0.012,48.38
54,1,12.6,0.722,64.02
49,10,25.4,0.61,74.33
21,1,54.0,0.234,57.67
51,1,37.9,0.493,62.83
46,13,29.0,0.704,84.97
74,8,53.2,0.884,115.54
44,3,76.4,0.421,69.39
36,8,75.4,0.035,59.46
45,3,14.3,0.192,49.83
65,13,43.6,0.896,204.45
41,7,22.3,0.721,79.41
72,7,16.3,0.671,76.65
64,8,25.1,0.282,73.64
22,1,8.3,0.964,61.33
48,3,42.5,0.156,42.33
48,3,48.5,0.972,68.19
66,13,86.9,0.01,94.95
64,3,82.9,0.504,78.43
72,2,63.3,0.84,83.05
42,14,17.9,0.135,73.33
69,2,58.8,0.481,56.96
71,11,45.2,0.28,71.33
61,14,66.3,0.078,101.04
29,1,84.2,0.287,66.31
19,7,70.5,0.46,64.72
65,8,84.9,0.982,108.62
18,2,23.4,0.602,47.64
55,2,31.4,0.077,26.56
27,2,82.5,0.244,56.81
57,6,80.4,0.064,76.3
47,5,22.2,0.742,73.78
22,14,17.0,0.28,59.76
35,6,52.4,0.487,66.51
31,2,17.1,0.559,52.23
25,13,15.0,0.286,69.2
67,10,12.3,0.105,55.94
70,6,89.4,0.161,69.21
23,13,52.9,0.196,70.56
42,6,60.4,0.202,66.66
73,8,41.8,0.406,82.38
29,7,67.8,0.501,76.41
73,1,22.1,0.215,42.55
47,5,33.3,0.671,67.02
63,14,31.7,0.031,88.05
73,6,27.9,0.485,68.48
51,9,51.2,0.404,79.82
59,13,29.5,0.066,64.35
18,10,52.8,0.97,214.15
70,13,36.2,0.949,208.47
29,1,34.5,0.026,20.95
24,8,72.0,0.037,66.29
45,4,75.2,0.049,62.78
60,2,21.0,0.826,64.53
47,4,87.3,0.364,85.19
37,11,32.0,0.195,77.07
66,3,71.7,0.227,64.63
38,5,78.3,0.917,81.64
40,2,24.5,0.309,40.35
44,13,27.0,0.887,216.0
62,12,71.6,0.561,91.75
44,10,63.7,0.439,67.74
41,8,35.2,0.743,86.64
63,8,10.3,0.679,89.62
68,2,11.5,0.898,64.72
34,5,9.8,0.909,78.66
21,10,30.5,0.703,98.78
44,9,28.5,0.476,72.04
41,1,47.1,0.978,73.35
42,14,56.5,0.197,98.91
29,9,22.3,0.62,72.54
53,11,36.5,0.66,94.56
53,3,82.4,0.169,53.63
49,6,18.0,0.452,61.37
60,7,52.6,0.375,68.88
20,10,25.7,0.894,203.36
25,14,89.0,0.979,231.11
66,5,26.2,0.613,56.02
22,4,15.7,0.522,52.41
54,4,57.5,0.668,55.73
73,5,69.8,0.577,92.24
26,10,83.1,0.733,105.49
21,8,64.5,0.608,81.0
46,13,30.0,0.264,63.43
54,2,73.4,0.744,69.54
69,11,41.5,0.275,95.14
63,7,26.7,0.958,90.76
68,5,54.8,0.773,80.7
28,2,54.9,0.5,60.39
41,4,54.9,0.039,60.59
33,3,17.5,0.995,68.31
31,12,48.6,0.661,98.47
26,7,79.0,0.012,59.15
72,4,24.0,0.15,56.28
49,5,82.9,0.144,70.46
59,11,41.5,0.202,63.31
20,6,41.3,0.458,65.71
55,11,80.6,0.854,221.62
37,11,87.1,0.678,95.78
41,1,81.7,0.502,59.8
33,3,75.8,0.819,86.7
67,14,28.0,0.476,91.28
29,13,34.6,0.486,84.52
28,14,59.9,0.605,94.98
62,1,63.1,0.552,79.66
65,3,76.9,0.321,69.75
51,3,39.4,0.573,60.11
63,5,18.9,0.535,66.68
27,12,14.8,0.862,211.75
47,14,81.7,0.897,239.34
30,11,43.3,0.692,90.49
38,4,23.9,0.58,63.18
45,13,11.8,0.929,217.24
57,6,71.7,0.146,69.46
33,7,82.6,0.784,80.89
40,2,20.7,0.717,43.26
39,12,75.4,0.177,75.75
41,12,69.4,0.308,88.64
54,3,24.1,0.439,60.9
33,6,6.6,0.668,65.99
68,2,76.9,0.677,76.63
62,14,65.1,0.511,99.77
74,2,72.5,0.825,93.4
26,14,73.8,0.766,103.68
38,7,57.3,0.956,89.86
46,8,83.1,0.842,85.42
46,9,86.3,0.83,214.93
43,5,27.0,0.354,53.58
31,4,44.2,0.929,57.51
74,2,34.4,0.167,57.04
73,3,18.9,0.886,78.46
24,12,49.8,0.243,86.64
74,8,40.3,0.064,66.15
50,14,61.7,0.498,103.77
54,4,88.2,0.07,52.02
30,1,45.1,0.984,68.89
65,10,12.5,0.121,58.37
72,12,62.4,0.339,73.67
59,9,83.0,0.638,94.47
25,4,81.2,0.474,79.61
27,14,56.3,0.059,70.58
70,7,19.6,0.001,55.06
64,9,20.1,0.639,69.25
54,6,7.8,0.689,70.78
58,4,89.7,0.436,84.17
28,8,36.4,0.77,65.59
68,2,41.2,0.599,56.43
41,5,72.2,0.12,67.54
34,11,16.5,0.5,74.74
33,13,79.4,0.917,227.98
52,14,42.5,0.061,66.33
45,1,23.9,0.391,54.44
30,7,13.8,0.977,70.95
65,9,84.2,0.586,84.4
43,9,65.1,0.956,226.11
45,10,80.5,0.133,82.83
53,1,19.8,0.245,39.52
74,14,44.1,0.261,82.69
45,11,66.5,0.818,219.37
69,9,34.2,0.006,62.45
44,9,86.8,0.726,96.73
30,7,46.1,0.988,80.52
55,1,68.2,0.826,70.29
25,3,45.2,0.91,78.46
34,11,6.0,0.535,68.99
56,5,74.0,0.344,75.29
52,8,66.3,0.233,74.55
38,12,65.4,0.365,96.63
22,5,69.2,0.975,85.64
33,1,15.9,0.705,63.83
50,5,5.2,0.562,70.75
70,13,47.7,0.17,72.9
71,1,73.0,0.501,64.28
50,12,58.9,0.946,216.99
25,7,28.7,0.398,62.76
33,7,30.1,0.681,72.74
39,1,36.7,0.125,41.32
50,12,7.0,0.836,217.05
44,9,25.2,0.094,55.83
49,4,18.3,0.492,45.33
73,13,43.3,0.251,79.98
63,3,65.7,0.071,68.29
51,8,62.9,0.412,76.45
41,11,6.0,0.22,66.04
73,6,54.3,0.866,85.47
46,11,73.6,0.682,84.27
37,7,22.9,0.772,72.41
26,5,52.3,0.621,67.44
20,7,46.2,0.74,100.86
66,10,84.5,0.57,94.62
43,6,41.6,0.537,57.38
70,2,86.9,0.15,73.08
66,2,10.2,0.753,64.84
18,1,75.5,0.583,59.34
31,6,82.7,0.789,89.14
61,12,42.5,0.564,93.02
22,9,29.3,0.813,198.15
73,7,9.9,0.559,66.32
30,14,57.9,0.274,70.67
66,11,77.2,0.714,103.79
29,9,30.4,0.214,51.97
63,8,37.2,0.253,74.47
67,10,67.1,0.4,83.22
30,7,27.6,0.936,94.11
74,7,58.2,0.218,76.37
74,13,40.7,0.438,95.51
18,6,24.4,0.901,63.16
39,14,17.5,0.055,64.71
71,6,24.2,0.78,64.97
66,7,31.4,0.55,60.19
34,14,62.5,0.25,75.42
62,5,15.3,0.733,61.04
42,2,52.5,0.537,52.39
52,5,41.1,0.978,85.37
46,13,68.7,0.505,98.29
73,12,19.8,0.298,82.81
49,1,47.8,0.993,77.19
72,5,62.5,0.483,77.31
39,1,76.7,0.756,69.97
43,7,47.1,0.138,60.52
56,8,32.8,0.986,84.95
44,1,16.6,0.66,53.8
74,3,50.2,0.286,65.65
69,4,30.2,0.952,76.15
69,3,76.6,0.94,94.19
43,13,89.0,0.735,109.24
67,12,39.0,0.13,78.5
67,13,54.0,0.2,83.53
40,4,36.0,0.897,84.37
30,14,58.6,0.926,220.33
21,5,49.5,0.369,72.02
32,4,21.1,0.65,63.33
22,7,61.3,0.999,96.25
40,9,45.8,0.295,68.0
41,13,42.3,0.398,73.3
35,8,33.6,0.806,81.15
66,2,30.8,0.784,61.58
43,13,17.0,0.83,197.53
29,8,74.5,0.628,86.61
30,6,45.5,0.803,78.7
28,10,68.7,0.019,71.18
27,13,63.1,0.221,74.63
38,6,78.1,0.267,80.0
39,4,73.7,0.547,76.59
63,5,30.8,0.648,58.84
28,6,48.9,0.139,59.57
74,7,68.9,0.122,62.35
37,3,77.7,0.166,63.06
52,4,43.9,0.125,62.2
40,2,7.1,0.196,57.77
37,3,35.3,0.508,56.26
71,10,66.8,0.149,75.53
39,6,36.7,0.114,67.35
41,11,55.3,0.039,74.19
33,4,83.2,0.075,62.53
51,7,29.7,0.077,48.3
38,1,14.0,0.866,51.29
70,12,40.1,0.695,90.9
56,4,36.1,0.404,69.98
43,9,33.2,0.242,77.01
29,9,89.8,0.172,85.9
33,12,78.1,0.26,87.38
26,3,21.7,0.801,79.08
50,7,81.5,0.36,84.35
67,14,31.3,0.572,88.05
65,5,74.1,0.752,86.49
65,8,47.8,0.28,74.49
34,10,41.4,0.134,73.75
20,2,45.3,0.692,52.57
60,4,27.5,0.936,79.29
49,9,64.1,0.385,70.22
45,11,29.8,0.929,205.13
51,11,47.1,0.208,65.65
48,12,66.0,0.503,91.98
36,7,60.5,0.559,80.73
54,4,38.8,0.437,66.01
39,5,80.3,0.519,84.76
44,10,89.1,1.0,236.7
23,9,80.0,0.117,87.21
28,8,5.3,0.843,63.8
21,14,18.8,0.534,81.87
31,13,51.8,0.395,73.47
24,10,79.2,0.085,91.82
20,1,21.8,0.37,36.05
74,7,5.7,0.291,62.7
68,3,37.5,0.53,55.25
57,10,16.6,0.323,63.32
55,5,47.6,0.274,73.36
32,4,75.1,0.897,81.01
71,12,36.7,0.806,221.12
28,12,15.6,0.525,72.79
36,4,64.5,0.221,57.65
35,11,80.3,0.277,87.44
49,5,48.1,0.792,86.66
26,7,41.9,0.485,82.8
50,8,68.2,0.556,74.08
30,9,14.2,0.014,61.41
25,12,89.7,0.675,113.49
62,8,57.5,0.932,94.3
49,11,44.3,0.602,91.45
71,4,70.2,0.489,71.96
52,1,8.6,0.911,54.12
68,13,70.9,0.784,115.1
42,6,19.0,0.007,47.03
49,4,47.0,0.423,70.84
37,13,11.3,0.433,81.42
41,9,45.1,0.251,73.21
31,6,17.3,0.554,57.21
57,7,62.6,0.245,96.32
22,3,34.7,0.193,38.83
63,4,35.1,0.856,83.87
52,2,45.0,0.829,77.3
37,10,65.3,0.793,90.04
29,6,84.2,0.0,72.3
37,14,51.8,0.591,93.99
22,9,76.5,0.542,83.44
33,8,5.3,0.931,56.4
74,14,39.5,0.679,94.4
47,4,58.7,0.874,79.04
68,13,14.2,0.295,87.84
40,11,52.8,0.663,83.5
38,13,36.8,0.745,96.98
36,13,44.1,0.563,72.9
44,3,19.5,0.784,65.85
40,1,38.8,0.267,36.33
29,2,5.1,0.727,60.65
18,3,55.3,0.71,73.13
74,5,16.5,0.451,75.45
34,9,59.0,0.554,83.59
35,10,64.6,0.813,211.84
31,11,20.8,0.636,81.0
65,7,26.0,0.219,56.01
50,1,8.5,0.985,76.85
60,13,7.6,0.519,82.4
25,8,89.2,0.967,94.18
18,8,21.9,0.446,50.99
42,6,53.5,0.204,77.35
20,14,60.3,0.813,233.7
72,1,60.1,0.236,60.34
43,10,22.4,0.004,62.72
66,7,5.1,0.217,43.26
19,6,72.9,0.644,89.55
38,10,29.5,0.081,64.53
70,7,73.0,0.007,78.09
32,13,37.6,0.065,81.9
73,12,13.6,0.882,221.46
68,5,44.3,0.554,70.63
52,7,56.0,0.39,78.61
55,1,66.6,0.341,68.88
35,7,7.7,0.129,29.76
68,6,36.4,0.195,62.76
30,3,51.4,0.717,80.65
40,7,35.3,0.501,79.96
25,11,24.5,0.493,68.49
62,11,21.7,0.956,209.06
50,7,85.2,0.601,99.81
64,5,77.8,0.296,69.61
26,2,33.5,0.514,53.13
18,6,76.8,0.997,91.26
30,7,16.1,0.755,79.24
44,12,57.3,0.418,89.33
59,10,75.5,0.025,77.81
47,11,12.4,0.496,75.67
67,12,64.8,0.138,77.64
65,7,23.9,0.29,55.09
54,14,36.4,0.087,89.56
37,6,74.4,0.128,67.13
72,3,83.4,0.139,59.68
71,4,85.9,0.277,71.11
64,8,20.6,0.299,64.43
54,7,11.0,0.96,93.69
42,4,36.7,0.628,64.32
27,6,58.1,0.787,86.12
38,6,58.2,0.834,96.19
58,1,87.4,0.456,74.54
29,9,27.8,0.737,79.95
73,4,65.3,0.685,79.93
63,10,33.0,0.602,68.97
62,13,13.9,0.101,63.84
46,1,63.8,0.271,50.24
29,9,56.0,0.588,83.15
67,2,64.1,0.01,50.08
37,9,10.9,0.061,50.66
46,12,78.9,0.391,99.5
20,7,38.2,0.914,91.73
67,6,27.4,0.913,74.1
48,4,81.5,0.712,87.93
59,1,52.2,0.779,72.04
26,6,14.5,0.287,46.6
50,8,41.1,0.752,83.78
55,6,52.9,0.89,77.51
60,7,68.1,0.337,77.71
67,1,80.0,0.37,67.66
59,5,60.4,0.726,67.2
69,14,12.7,0.453,87.47
20,13,32.0,0.527,79.59
48,9,60.2,0.336,83.54
64,12,45.0,0.655,93.94
72,7,77.8,0.22,82.57
24,7,57.1,0.465,68.98
34,7,19.6,0.49,62.41
48,12,45.6,0.992,224.48
47,7,40.5,0.636,76.81
45,13,13.9,0.31,76.46
45,8,59.0,0.667,83.67
61,4,19.6,0.821,78.3
20,12,9.5,0.195,64.68
30,3,73.4,0.226,57.98
50,4,17.7,0.351,57.78
57,6,17.5,0.381,55.9
47,14,86.0,0.884,223.3
62,9,37.5,0.671,86.58
40,9,28.6,0.457,69.46
37,13,44.9,0.729,89.88
34,5,9.3,0.876,77.34
51,11,28.2,0.904,216.99
69,8,58.5,0.783,93.71
41,10,65.1,0.179,79.32
37,2,11.4,0.108,34.88
61,7,20.0,0.672,73.9
68,1,81.6,0.611,73.39
68,10,74.9,0.029,77.84
26,12,29.6,0.332,71.17
47,5,63.1,0.889,105.22
72,2,56.8,0.611,73.51
18,1,67.0,0.384,57.65
55,14,12.8,0.407,85.22
70,3,53.8,0.858,75.39
27,14,67.9,0.524,95.48
51,7,48.8,0.942,77.67
53,11,43.0,0.552,79.84
28,6,10.2,0.287,58.03
25,7,75.9,0.543,79.27
59,13,52.0,0.386,86.44
42,11,54.5,0.39,87.83
43,11,47.9,0.775,101.0
37,9,57.8,0.633,94.47
27,11,29.8,0.988,208.41
56,12,79.4,0.404,96.58
37,4,24.9,0.058,55.34
27,11,87.4,0.903,238.63
52,10,45.4,0.944,214.53
32,12,28.5,0.038,69.68
37,3,19.6,0.606,56.95
28,2,11.0,0.282,50.41
26,11,12.9,0.748,64.72
44,8,85.9,0.144,74.49
21,2,35.8,0.03,50.07
69,14,88.9,0.343,91.71
39,3,60.4,0.845,68.63
40,13,75.9,0.181,81.42
59,2,80.5,0.174,64.62
34,1,64.8,0.637,62.42
37,7,56.4,0.8,79.75
40,6,36.5,0.227,68.06
41,8,28.9,0.336,56.84
32,10,84.7,0.807,226.3
63,13,9.3,0.177,72.42
30,6,61.4,0.116,56.09
54,5,38.4,0.229,60.0
39,4,72.3,0.549,67.39
74,5,65.8,0.627,87.49
62,9,61.6,0.461,77.94
65,4,30.1,0.282,68.64
43,3,8.6,0.825,74.08
71,11,43.8,0.795,87.6
45,10,17.0,0.147,65.19
47,5,81.2,0.623,87.35
62,1,87.2,0.461,71.06
62,10,60.5,0.61,97.31
27,6,47.5,0.776,69.75
74,9,64.4,0.4,70.04
32,11,14.2,0.75,69.43
18,6,64.9,0.461,87.71
32,9,59.8,0.636,79.79
44,5,25.2,0.338,47.78
27,4,60.7,0.775,81.14
60,12,86.7,0.344,88.77
66,2,10.7,0.932,55.29
31,13,53.3,0.535,104.15
37,4,54.0,0.936,69.32
22,5,18.7,0.904,84.06
55,12,71.7,0.625,106.71
46,9,57.0,0.425,82.08
41,2,17.8,0.64,54.1
21,13,85.4,0.687,89.15
48,13,19.1,0.77,87.05
26,4,54.8,0.496,61.82
22,12,37.8,0.199,61.96
20,2,18.3,0.089,47.25
24,7,9.0,0.741,61.03
59,12,64.5,0.22,89.18
51,14,5.4,0.696,82.41
20,6,70.3,0.297,72.41
34,2,45.2,0.342,49.4
70,10,59.0,0.728,95.12
74,11,19.4,0.434,73.18
49,14,55.4,0.831,225.77
22,12,84.4,0.965,231.0
40,5,25.2,0.223,43.88
61,14,65.6,0.055,92.51
26,9,80.7,0.687,97.06
31,5,6.2,0.358,39.34
40,6,9.5,0.909,80.36
30,13,88.0,0.245,83.4
32,14,51.0,0.59,82.4
41,13,8.1,0.536,74.17
67,6,72.1,0.295,73.93
70,14,31.7,0.808,222.38
47,7,75.7,0.862,88.53
32,12,69.3,0.065,83.93
19,11,66.6,0.121,77.46
60,7,72.8,0.086,68.81
71,4,83.5,0.252,77.6
48,13,9.4,0.829,201.58
74,12,83.3,0.365,104.34
74,3,32.0,0.911,94.99
74,4,74.8,0.485,82.34
67,5,74.4,0.752,85.06
33,11,58.1,0.408,98.76
64,11,77.6,0.033,93.62
46,12,67.8,0.084,72.02
62,9,21.0,0.851,202.98
58,1,80.5,0.562,71.42
38,11,73.0,0.985,224.44
24,7,69.9,0.411,78.13
65,14,28.2,0.27,78.97
42,8,27.6,0.023,57.78
67,4,84.6,0.289,65.59
36,12,25.0,0.08,60.22
56,14,53.9,0.13,76.63
67,7,59.2,0.857,95.53
20,3,61.2,0.623,60.4
19,11,66.7,0.42,79.94
61,6,78.4,0.012,70.2
70,4,49.2,0.457,77.7
73,11,13.7,0.842,211.73
19,7,22.7,0.891,79.93
29,12,73.5,0.709,106.1
70,10,26.7,0.242,59.74
51,13,39.2,0.124,74.2
43,3,71.8,0.779,92.23
36,1,14.7,0.1,37.37
28,3,57.8,0.829,92.72
34,6,62.6,0.918,94.48
35,2,20.5,0.538,42.14
50,14,84.5,0.985,208.0
71,3,61.7,0.186,59.3
50,4,48.2,0.949,101.69
28,4,42.1,0.308,58.93
22,12,17.6,0.448,77.69
64,5,52.4,0.78,75.75
67,3,82.3,0.99,87.05
68,8,86.1,0.427,100.53
74,10,15.3,0.028,77.96
34,2,65.4,0.218,57.96
38,3,21.4,0.298,59.34
51,5,61.5,0.768,82.53
22,6,81.3,0.695,67.23
47,4,51.8,0.697,55.72
39,14,71.3,0.915,228.39
71,9,26.9,0.384,83.21
67,2,31.4,0.33,49.22
28,9,34.3,0.562,61.33
22,13,88.7,0.785,107.32
39,12,81.2,0.829,222.88
74,4,68.3,0.326,68.3
55,11,56.6,0.877,218.33
29,5,77.2,0.361,69.07
26,5,7.3,0.46,55.45
28,14,13.4,0.277,71.93
32,10,42.5,0.541,80.24
48,9,88.9,0.617,97.33
61,6,68.0,0.082,74.43
56,12,31.1,0.303,79.05
54,7,75.3,0.261,75.99
37,7,5.0,0.079,54.95
50,10,7.7,0.038,48.55
33,14,29.2,0.536,83.84
67,6,70.0,0.197,71.98
38,13,34.3,0.214,72.85
31,12,8.3,0.114,64.14
52,4,46.7,0.548,67.79
70,1,45.4,0.831,81.29
27,14,13.8,0.501,81.16
36,13,72.2,0.805,214.85
33,5,55.1,0.686,67.9
70,7,33.9,0.147,79.71
68,5,82.1,0.001,73.32
59,9,70.8,0.097,67.73
73,10,17.8,0.068,70.97
59,2,59.2,0.789,68.54
21,6,7.6,0.512,44.04
52,6,49.9,0.989,77.81
64,12,84.5,0.615,105.75
62,1,36.4,0.51,66.14
33,6,76.9,0.807,95.92
35,13,56.3,0.744,94.89
34,10,21.4,0.428,64.47
59,5,76.5,0.156,67.84
43,7,36.2,0.911,81.22
24,14,43.8,0.277,73.63
45,12,72.2,0.318,89.84
55,12,17.3,0.645,74.98
26,5,20.1,0.431,67.7
73,4,5.5,0.242,57.86
53,12,16.1,0.687,77.07
72,1,88.2,0.015,50.12
48,6,30.0,0.352,60.74
31,3,6.6,0.345,37.91
53,1,56.4,0.989,81.65
69,1,30.3,0.09,50.11
29,6,88.9,0.126,56.34
51,13,74.6,0.619,97.81
58,11,59.4,0.482,96.89
42,3,70.4,0.46,58.22
39,8,87.1,0.912,94.02
39,12,18.5,0.871,203.23
31,9,57.1,0.376,65.06
43,2,60.6,0.621,55.11
44,1,67.2,0.158,62.92
43,8,58.7,0.267,75.74
21,13,81.0,0.391,88.2
72,1,36.5,0.003,56.13
20,12,11.4,0.749,77.69
61,4,30.1,0.419,69.69
20,2,80.9,0.398,62.84
27,4,45.6,0.868,72.82
42,2,11.2,0.151,33.56
62,6,56.4,0.152,57.3
63,8,31.3,0.894,91.36
52,10,12.8,0.063,77.06
36,7,81.0,0.733,83.06
74,14,55.3,0.295,82.16
26,6,43.0,0.732,72.34
34,13,55.6,0.991,233.31
53,10,67.6,0.838,219.67
60,6,30.7,0.782,55.55
68,12,87.2,0.098,85.24
47,10,64.5,0.338,73.73
46,1,81.7,0.945,79.8
30,10,16.0,0.348,64.2
39,5,35.6,0.546,59.48
24,14,79.0,0.346,94.46
45,13,88.5,0.445,101.73
69,5,88.6,0.943,104.58
27,4,86.3,0.862,76.14
18,10,6.2,0.931,197.99
53,5,25.4,0.844,73.78
32,6,36.4,0.641,73.97
25,13,25.3,0.004,56.71
44,14,86.1,0.236,104.23
39,8,21.8,0.05,46.68
34,7,83.1,0.969,103.74
41,5,79.1,0.324,79.0
49,11,33.0,0.807,221.32
73,6,70.9,0.325,65.45
28,2,53.2,0.419,48.65
35,7,76.9,0.714,79.58
62,13,66.2,0.419,99.76
37,8,60.4,0.571,90.25
51,11,38.8,0.033,65.9
41,10,23.0,0.8,88.31
54,3,28.5,0.443,56.94
29,4,25.2,0.478,51.6
73,11,59.7,0.723,93.04
33,6,19.4,0.59,57.2
27,3,38.7,0.475,49.97
54,12,62.4,0.276,86.22
44,10,65.2,0.357,81.12
19,1,51.3,0.55,57.35
26,14,34.9,0.968,213.08
30,11,17.2,0.499,61.72
35,7,60.2,0.727,79.59
29,13,22.4,0.283,68.39
46,9,39.4,0.433,75.62
23,1,75.8,0.51,63.6
61,11,72.1,0.504,110.5
28,2,21.8,0.607,49.09
28,2,84.5,0.518,87.24
65,14,71.9,0.158,88.33
64,2,6.8,0.272,45.17
47,2,66.1,0.287,72.64
59,3,71.9,0.407,68.47
60,2,41.7,0.77,58.54
45,14,75.0,0.561,96.71
52,2,16.5,0.431,55.04
67,13,35.4,0.147,80.23
50,1,37.1,0.666,69.4
42,12,63.9,0.278,95.95
53,9,35.6,0.683,74.78
73,9,32.2,0.904,213.8
70,6,81.9,0.997,96.68
72,11,83.1,0.812,222.15
28,13,88.3,0.268,93.59
41,8,89.9,0.64,120.41
30,9,59.9,0.249,77.12
72,13,78.6,0.047,83.72
45,9,80.2,0.471,96.61
61,12,59.4,0.189,76.08
41,13,48.1,0.284,83.65
48,3,36.4,0.249,40.57
61,6,7.2,0.721,66.08
53,7,75.3,0.198,75.36
42,3,49.2,0.534,53.98
63,9,57.8,0.79,88.27
61,1,58.4,0.932,76.11
72,13,12.8,0.509,77.81
54,11,89.0,0.34,99.88
69,4,61.9,0.836,85.73
41,1,63.2,0.284,53.55
72,13,13.3,0.331,76.22
72,8,68.5,0.223,80.83
40,12,67.4,0.584,95.94
58,5,48.4,0.944,77.13
18,4,38.0,0.789,75.55
27,8,78.7,0.741,101.95
25,11,55.0,0.046,90.3
34,8,38.9,0.044,53.88
39,14,27.9,0.862,236.68
74,3,59.3,0.006,54.05
23,14,26.8,0.575,78.01
32,14,5.9,0.458,71.94
49,13,6.6,0.913,209.31
45,11,30.8,0.801,207.04
24,2,61.2,0.223,55.15
68,11,24.8,0.385,75.15
35,14,56.6,0.838,228.06
38,4,23.5,0.817,68.24
35,6,47.6,0.449,61.78
27,13,31.2,0.559,81.39
69,2,50.6,0.706,62.51
61,7,23.7,0.139,67.27
44,1,36.4,0.607,62.08
31,12,64.6,0.749,85.64
24,10,47.3,0.677,73.22
68,14,38.8,0.546,92.51
61,8,71.3,0.719,88.72
61,9,43.2,0.625,67.69
71,8,17.3,0.531,69.47
53,7,46.9,0.519,68.04
58,4,67.5,0.291,57.16
47,10,36.5,0.374,61.77
18,10,46.0,0.268,77.95
29,1,70.6,0.932,79.99
66,11,26.8,0.747,97.33
36,1,77.7,0.402,71.43
30,7,27.6,0.818,79.98
65,7,43.0,0.628,83.37
64,2,40.7,0.656,78.92
25,5,29.7,0.386,72.46
64,2,72.3,0.22,58.56
58,10,59.9,0.849,216.76
56,9,50.4,0.049,72.64
53,6,25.5,0.162,62.79
22,3,40.7,0.306,64.28
39,4,74.2,0.592,84.15
39,1,27.0,0.227,46.05
30,2,49.5,0.473,57.43
25,12,23.0,0.199,71.43
21,8,44.1,0.97,99.21
62,1,40.8,0.602,49.47
62,9,67.0,0.704,83.55
21,7,9.1,0.407,62.44
19,8,72.7,0.065,43.12
43,11,35.8,0.577,84.08
37,4,69.2,0.118,50.2
60,3,29.8,0.828,76.05
36,14,33.8,0.147,82.79
65,3,79.3,0.773,84.14
49,14,55.6,0.411,93.6
42,5,37.3,0.044,44.16
41,10,48.2,0.086,79.51
22,5,36.7,0.649,85.01
43,6,12.5,0.403,69.59
68,2,38.5,0.026,42.13
20,6,59.6,0.705,60.21
34,8,10.5,0.062,62.76
65,14,79.3,0.689,101.08
46,14,29.9,0.167,84.43
50,14,78.2,0.611,85.95
18,13,49.3,0.906,204.77
25,11,82.0,0.947,225.73
35,11,79.8,0.827,216.48
32,11,36.2,0.707,90.22
71,5,45.8,0.024,53.0
32,2,74.5,0.015,50.45
59,13,26.1,0.546,102.76
35,13,62.4,0.184,77.37
58,1,38.7,0.383,54.61
50,7,20.1,0.179,58.16
50,8,41.6,0.407,75.84
51,4,22.5,0.555,56.11
25,10,34.1,0.535,85.29
61,2,35.1,0.879,75.2
30,12,79.2,0.968,230.49
46,2,85.0,0.875,92.66
72,14,39.7,0.079,76.37
26,6,31.4,0.29,64.96
24,9,17.0,0.469,62.14
51,2,47.0,0.918,60.65
55,9,75.8,0.811,225.2
37,10,11.7,0.184,63.62
39,11,14.6,0.136,51.16
25,2,42.0,0.282,46.94
59,13,31.2,0.466,82.86
58,9,28.7,0.544,81.34
26,3,76.2,0.04,58.68
25,14,43.1,0.921,228.87
24,12,22.1,0.663,91.14
37,10,43.2,0.861,225.3
49,12,36.7,0.554,85.61
21,5,22.3,0.375,59.93
32,7,88.5,0.193,76.88
41,6,28.8,0.089,50.28
62,13,11.3,0.624,85.44
45,10,32.1,0.509,79.62
74,13,30.3,0.269,88.97
22,2,60.8,0.998,75.08
25,2,40.3,0.274,54.85
26,8,5.0,0.018,42.81
32,14,25.3,0.689,88.21
60,11,34.7,0.831,206.94
27,7,6.3,0.513,44.58
73,13,87.5,0.516,104.84
40,2,80.7,0.045,62.5
21,11,55.5,0.492,89.34
31,6,75.4,0.324,61.18
72,11,43.1,0.424,92.24
52,14,53.5,0.062,69.26
71,6,21.1,0.3,64.01
39,5,65.0,0.861,74.62
51,4,70.4,0.114,47.46
47,14,38.9,0.096,68.16
74,9,73.5,0.312,90.31
67,8,57.3,0.497,66.18
31,7,55.1,0.062,47.16
67,5,86.6,0.393,78.92
41,13,16.0,0.809,186.36
28,12,27.6,0.258,70.17
25,3,39.2,0.152,51.56
32,4,58.2,0.471,68.28
40,5,89.6,0.549,83.85
50,10,55.8,0.718,85.82
19,12,22.7,0.288,74.95
44,2,61.6,0.747,61.6
20,5,41.4,0.061,42.58
19,3,7.7,0.477,50.23
23,9,33.8,0.91,202.78
60,8,33.0,0.808,93.15
44,8,62.5,0.903,87.52
63,5,34.2,0.834,79.88
43,14,50.1,0.873,222.08
42,1,33.9,0.627,57.23
42,3,39.7,0.823,54.73
25,6,64.1,0.88,85.91
61,12,9.8,0.634,62.55
57,10,61.1,0.049,62.99
28,1,78.8,0.403,62.63
21,11,43.5,0.767,81.29
29,3,69.4,0.321,61.37
21,13,31.8,0.507,81.44
37,4,32.8,0.286,44.65
50,2,41.3,0.082,46.06
28,13,13.7,0.265,73.45
42,12,31.7,0.078,62.01
71,1,41.9,0.803,57.45
74,7,83.6,0.929,107.36
22,3,32.3,0.361,49.45
32,11,26.3,0.113,60.44
39,11,6.3,0.252,62.3
28,6,77.0,0.39,86.46
38,9,84.6,0.736,111.99
36,6,35.6,0.475,60.45
51,2,16.8,0.886,81.68
67,13,57.3,0.502,82.66
48,3,86.1,0.888,89.21
57,9,34.7,0.282,67.61
44,4,42.5,0.33,57.91
18,9,21.6,0.968,192.24
66,5,37.6,0.094,61.99
25,12,61.3,0.907,211.47
24,1,85.7,0.804,74.68
72,5,22.7,0.885,80.34
50,10,22.4,0.333,71.04
50,13,81.7,0.119,95.0
52,6,56.3,0.956,94.97
41,10,50.1,0.479,81.6
52,10,14.0,0.955,209.42
22,12,76.2,0.389,91.45
21,10,18.4,0.078,64.47
30,14,9.7,0.603,76.61
41,11,57.7,0.2,73.09
19,10,62.1,0.974,215.06
36,11,10.0,0.856,194.16
66,10,70.4,0.898,223.74
29,12,34.5,0.916,204.49
71,12,58.6,0.016,68.29
36,11,51.6,0.213,77.89
48,9,15.3,0.484,69.17
51,7,49.1,0.26,57.27
63,13,21.1,0.673,81.59
62,7,10.5,0.844,66.98
25,7,11.8,0.723,78.67
56,5,15.0,0.074,46.85
33,4,49.1,0.379,59.97
29,14,22.6,0.286,70.07
53,4,21.7,0.72,64.75
41,13,47.7,0.764,103.34
56,13,26.5,0.98,220.98
44,12,26.1,0.965,213.92
52,5,83.6,0.022,68.17
52,5,11.5,0.642,71.14
23,2,64.1,0.303,64.05
63,13,13.0,0.661,97.36
71,6,73.9,0.843,82.43
40,11,7.0,0.084,61.42
32,9,79.2,0.1,72.41
57,11,44.5,0.369,87.04
57,11,54.7,0.975,218.21
31,11,70.7,0.434,91.3
67,2,73.4,0.8,89.77
49,10,71.6,0.428,79.94
25,7,14.2,0.014,47.19
57,5,54.1,0.301,60.06
44,12,41.8,0.101,74.94
32,10,59.3,0.374,65.4
53,7,73.6,0.844,84.44
72,7,24.3,0.566,84.14
74,4,43.6,0.334,69.84
71,1,36.0,0.337,54.75
58,13,58.3,0.189,78.83
74,3,63.4,0.83,75.88
42,6,6.9,0.929,65.46
63,12,81.7,0.064,81.78
57,2,69.3,0.706,71.6
73,1,81.2,0.477,71.67
47,7,29.7,0.983,82.64
49,4,15.9,0.302,52.91
24,9,44.4,0.014,54.17
72,2,84.7,0.484,87.04
30,11,70.2,0.563,85.36
37,9,39.7,0.901,203.23
53,10,82.8,0.307,87.54
58,13,10.1,0.528,90.88
56,11,8.2,0.617,74.54
38,6,12.3,0.42,56.11
42,7,48.2,0.196,57.76
43,11,76.3,0.506,110.14
32,10,31.3,0.945,207.61
47,2,10.3,0.08,27.21
21,11,44.9,0.156,73.93
34,11,20.2,0.071,63.09
60,12,52.4,0.206,82.92
51,14,10.0,0.432,78.57
29,11,5.2,0.499,67.54
55,3,86.2,0.695,80.04
58,4,31.1,0.476,58.05
55,4,26.5,0.753,55.29
71,10,75.4,0.929,229.22
56,6,87.1,0.032,66.41
64,12,89.8,0.397,105.93
18,14,81.7,0.333,99.1
51,14,44.0,0.52,89.71
59,11,49.0,0.311,73.44
21,13,89.6,0.792,84.66
22,11,77.3,0.587,94.05
58,1,61.1,0.089,52.38
65,2,62.7,0.808,77.42
73,14,7.0,0.264,69.18
71,6,24.4,0.169,49.28
35,6,50.4,0.048,66.79
69,4,34.2,0.396,52.92
65,8,6.2,0.887,84.44
74,12,28.7,0.299,79.47
48,2,48.1,0.068,40.07
47,5,38.5,0.128,70.8
62,6,55.6,0.507,67.65
31,14,24.0,0.893,210.75
59,2,86.0,0.8,78.95
38,4,12.3,0.467,53.48
35,6,65.1,0.802,76.22
23,10,25.6,0.192,66.1
45,4,84.5,0.255,67.54
32,14,31.3,0.054,61.26
23,3,53.7,0.296,60.53
71,1,77.3,0.756,72.96
24,6,84.4,0.155,83.15
51,1,56.8,0.215,44.21
34,13,51.1,0.554,92.68
56,6,55.4,0.741,86.01
58,7,32.8,0.064,67.28
46,5,49.4,0.361,77.24
40,5,8.7,0.454,44.01
69,3,75.1,0.314,59.55
67,1,70.7,0.359,55.85
73,8,67.3,0.84,93.85
55,5,75.6,0.473,98.8
67,2,33.2,0.516,54.94
70,14,72.2,0.145,98.78
57,7,42.0,0.575,74.55
63,14,6.1,0.545,75.64
46,8,27.2,0.358,68.85
43,12,79.7,0.088,69.03
48,5,17.8,0.312,45.41
24,12,35.2,0.471,76.44
49,2,81.4,0.093,58.38
45,13,30.8,0.306,86.09
26,6,53.5,0.361,62.53
47,1,51.3,0.444,57.97
39,6,70.9,0.292,76.38
24,13,33.4,0.639,92.96
57,7,41.2,0.852,86.24
26,13,85.5,0.712,97.44
55,9,65.9,0.234,85.02
73,3,30.7,0.219,60.83
22,10,82.9,0.106,69.13
65,13,76.2,0.303,92.85
42,9,52.7,0.229,77.77
38,10,60.3,0.017,72.73
21,5,49.5,0.367,63.33
19,4,72.1,0.932,70.5
70,9,71.7,0.007,80.91
33,13,31.9,0.526,84.16
51,6,51.6,0.98,83.79
49,1,66.6,0.252,50.54
58,12,79.1,0.614,93.52
73,9,64.2,0.202,80.92
66,9,75.4,0.39,84.04
19,6,85.1,0.528,83.9
40,3,23.6,0.825,49.09
58,8,41.1,0.363,79.41
32,6,30.5,0.844,73.6
72,13,15.7,0.997,214.91
50,8,7.0,0.519,72.87
72,8,78.8,0.908,112.34
51,13,9.4,0.205,60.65
51,11,57.0,0.923,208.87
53,12,34.3,0.8,205.48
62,2,40.8,0.534,59.27
31,3,40.7,0.055,46.2
56,14,10.2,0.837,209.93
42,12,9.9,0.62,77.18
19,6,40.8,0.51,59.81
44,10,64.3,0.921,218.55
33,2,44.5,0.2,50.86
74,11,17.0,0.465,76.59
71,3,37.6,0.152,51.19
19,11,16.2,0.436,61.27
23,13,41.7,0.149,89.8
61,13,68.3,0.556,110.05
27,1,17.8,0.597,43.64
19,8,25.7,0.093,63.7
53,14,12.2,0.492,70.78
26,3,87.0,0.379,73.02
69,11,9.9,0.287,63.57
44,11,30.6,0.941,209.43
38,5,53.8,0.518,79.06
18,5,70.6,0.94,81.86
52,13,39.7,0.144,79.74
27,11,22.1,0.305,54.29
73,2,17.9,0.512,61.02
59,3,39.0,0.955,82.86
65,11,20.5,0.579,100.32
19,5,78.6,0.723,84.89
18,4,69.7,0.785,69.97
30,7,34.7,0.666,71.04
56,11,34.7,0.002,60.75
45,11,31.2,0.072,55.01
24,1,28.4,0.095,42.99
64,3,40.4,0.381,47.52
72,11,72.9,0.231,78.19
51,7,82.3,0.916,101.27
59,9,59.3,0.222,69.23
58,10,9.0,0.965,203.88
69,12,16.8,0.269,70.88
72,14,63.8,0.066,87.97
46,8,32.7,0.1,63.34
57,3,74.5,0.215,66.48
21,12,50.1,0.261,61.78
45,9,46.6,0.086,63.13
29,6,12.9,0.231,44.67
65,5,59.2,0.612,72.35
22,12,69.5,0.739,96.49
58,7,54.4,0.597,79.47
61,13,30.6,0.55,88.91
48,12,25.6,0.142,66.28
68,1,42.5,0.355,49.71
24,8,15.6,0.067,59.21
43,10,10.2,0.592,73.89
29,1,5.4,0.63,50.33
65,5,67.5,0.314,56.97
31,9,34.1,0.794,67.68
30,13,5.7,0.248,65.12
37,11,7.0,0.993,200.08
42,14,17.7,0.704,94.62
74,14,62.1,0.737,115.43
41,10,51.3,0.133,73.08
50,11,60.7,0.341,82.99
45,5,14.0,0.65,58.09
42,12,53.0,0.028,74.92
19,11,82.8,0.361,82.6
23,7,85.3,0.984,93.47
27,10,24.6,0.091,65.55
36,5,67.3,0.752,88.32
24,3,7.2,0.167,44.67
54,8,81.1,0.419,86.08
54,5,11.0,0.029,47.38
40,8,84.2,0.11,70.85
45,2,52.9,0.348,68.5
63,13,35.9,0.387,70.34
74,7,55.8,0.276,70.04
18,14,34.0,0.32,76.34
54,4,32.8,0.558,65.47
45,3,66.3,0.003,37.59
29,5,31.7,0.78,71.23
20,7,81.3,0.648,70.11
24,7,7.1,0.623,56.15
64,13,29.4,0.701,88.1
56,11,29.7,0.283,72.13
62,5,11.0,0.191,44.09
64,12,48.1,0.719,85.87
57,7,31.2,0.689,73.97
25,4,79.6,0.561,80.31
48,6,73.7,0.365,77.22
47,3,16.2,0.091,41.97
74,1,81.9,0.798,85.96
72,9,39.8,0.836,212.42
31,8,59.4,0.963,82.75
69,9,73.5,0.824,224.27
70,13,64.8,0.511,106.8
24,7,66.5,0.114,79.84
51,10,50.2,0.995,200.9
46,12,78.4,0.96,252.87
49,2,80.9,0.373,76.2
67,4,13.7,0.956,69.92
53,5,11.2,0.441,57.4
52,13,89.6,0.311,96.57
38,6,77.3,0.15,61.37
19,8,29.4,0.024,65.64
64,5,31.6,0.62,69.75
37,11,6.2,0.159,50.02
38,2,26.2,0.009,35.77
34,5,77.9,0.022,70.59
46,11,43.6,0.353,77.01
37,1,13.6,0.421,59.26
57,11,28.5,0.454,75.51
73,10,73.4,0.499,91.2
55,10,88.8,0.986,217.18
64,6,67.1,0.848,77.03
48,9,66.8,0.361,72.16
74,7,39.2,0.808,80.1
60,10,51.2,0.753,87.05
63,11,68.4,0.033,73.78
31,9,86.4,0.475,95.04
73,7,64.4,0.378,66.21
68,10,54.4,0.228,75.33
41,12,72.1,0.339,88.2
55,12,59.4,0.263,85.25
71,4,26.1,0.041,48.75
72,1,79.6,0.321,72.73
49,8,85.9,0.622,83.92
70,9,67.4,0.813,229.47
64,6,59.8,0.606,86.43
29,11,14.2,0.454,70.15
29,3,40.8,0.169,49.36
43,7,62.2,0.824,87.29
67,8,8.1,0.318,58.0
53,4,81.9,0.44,86.19
40,7,32.8,0.624,79.66
26,7,16.2,0.676,75.02
71,9,64.4,0.688,86.89
68,10,78.2,0.703,102.33
35,8,54.4,0.775,101.63
40,2,56.2,0.344,47.19
40,5,63.3,0.672,84.22
66,4,77.7,0.182,71.45
47,4,81.2,0.967,96.87
25,14,80.7,0.315,97.66
68,8,57.9,0.805,95.63
52,7,60.2,0.305,89.58
59,8,6.9,0.065,53.04
62,2,17.7,0.018,41.21
32,4,10.6,0.389,57.22
56,5,13.3,0.514,44.55
46,6,70.4,0.02,64.01
36,5,5.5,0.276,53.54
66,1,57.4,0.646,67.36
74,14,88.4,0.387,101.08
68,2,49.7,0.679,83.74
68,9,58.3,0.871,212.49
60,2,6.9,0.835,62.98
24,11,36.7,0.556,81.87
36,3,10.0,0.865,66.81
53,4,20.8,0.453,70.96
70,10,71.9,0.204,93.73
37,13,48.8,0.017,71.16
39,10,38.7,0.302,69.34
74,11,64.7,0.346,96.87
59,12,35.2,0.108,69.07
49,5,71.9,0.628,77.76
63,7,22.8,0.001,52.41
29,13,14.5,0.175,65.62
57,10,87.8,0.384,81.64
38,7,5.8,0.424,53.14
21,9,61.0,0.174,68.16
55,4,31.7,0.066,37.79
30,3,53.7,0.938,74.14
33,4,73.7,0.295,64.42
62,5,34.1,0.085,58.95
62,10,76.6,0.184,90.28
55,13,53.2,0.469,100.94
44,14,70.2,0.858,249.46
66,1,13.9,0.355,45.54
60,8,86.3,0.881,97.05
58,1,68.0,0.416,67.82
66,11,14.8,0.349,71.02
57,8,28.6,0.689,74.21
73,8,77.3,0.689,95.56
68,8,37.8,0.298,69.03
62,14,81.3,0.408,94.26
70,9,26.9,0.546,68.01
50,3,63.7,0.739,67.83
34,6,52.2,0.853,76.07
58,9,71.9,0.054,81.43
65,11,13.1,0.049,68.27
36,4,63.3,0.336,70.64
73,6,30.2,0.697,70.46
19,13,75.1,0.556,87.35
24,7,25.7,0.009,66.89
56,13,61.6,0.259,92.18
43,10,67.6,0.196,76.15
22,10,34.6,0.599,71.22
48,13,55.7,0.777,106.91
68,11,68.5,0.009,77.88
50,3,84.2,0.174,65.36
68,1,9.0,0.091,32.57
67,6,21.8,0.179,55.62
20,7,72.1,0.879,86.73
18,6,15.8,0.625,67.8
24,8,76.4,0.578,98.67
21,1,6.1,0.032,40.58
73,1,50.0,0.814,46.49
62,13,69.8,0.013,89.26
69,9,20.7,0.847,212.7
33,11,61.9,0.487,78.7
70,2,20.0,0.054,43.21
44,6,64.9,0.172,62.36
57,7,13.5,0.937,68.08
26,4,74.9,0.485,62.61
31,5,64.5,0.998,78.27
72,4,73.9,0.545,69.86
36,11,50.0,0.701,103.8
46,7,52.5,0.07,58.45
58,9,68.1,0.331,79.25
21,5,62.8,0.098,58.11
20,1,38.5,0.543,56.44
69,8,60.3,0.464,88.49
19,9,18.6,0.974,195.22
51,8,55.8,0.357,67.94
58,12,64.7,0.204,88.93
32,8,22.4,0.469,80.2
46,8,24.3,0.953,91.56
23,12,66.3,0.616,107.41
62,13,26.1,0.485,85.11
19,11,37.9,0.147,66.28
46,13,89.3,0.516,111.99
67,2,47.6,0.698,68.11
39,3,15.9,0.95,68.21
24,2,73.6,0.86,69.01
44,8,88.8,0.004,77.39
30,9,32.0,0.831,212.21
74,8,51.9,0.882,81.31
49,7,54.9,0.195,61.48
36,7,52.5,0.078,76.54
21,1,16.5,0.106,37.69
48,8,12.4,0.67,67.51
59,5,39.1,0.586,78.38
32,5,56.0,0.191,47.27
54,3,14.1,0.994,66.11
73,7,22.8,0.059,57.27
55,8,79.4,0.228,76.41
21,3,32.2,0.038,47.3
38,4,35.5,0.295,52.94
43,5,83.8,0.704,78.37
34,14,79.9,0.936,238.23
71,11,5.6,0.798,88.71
61,13,75.4,0.005,89.94
54,9,49.3,0.876,216.2
73,1,36.9,0.273,61.97
31,4,45.1,0.292,60.89
51,10,19.9,0.538,82.4
44,12,63.6,0.518,86.25
70,13,46.0,0.233,81.85
52,12,17.4,0.765,92.78
27,5,60.6,0.492,66.74
69,4,22.0,0.691,64.43
61,14,23.8,0.12,79.15
45,12,62.6,0.981,225.83
31,3,27.2,0.406,47.34
28,3,31.1,0.846,80.86
33,3,17.6,0.531,49.02
56,11,46.9,0.369,89.27
19,3,29.7,0.011,45.2
48,5,60.7,0.974,83.15
71,5,81.8,0.821,88.55
43,3,80.4,0.752,90.88
26,9,53.5,0.504,85.99
72,3,84.4,0.043,65.95
31,12,75.4,0.208,71.8
39,1,63.8,0.481,61.19
37,2,5.6,0.028,28.73
51,14,27.4,0.024,59.62
42,1,50.8,0.969,56.99
67,14,68.6,0.204,102.52
64,3,26.7,0.496,52.46
21,8,27.5,0.333,59.84
22,13,23.1,0.083,59.6
66,7,26.5,0.907,97.2
22,14,30.7,0.477,94.39
73,11,53.3,0.827,232.46
30,11,39.2,0.97,208.21
20,5,49.1,0.809,85.73
68,2,80.4,0.809,75.25
50,6,18.3,0.922,75.43
65,2,68.9,0.756,83.23
32,3,14.5,0.469,39.08
69,6,34.6,0.09,58.28
25,11,65.4,0.763,100.08
46,10,48.5,0.588,82.45
28,1,12.9,0.068,32.23
18,10,13.8,0.04,55.08
25,14,24.8,0.991,219.45
52,10,68.7,0.85,213.25
22,1,39.5,0.779,59.94
33,3,50.1,0.465,52.31
67,3,42.2,0.098,44.06
25,12,7.6,0.589,76.03
42,3,67.8,0.339,76.6
35,12,47.3,0.258,83.11
26,13,39.6,0.195,70.38
59,6,26.5,0.092,41.95
57,11,58.0,0.916,220.16
51,5,69.7,0.727,92.44
69,9,89.0,0.93,218.59
60,2,59.4,0.976,77.56
28,2,23.1,0.805,62.66
53,4,71.6,0.513,68.32
69,14,7.2,0.697,86.36
51,3,27.4,0.483,65.6
57,1,6.8,0.754,56.76
49,7,35.3,0.747,80.29
47,8,45.7,0.146,64.38
62,9,15.4,0.029,61.37
40,14,85.1,0.781,114.63
56,13,78.7,0.664,99.92
60,1,61.6,0.609,58.4
56,6,36.8,0.044,58.96
23,13,8.3,0.101,68.26
37,4,80.4,0.913,87.01
64,3,38.5,0.093,42.88
30,12,81.7,0.631,90.11
42,1,70.3,0.72,66.73
62,2,6.4,0.353,39.49
62,1,5.7,0.168,50.62
54,4,68.3,0.726,85.8
43,7,82.9,0.896,88.72
61,10,19.3,0.065,63.63
